:020000040800F2
:10400000C0050020F9C800080D4F0008054F000842
:10401000074F0008094F00080B4F00080000000080
:104020000000000000000000000000000F4F00082A
:10403000114F000800000000134F0008154F000842
:1040400041C9000841C9000841C9000841C9000828
:1040500041C9000841C9000841C9000841C9000818
:1040600041C9000841C9000841C9000841C9000808
:1040700041C9000841C9000841C9000841C90008F8
:1040800041C9000841C9000841C9000841C90008E8
:1040900041C9000841C9000841C9000841C90008D8
:1040A00041C90008214F000841C9000841C9000862
:1040B00041C9000841C9000841C9000841C90008B8
:1040C00041C9000841C9000841C9000841C90008A8
:1040D00041C9000841C9000841C9000841C9000898
:1040E00041C9000841C9000841C90008000000009A
:1040F00000000000000000000000000000000000C0
:1041000000000000000000005FF808F12DE9F04712
:1041100085684668089FB54203D2761BB6FBF7F662
:1041200003E0AE1BB6FBF7F6F6430468AC4600238B
:10413000BB4223D011F80380B444B8F1000F18BF7C
:1041400000244FEA5C0844444FEA1449444449F3CC
:10415000C03A4FEA14488AEA490948F3C03A8AEA61
:104160004808A9F50049A8F5004848F34E0849F366
:104170004E09C84422F813800133D9E703FB0653E4
:1041800004608360BDE8F0872DE9F04785684668E4
:104190009246B542089F036803D2761BB6FBF7F63A
:1041A00003E0AE1BB6FBF7F6F643AC460024BC4278
:1041B0001BD00A5DB4440AB9634400E000230E4AF0
:1041C0004FEA136932F81980023232F919900FFA66
:1041D00088F2C2EB0902C3F30F2909FB02F208EBD4
:1041E00022482AF814800134E1E704FB06540360F6
:1041F0008460BDE8F08700BFC28101082DE9F04F5F
:104200008368446889B0A342D0F800C004D2129DEC
:10421000E41AB4FBF5FB05E0129E1C1BB4FBF6F49C
:104220006FEA040B129D47F6FF74B0F91090B4FBCF
:10423000F5F4B0F90E50129EC9EB050565430E4426
:10424000CDF810900595069603950293069DA94218
:104250006DD0039DDDF810A04FF4F0460AEBE53475
:10426000DDF80890664311F8014BD944002C4FEA61
:10427000590718BF4FF0000CBC444FEA1C4444F3EC
:10428000C03585EA4404F613A4F5004406F500663B
:1042900036B2CDF808900FFA84F906FB09F94FEA17
:1042A000E939A9F50049274C1FFA89F94FEA292A6B
:1042B00034F81A80A51C35F91AA00096BC440FFAF0
:1042C00088F6C6EB0A0A5FFA89F94FEA1C47CDF86F
:1042D0001CA009FB0AFA47F3C03989EA4707A7F58A
:1042E0000047DDF800903FB209FB07F6F61308EB34
:1042F0002A28A6F5004648F34E08B6B2A2F8008078
:10430000371234F8174035F9177025B27D1BF6B215
:104310007543DDF80CA004EB2525059C45F34E05FF
:10432000A844A24422F8028BCDF80CA08EE7129E7E
:10433000C28906FB0B3302828360C0F800C009B05B
:10434000BDE8F08FC88701082DE9F04F8BB00492CB
:10435000836842680568934204D2149CD21AB2FB67
:10436000F4FB05E0149E9A1AB2FBF6F26FEA020B18
:10437000149C47F6FF72B0F91070B2FBF4F2B0F97A
:104380000E40149EE41B54430E4405970794089670
:1043900003940293089FB9427DD0029FDDF80CC0C0
:1043A000DDF814A05F440AEBEC3202974FF4F047BB
:1043B000574311F8012BFF13002A029A18BF00255A
:1043C0004FEA520C6544394C07F500672E0E3FB298
:1043D00034F816200697A71C37F9168016B2C6EBDC
:1043E0000806C5F30F2808FB06F6DDF818A002EB57
:1043F00026460FFA86F90AFB09F94FEAE939A9F5C9
:1044000000492B4A1FFA89F94FEA292A32F81A8003
:10441000961C36F91A700FFA88FACAEB07075FFA8A
:1044200089F909FB07FA049F08EB2A2A4AF34E0A86
:104430006544A7F800A04FEA156C1E4F34F81C40E5
:1044400037F91CC027B2C7EB0C07C5F30F2C0CFBC8
:1044500007F7DDF818C004EB27473FB20CFB07F461
:10446000E413A4F50044A4B2271232F8172036F959
:10447000177016B2E4B2BE1B664302EB262646F363
:104480004E06B244049A039C079E22F802AB3444C1
:10449000049203947EE7C28905600282149A02FBAB
:1044A0000B3383600BB0BDE8F08F00BFC281010801
:1044B000CE8D0108C4810108B0F90E302DE9F04F0E
:1044C000C3F5FF43B0F916407F3304EB63034FEAB3
:1044D00083199B120E2B28BF0E23DD1C0133244CA5
:1044E0000F2B08BF0E23033354F8255054F82360D4
:1044F0001FFA89F90023099CA34236D090E8900066
:104500003C440460CC5C0CB10024046007683C0EA1
:104510004FEA440C35F814800CF1020C35F90CB05C
:104520000FFA88FAC7F30F27CAEB0B0A07FB0AFA40
:1045300036F8144008EB2A4836F90CA00FFA84FC30
:10454000CCEB0A0C07FB0CF71FFA88F804EB2744A6
:104550000FFA88FC24B2CCEB040409FB04F408EB4A
:10456000244822F813800133C5E7BDE8F08F00BF6F
:10457000740300204FF6FF73984228BF184640434B
:10458000800C70474FF6FF73984228BF18461B1ADD
:104590005B43980C404270472DE9F04F8BB0089276
:1045A00098468268436804469A42049204D29B1A51
:1045B000149AB3FBF2F305E0049AD31A149AB3FBEE
:1045C000F2F3DB430793149B0691D4F818B0194417
:1045D000049D0991069A099B9A4200F0D280B4F991
:1045E0000E304FF4404A0AFB03FA069A079912F874
:1045F000016B0D44EB00534528BF9A46069276B3F3
:10460000013E76022268C6F57F43FF332F0C07FB7D
:104610000323934206D3217B31B9534534BF002194
:10462000012102E0012100E00021524505911AD349
:10463000B4F912703046BF10A7F50067BFB2A78269
:104640003FB2A7EB9347FFF795FF78430BEBE03BB7
:104650003046FFF797FF78430123C71305E005961F
:104660003346374601E00123002721682944A94247
:1046700021602CBF00220122B8F1000F0AD008F1FE
:10468000010052B14FEAD51CB1FBFCF1013188F8B1
:1046900000108046290CD94608E088F80020F8E789
:1046A000002B58D1207B28B1207B58BB05980028CF
:1046B000F8D1F5E7206850454CD3CAEB000CB4F8AC
:1046C00014B0BCFBF1FCCBEB904B60460091029226
:1046D0000193CDF80CC0FFF74DFF0FFA8BFB00FBE9
:1046E0000BF0DDF80CC009EBE0396046FFF74AFF3C
:1046F00000FB0BF007EBE03701202073019B029ACF
:104700000099D1E732B3B4F912B00091CBF38F0B1B
:10471000ABF50062A28222680193B2FBF1F210466F
:104720000292FFF727FFABF58F4BABF17F0B0FFA30
:104730008BFB00FB0BF0029A09EBE0391046FFF708
:1047400021FF9DE80A0000FB0BF0002207EBE03799
:104750002273ABE71BB14E4300232660237323680B
:1047600008995345A9F5005938BFB4F914B04FEA78
:10477000490928BF4FEA934B21F8029BBB4408919B
:1047800028E707981499049AC4F818B001FB00238D
:10479000A3600BB0BDE8F08F2DE9F04F8BB008920D
:1047A00098468268436804469A42049204D29B1A4F
:1047B000149AB3FBF2F305E0049AD31A149AB3FBEC
:1047C000F2F3DB430793B4F90E300691B3F5FA4FD9
:1047D000C4BF4FF4FA43E381149BD4F818B01944D2
:1047E000049E0991069A099B9A4200F0A480069AB9
:1047F000B4F90E30079912F8015BC3F500430E447B
:104800004FEA034A06921DB3013D6D022168C5F5CA
:104810007F42FF32300C00FB02128A4206D3217B1A
:1048200039B9524534BF0023012303E0012105912A
:1048300001E00023059352450ED32846FFF79AFE68
:10484000C0EB0B0B2846FFF79DFE0122474205E017
:1048500005952A462F4601E00122002720683044B2
:10486000B04220602CBF00210121B8F1000F0AD016
:1048700008F1010C59B14FEAD619B0FBF9F001303B
:1048800088F80000E0464FEA164CD94608E088F860
:104890000010F7E7002A38D1207B28B1207BE8B947
:1048A000059B002BF8D1F5E7206850452CD3CAEBC7
:1048B000000BBBFBFCFB584603910292CDF804C0F1
:1048C000FFF758FE81445846FFF75CFE074401207D
:1048D0002073DDF804C0029A0399DFE7A1B12168D3
:1048E0000292B1FBFCFB5846CDF804C0FFF742FE34
:1048F000C0EB09095846FFF745FE00213F1A217316
:10490000DDF804C0029ACBE722B10CFB05F50022CA
:104910002560227322680899A9F5804947F6FF7B34
:104920004FEA4909524538BF4FF0000B21F8029B6E
:10493000BB44089156E707981499049AC4F818B034
:1049400001FB0023A3600BB0BDE8F08F2DE9F04F11
:104950009846D0F80890436887B099450446049279
:1049600005D2109AC9EB0303B3FBF2F305E0109AEA
:10497000C3EB0903B3FBF2F3DB430293109BA7697C
:104980000B448A4605934D46059B9A4568D002998B
:104990001AF8016B0D4416B3013E76022268C6F583
:1049A0007F43FF334FEA154B0BFB032B93452CBF83
:1049B0000022012230460392FFF7DCFD4FEA5B4BF9
:1049C00000FB0BF0A7EBE0373046FFF7DBFD00FB09
:1049D0000BF04FEAE03BCBF1000B012302E0039622
:1049E0003346B34621682944A94221602CBF0022E6
:1049F0000122B8F1000F0DD008F101003AB14FEAE1
:104A0000D51CB1FBFCF1013188F8001001E088F8F9
:104A100000208046039901B993B982B121682A0C1C
:104A2000B1FBF2F2104600930192FFF7A3FD019A49
:104A30003F1A1046FFF7A6FD009BC0EB0B0B23B1FE
:104A40002B0C5E43002326602373049AA7F580474E
:104A500023687F0022F8027B04920BEB534793E715
:104A6000029A1099A76101FB0293A36007B0BDE809
:104A7000F08F2DE9F04F8BB00892D0F808B0426863
:104A8000044693451F4605D2149BCBEB0202B2FBB2
:104A9000F3F205E0149BC2EB0B02B2FBF3F2D2433C
:104AA000B4F90E00149BB0F5806F0792B8BF4FF4B5
:104AB00080600591A2691944B8BFE08109915E4602
:104AC000059B09998B4200F0B180059B0799B4F9C9
:104AD0000E9013F8015B0E444FEA09490593002D2F
:104AE00034D0013D6D022068C5F57F41FF314FEAAA
:104AF000164808FB0101814206D3207B30B94945A5
:104B000034BF0023012302E0012300E00023C9EBAE
:104B10000100890C01EB9041C9F100082846C1EB66
:104B2000984804930292FFF725FD00FB08F0029AD3
:104B300002EBE03228460292FFF724FD00FB08F06A
:104B400001214FEAE0380691029A02E004950695A9
:104B5000A84620683044B04220602CBF00210121CB
:104B60004FB107F1010C51B14FEAD61AB0FBFAF080
:104B70000130387067464FEA164C924608E03970AB
:104B8000F8E7069B002B3CD1227B2AB1227BFAB9A5
:104B9000049A002AF8D1F4E722684A452FD3C9EBDA
:104BA0000202B2FBFCF210460391CDF804C002925F
:104BB000FFF7E0FC029AAAEB600A1046FFF7E2FC5E
:104BC0000122A8EB60082273DDF804C00399DDE739
:104BD000A9B12268CDF804C0B2FBFCF210460292E3
:104BE000FFF7C8FC029AAAEB600A1046FFF7CAFC5E
:104BF0000021A8EB60082173DDF804C0C8E706991E
:104C000021B10CFB05F50022256022732168AAF56D
:104C1000804AC9EB01098A0C08994FEA4A0A02EB5B
:104C2000994221F802AB4244089149E7A2610799F1
:104C3000149A02FB01B3A3600BB0BDE8F08F000033
:104C400010B543F6FF739942A8BF1946A1F58041FC
:104C5000002311F5C06103F10103FAD407480C11D8
:104C600050F82420013450F8240001F00F01801A7C
:104C7000414302EB2110D84010BD00BF3879010834
:104C80002DE9F74F067F9A461F4B934653F836702F
:104C900003EBC602437F0446B3428946D2F8048040
:104CA0000FD0012343604CF20103002583824FF4AF
:104CB000F053056005730582C5814582C382856115
:104CC0004677B4F9165020462946FFF7B9FFB5F5E7
:104CD000804F606002DD4FF4804302E0002D01DA76
:104CE0000023E38218F0010F4FEA680016BF235833
:104CF0003D46DD590C9B2044009349465A46534695
:104D0000A84703B0BDE8F08F0000002070B54FF455
:104D1000F053002501264CF201020446A0F86C2055
:104D2000A0F86E30A0F88C20A0F88E30A0F8AC204F
:104D3000A0F8AE308565C66580F86450A0F868506C
:104D4000A0F86650A0F86A5005678567C66780F8C6
:104D50008450A0F88850A0F88650A0F88A50C0F877
:104D60009050C0F89850C0F89C6080F8A450A0F80B
:104D7000A850A0F8A650A0F8AA50C0F8B050C4227D
:104D8000D830294607F054FE40F6FD734FF48452A4
:104D9000C4F8A031C4F8B431C4F8C831C4F8DC3167
:104DA0004FF48043C4F89C51C4F8A451C4F8A851EE
:104DB000C4F8B051C4F8B851C4F8BC51C4F8C451D7
:104DC000C4F8CC51C4F8D051C4F8D851C4F8E0515B
:104DD000C4F8E451C4F80052C4F80452A4F8EE2117
:104DE000A4F8F03184F8EC61C4F8F45184F8086256
:104DF000C4F82052C4F82452A4F80E22A4F81032A9
:104E000084F80C62C4F8145284F82862C4F8405242
:104E1000C4F84452A4F82E22A4F8303284F82C624C
:104E2000C4F8345284F84862C4F8B85084F8D460A6
:104E300084F8D3606565A580E58070BD2DE9F74FE6
:104E4000C1F3C22B0BF1010B4FEACB1BC1F30417CB
:104E5000C1F341230BFB0BFB01F00F01C90203332C
:104E6000C1F57F454FEA872A00220193FF350AF5F5
:104E7000005A13469CB26443A4F5004424B24C4348
:104E8000A3F180084FEA082805FB08484FEA2848A4
:104E900008FB08F696FBFBF688EAE87CACEBE87CBE
:104EA0001036B6B20CFB07FC4FF48004803694FB3E
:104EB000F6F60AFB08F4DFF848805FFA82F938F961
:104EC00019804FEA6C1C0CF5005C94FBFCFCC6F5E9
:104ED0007F4406FB08F60FFA8CFCFF3404FB0C64DD
:104EE000241440F823400133019CB3F5807F224411
:104EF000C0D1D0F8FC33C0F8003403B0BDE8F08F67
:104F0000C2810108FEE7FEE7FEE7FEE77047704753
:104F100070477047014806F0C7BA00BF3C490020FF
:104F2000584BF0B51A8AD20740F1AB804FF6FE72AB
:104F30001A82554A554B11681B68182202FB03124E
:104F4000534B4FF4805033F81230524AC3F50043AC
:104F50009BB210615061180AA2F55442908100BFC3
:104F600000BF00BF00BF00BF00BF00BF00BF00BF49
:104F700000BF00BF00BF00BF00BF00BF00BF1B02DB
:104F80009BB29381444B454A9D68107885F010058B
:104F90003E4BC5F30015157000281A680CBF284653
:104FA0000020182505FB02123D4D0131A8543D4A51
:104FB00017291578344C40EA05001070154601D8C1
:104FC000216006E0002222601A68013202F003022A
:104FD0001A60354B9A68012A21D00BD3022A26D1B8
:104FE000324C0021A28902F00F0212021A80A18124
:104FF00099601CE02D4C1988A2890A43596892B225
:1050000003EB41061A80B281224E01221144326123
:1050100001F0030172610626A681596006E0234A69
:1050200091895968890189B2918102229A605B68ED
:105030001D4A33BB9468012C23D11D4B518AD7895B
:10504000168A9289A3F8B610A3F8B020A3F8B2701C
:10505000A3F8B460174948B1174B5B7913B104FA50
:1050600003F39BB201330B8000232B700B8843B1F9
:10507000013B104A9BB213801BB9104B01221A70DE
:10508000F0BDF0BD002C0140784F0020404B0020C7
:10509000C2050020000C014000080140284A002001
:1050A000820600206C4B0020484B0020003001405D
:1050B0003C490020C0050020884F0020454B0020BF
:1050C000012210B540F2ED212A4806F0CBFC2A4817
:1050D00004F01AFD294806F01DF8294B0021294843
:1050E000196006F0CFFA284806F024FC274806F09D
:1050F0002DFB2748FFF70AFE264804F0FFFB264851
:1051000006F02CFC254B264A03F16000A2F1300189
:10511000914203D0002421F8024BF9E7A3F11801D2
:10512000994203D0002401F8014BF9E701F118037B
:10513000834202F13002E9D11A4B02221A601A4B63
:1051400000241C60194B4FF6FF721C60184B194865
:10515000DC811C829C609A81174B1968FFF76EFEF8
:10516000164B04489C60DC605C601C60BDE810402D
:1051700006F0BEBC444B0020884F00203C49002074
:10518000BC4F0020484B0020284A0020844F0020BC
:10519000E40600202C4A00207C4F00209A060020C4
:1051A000F2050020404B0020244A0020784F0020C8
:1051B000004A0020704B0020ECF7FF1F5C4B0020E2
:1051C0002DE9F04F944C954BE17BA27BC900D200B6
:1051D000934D53F8222053F821302A606B606B699D
:1051E000296A55F8232085B011449142296212D2D0
:1051F00001336A8BDBB2022B1ABFC2EB02421214DC
:105200000022AA83AA8B6B612A8305EB4302928951
:1052100000236A832B626A69814B55F82220C2B150
:10522000186A804E010E36F81120023636F8111039
:10523000C0F30F20891A41435E8B02EB114189B202
:10524000C1F57F427143188BFF3202FB001212142A
:105250009A83A279B5F81C806F4B734F734E82B35B
:105260001B6AB7F91220DFF8ECE1D21ABEF8003061
:1052700092B218B211B200F1020C614502DC0238A0
:10528000814202DAAEF80020134639221BB25343A2
:10529000227802EBE323372BD8BF23EAE37344F2EF
:1052A0005422D4BF9BB23823B15CDBB2994203D005
:1052B0005E49012081F8D400B3545D4A82F8BA30C7
:1052C00009E044F25422B15C1B7899421CBF0121D1
:1052D00086F8D410B354238DB989B4F92400594306
:1052E000E37800EB2131B7F80EC008FB03F3608DC3
:1052F00094F811E00CFB00F008FB0EFE01EB5313D9
:10530000B4F926C047F6FF718B42A8BF0B4623EACB
:10531000E3730CEB2030ADF80C3000EB5E10338003
:10532000E3798842B8BF014621EAE17113F0FB0F2F
:105330007180394A398A05D1D3699269594302EBA0
:10534000213113E0012B05D1D369A1F266615943E4
:10535000091306E0032B07D0A1F2666101EBC1013E
:10536000491001F5F05101E04FF40A51227D314816
:105370003C32D20104F026FBA379DFF89C9063B99C
:10538000798A99F80770D9F82020032F04D08B1A56
:105390004FF4F05253431B131844274B21791A88BA
:1053A00029B112B2821A3F327E2A00F20B81234ABF
:1053B000188023491368E77A01FB03FE214B7344ED
:1053C00013609AB2204B7AB91A6851431D4A0A44B5
:1053D00059681A60120C02FB02121C495A60120E24
:1053E00031F9122012029A60D9689A68521A01EBB8
:1053F0002242DA607A43164B00EBE2401A785ABB3D
:105400005A885968A2F50042C1EB022201EB222220
:105410005A60131221E000BF884F002020DA0008F4
:10542000004A00202AE80008484B0020E40600203B
:105430003C4900202C4A0020744F0020BC0300206F
:105440000D6619005FF36E3C5C4B0020C2810108C1
:105450007C4F0020864F00200023217C00EB23237B
:1054600008FB01F003EBD010A37A80F30E007BB1B0
:10547000800080B2584F021237F81230023737F8E6
:10548000122000F0FC00D21A504303EB202080B21F
:10549000E279237A042A514AA3F1020318BF0022B9
:1054A0004FF4C06707FB03234D4A80B218441378BA
:1054B00030815BB14B4B012083F8D400AB8B2B8345
:1054C000AB896B8300236B612B621370464B474A99
:1054D0001868182505FB00251A68454B4FF0300960
:1054E00009FB0239A27C434B002A6FD1DA78002AEB
:1054F0006CD15B7C002B69D1002967D129464A46D3
:105500001823384804F0E2F9A2783B4B277B33F8A4
:1055100012606278394B7F4333F812B0A27C4FF6A9
:10552000FF73002A08BF9846354BC7EB07371D8825
:105530000023CDF80480BFB2A9F102021946B3FBE3
:10554000F6F006FB103010B951880BEA010108B2E1
:1055500068430014A0F50048DDF804C01FFA88F87D
:10556000DFF8A4904FEA282AC5EB0C0459F82AC0AA
:105570000AF1010A59F82A905FFA88F8CCEB090978
:1055800008FB09F80CEB282C0FFA8CFC07FB0CFC31
:1055900005EB2415C7F57F44FF3481B204FB00C03E
:1055A00001330014182BADB222F8020FC7D1144BEF
:1055B0001D800D4B1A68013202F003021A6005B01B
:1055C000BDE8F08F0F4A01211170F0E62846002156
:1055D000182207F02DFA91E7EC9E010800EEFFFF7C
:1055E000454B0020E4060020244A002082060020CB
:1055F000C2050020884F0020DED20008D0D200086B
:105600006E4B00206C4B0020704B002010B5FFF754
:1056100057FD0F4B0F4A5B7A117899420BD0282126
:1056200013704B430C4A0D48D41804F10801D25EA4
:10563000636804F075F90A4B1A680A4B1B689A42B2
:1056400002D0FFF7BDFDF6E7074805F0A7FFE0E74A
:10565000884F00204800002028CB00082C4A00205A
:10566000244A0020404B00203C4900202DE9F74F00
:10567000B0F90C704668BF11C7F50077B608BFB225
:105680000468458C90F820C0466001970B4406EBF7
:10569000460A99422FD011F8017B002F18BF002431
:1056A0000027A146B846DDF804B0B1445D450BD3F0
:1056B000C57B4FEA196C8CEA450C2CEA050C0CEB07
:1056C000550C5FFA8CFC0025DFF838B0013557F82F
:1056D0000BB00437102F0BFB0C88ADB2E3D14FEAAF
:1056E0002828A8F5DC480AEB0607A8F130083C4456
:1056F00022F8028BCDE780F820C04584046003B017
:10570000BDE8F08F24D700082DE9F04F85B0019156
:105710000393B0F91210C389029201F140041AB246
:10572000A24202DC40398A4200DA4382B0F91230E8
:10573000142253431221DB0B4B43454AB0F90C4072
:10574000D118D35C6400634301EB13414A78897834
:10575000009345683F4B02EBC21201EBC1111A44A2
:1057600019446D080023039EB3426ED00468019E65
:105770002C440460F45C0CB10024046007687C0EC7
:1057800004F1010A165D12F80AC0C7F35708C6EB08
:105790000C0C08FB0CFC4FEA0629A9F500490C5D2E
:1057A00011F80AA009EB2C4CDDF800901FFA8CFCD4
:1057B0001FFA89F64FEA0429C4EB0A0408FB04F433
:1057C000A9F5004909EB24490FFA8CFB0FFA89F976
:1057D000CBEB090906FB09F92F447C0E07600CEBA3
:1057E000294904F1010C12F8048012F80CB0C7F337
:1057F00057074FEA082AC8EB0B0807FB08F80C5DAF
:1058000011F80CC0AAF5004A0AEB284A4FEA04280E
:10581000C4EB0C047C43A8F500481FFA8AFA08EB95
:1058200024480FFA8AFB0FFA88F8CBEB080806FB2E
:1058300008F60AEB264A49F34E094AF34E0A029C3F
:10584000D14424F8139001338DE705B0BDE8F08F03
:10585000BAD5000838F800082DE9F04F8FB007924C
:10586000B0F90C20B0F90E40C2EB02121211550132
:10587000C4EB04142411ADB205956501C4F3C4242E
:10588000C2F3C422ADB2013404EB0214029500222B
:10589000854E651EADB2755D02F1280C05EBC5178E
:1058A000824D365D2F44E8464CF808700AAF174425
:1058B00006EBC616083235441034102A7D60A4B2B7
:1058C000E6D142680B9E520806920A9ACB180C9CAD
:1058D0000D9D039201960893089B994200F0E18088
:1058E0000368DDF818804344036011F8013B0BB1F5
:1058F000002303600268039E530E16F803C0C2F330
:105900005706039A5F1C12F807804FEA0C29CCEB6C
:10591000080806FB08F8DDF804C0A9F5004914F8EA
:1059200003A009EB28481CF8039014F807C0059A57
:10593000CAEB0C0C06FB0CFCC2F57F42FF32049252
:105940004FEA0A2B019AABF5004B0BEB2C4C12F8EB
:1059500007B04FEA092AC9EB0B0906FB09F9AAF5BA
:10596000004AEB5CEF5D1FFA88F80AEB294A0FFA50
:105970008AFA0FFA88F9029AC9EB0A0A4FEA032950
:10598000FB1A734302FB0AFAA9F500491FFA8CFCC3
:1059900009EB234908EB2A480FFA89F90FFA8CFA28
:1059A000CAEB090902FB09F9059B0CEB294C0FFA1C
:1059B0008CFC03FB0CFC049E0FFA88F806FB08CC59
:1059C0000268069EDDF80C801644730E06605F1CAC
:1059D000CDF824C018F803C018F80780C6F357069E
:1059E000CCEB080806FB08F84FEA0C29DDF804C0E8
:1059F000A9F5004914F803A009EB28481CF8039006
:105A000014F807C0019ACAEB0C0C06FB0CFC4FEA19
:105A10000A2BABF5004B0BEB2C4C12F807B04FEAFE
:105A2000092AC9EB0B0906FB09F9AAF5004AEB5C48
:105A30001FFA88F80AEB294AEF5D0FFA88F90FFA86
:105A40008AFA029AC9EB0A0A4FEA0329FB1A73433E
:105A500002FB0AFAA9F500491FFA8CFC09EB23495D
:105A600008EB2A480FFA89F90FFA8CFACAEB0909F0
:105A700002FB09F9059B0CEB294C0FFA8CFC03FB8C
:105A80000CFC049E0FFA88F806FB08C8DDF824C059
:105A9000079A4FEA684808EB6C4822F8028B079295
:105AA0001AE70FB0BDE8F08FD492010838F800086B
:105AB0002DE9F04F95B0079343690E92B0F90C2091
:105AC00003EB430303EB42039B10B0F91020109348
:105AD0004361904B52129A5C0A908F48089102EBF6
:105AE000C212109902440592C1F38522995C0A9D65
:105AF000134401EBC111079A01445C784FF4004351
:105B0000B3FBF2F303916A68B5F90E105208CE00A8
:105B1000B1F5005F0B9311962B680D9280F2FE8019
:105B2000DDF82C90089FDDF81C804FEA49024744BD
:105B300092B2139712924FF0000B0899139A914268
:105B400000F043830898059910F8012B059C002A62
:105B500018BF00235F0807F07E484FEA186811F865
:105B600008C0059E590E4D1C08900795605C755D38
:105B700027F07F470402281A7843A4F5004404EB79
:105B8000204080B20C900D98DDF80C900344DDF8B5
:105B900044A058081FFA8AFA099700F07E4619F8BF
:105BA000017005995A46059CCDF818A0CAF57F4B9F
:105BB000360EDDF82CA08D5D590E14F8019092443C
:105BC0001FFA8AFACDF83CA04FEA092AAAF5004A42
:105BD000CDF808A0DDF814A04C1C0BF1FF0BCDF89C
:105BE00010B01AF804B020F07F40C9EB0B0900FB9D
:105BF00009F9DDF808B04FEA0C2C0BEB294ADDF867
:105C00000C90DDF834B019F80110DDF848905B44D1
:105C100091441FFA89FBDDF80C90ACF5004C19F8A3
:105C200008801FFA8CFC4FEA0829A9F500490FFAF1
:105C300089F90FFA8CF8C8EB090802FB08F80CEB9D
:105C4000284C4FEA07280FFA8CFCA8F50048CDF83D
:105C500008C0CDF80480DDF81CC0DDF80C802D02F2
:105C600018F80C90DDF804C0C7EB0907DDF82490A4
:105C7000A5F5004509FB07F7DDF830900CEB274848
:105C80000FFA88F80FFA89F7C7EB080802FB08F843
:105C9000DDF818C009EB28480FFA88F80CFB08F863
:105CA000029A049FADB207FB028CDDF80C802AB289
:105CB00018F80660DDF83C903602A6F5004636B2CC
:105CC000B21A09FB02F218F8044005EB22450A0259
:105CD000611A4143A2F500421FFA8AFA02EB2142FF
:105CE0000FFA8AF612B2921B09FB02F20AEB224269
:105CF000DDF818A012B20AFB02F22DB207FB052252
:105D000012140E9802EB2C4C4FEA6C0C20F802CBCC
:105D10000E9012E70ED3000838F8000804EBC41404
:105D200004440494109CB1F5804F4FEA841292B25F
:105D3000069280F2D6800B9F089D079E7A0035441C
:105D400092B2129513924FF0000C089C129DAC4237
:105D500000F03B820898059C10F8012B059E002A54
:105D600018BF00235A0EA15C541C16F80490039F20
:105D70000890C1EB0909C3F357000D0200FB09F9B4
:105D8000B95C3F5DA5F500457F1A474305EB2949FE
:105D90000D020D99A5F50045194407914B0E05EB31
:105DA0002747BFB2F55C079E01970FFA87F8DDF829
:105DB00010A0059FDDF844B0591CC6F357060C9699
:105DC000CDF83C801FFA8BFB1AF8028017F801A06F
:105DD000CDF824B0CBF57F42DDF830B0C5EB0A0A30
:105DE0000BFB0AFA2E02039DA6F5004606EB2A4A93
:105DF000EE5C6D5C4FEA062BAD1B0C9EABF50047CD
:105E0000754307EB2545049F1FFA89F9FB5C0F9F3B
:105E10000FFA89FBCBEB07070CFB07FB09EB2B49C0
:105E20000FFA89F9CDF80890DDF810904FEA082BA9
:105E300019F80440ABF5004BC8EB040800FB08F868
:105E40000BEB2848DDF83CB006980FFA88F8CBEB4E
:105E5000080800FB08F8019C1FFA8AFA04EB28479F
:105E60000B9CDDF82480ADB22EB20FFA8AF06444A8
:105E70003FB208FB07F7A4B2301A6043049CDDF878
:105E800008B0FF32615C02FB0B790C9F0AEB204AE1
:105E90001802CB1A7B43A0F5004000EB2343DDF84A
:105EA00018801BB29B1B08FB03F3DDF824B005EB45
:105EB00023431BB20BFB03F30FFA8AFA02FB0A33EC
:105EC0001B1403EB2949139A0E99079B0D984FEA6F
:105ED0006909624421F8029B03441FFA82FC0E9177
:105EE00033E7B1F5C04F01DB0022D5E0002605966F
:105EF000059A079CA24200F06881DDF82080059F8A
:105F0000DDF80C9018F80720DDF810A0002A18BF63
:105F100000235C085A0E24F07F4604F07E4402F110
:105F2000010C240E19F802101AF8027019F80C501E
:105F300019F8042008026D1A12020D99A2F5004208
:105F40000B4492B20C9275435A0E19F80290DDF888
:105F500044B0A0F500401FFA8BFB4FEA092A00EB82
:105F60002545AAF5004ACBF57F40CDF83CA0FF308F
:105F7000DDF80CA00B90501CCDF824B01AF800B03E
:105F80004FEA530828F07F41C9EB0B0901FB09F9DF
:105F9000DDF83CB008F07E480BEB294ADDF81090A4
:105FA0004FEA186819F80220DDF80C90ADB219F824
:105FB00008B0DDF834904FEA0B2B4B444FEA072929
:105FC000A9F50049CDF83C90DDF81090ABF5004BF9
:105FD00019F80CC01FFA8BFBC7EB0C077743DDF8F1
:105FE0003CC0069E0CEB27490FFA89F90FFA85FC95
:105FF000CCEB090906FB09F9049F05EB29453E5D39
:10600000DDF830903602A6F50046DDF818C036B24D
:106010000FFA89F4341B0CFB04F4099E09EB2444A9
:1060200024B27443DDF810900B9F19F800002DB2D4
:1060300007FB05451402821A4A4319F80810A4F513
:1060400000440902A1F5004104EB224409B20FFA11
:106050008BF28A1A0CFB02F21FFA8AFA0FFA8AF6FE
:1060600024B2A41B0BEB22420CFB04F4DDF824B099
:1060700012B20BFB02F20AEB244A0FFA8AFA07FB70
:106080000A221214059902EB25450E986D1020F88E
:106090001150013105912BE707998A4200F0958054
:1060A000089D0D98A95C039E002918BF00234FEAA4
:1060B000530C0CF07E490344DDF844A00CF0784CFE
:1060C0004FEA1C6C5C084FEA196916F8098016F84B
:1060D0000C701FFA8AF104F07E46DDF80CA004F083
:1060E0007844360E240E1AF806501AF80400DDF82B
:1060F00034A04FEA08285344DDF810A0A8F5004862
:106100001AF809901FFA88F84FEA092AAAF5004AF6
:106110000FFA8AFA0FFA88F9C9EB0A09DDF818A014
:106120003F020AFB09F9DDF810A008EB29481AF82C
:106130000C90A7F500474FEA0929BFB2A9F500491D
:106140000FFA89F90FFA87FCCCEB090CDDF81890EF
:10615000C1F57F4B09FB0CFC07EB2C473FB24F43CB
:106160000BF1FF0B0FFA88F80BFB08781AF8067092
:106170002D02A5F500453F02ADB2A7F500472EB2AE
:106180003FB2BE1B09FB06F605EB26451AF8046074
:106190000002A0F50040360280B2A6F5004604B227
:1061A00036B2341B09FB04F400EB244424B26143EF
:1061B0002DB20BFB0511091401EB28480E984FEA8C
:1061C000680820F81280013266E70A9C109D23605F
:1061D0006B10238215B0BDE8F08F00BF2DE9F04FA2
:1061E0008DB0079300F5CA730293037F00F29455B4
:1061F0000446174603959BB100214FF48062029834
:1062000006F016FC00214FF48052039806F010FCB3
:1062100004F120000021C42206F00AFC00232377A9
:1062200094F90D30B4F90E10C3F1AC039BB208938E
:10623000A368A26A5B08A3F50033491201920631F4
:106240001A0A5143B4F82080B4F82290606AE66AD2
:10625000CDF81080CDF824907C4A5D1A95420595C2
:1062600002D95B084908F7E702F174429142F8D875
:106270004FEA15494FEA11484FF0000A258ECDF834
:106280002880CDF82C903A1DCDF818A0DDF8189094
:10629000099BDDF810C01FFA89F8079F4344C444E6
:1062A0009BB21FFA8CFC002F00F0BE8094E88002A5
:1062B000B944C4F80090DDF81090DDF828A009F585
:1062C000006BCAEB0B0B0B9FC34409F5005A1FFA76
:1062D0008BFBC7EB0A0AC244CBF30907DDF8088041
:1062E0000BF1FF3BCBF3090B18F9077018F90BB052
:1062F0001FFA81F90097C9F57F4709FB0BF9DDF813
:1063000000B0FF3707FB0B98059F1FFA8AFA1FFAA8
:1063100087F9DDF80CB0CAF30B070AF1FF3ACAF3AC
:106320000B0A1BF907701BF90AA00097C9F57F47F4
:1063300009FB0AF9DDF800A0FF3707FB0A9744F2D2
:10634000666909FB00F04FEA28484FEA082843F243
:10635000B86909FB08004FEA630ADFF8FC900133D3
:106360005B1039F81AA039F813303F143F02534438
:10637000C01307EB5303DDF820B003440BFB03FA13
:10638000DFF8D8904FEA6A1ABAF1000FB8BFCAF125
:10639000000ACA45A8BFCA46DFF8C4904FEA6A2A75
:1063A00039F81A90DDF80CB003FB09F3DB13C0EBEE
:1063B000030ADB1B029FCCF30B091B124FEA2A2AAC
:1063C000CCF3090C0BF809A007F80C3041F699132F
:1063D000019F03FB08F841F624337B431B1303EBB7
:1063E000E8381B4B734308EB23381A4BC6EB0806FF
:1063F0009E4205DB47F6FF739E42A8BF1E4600E0A3
:106400001E462DB23544079B069F6D1022F8045C92
:10641000023BB5B2013722F8025C019E0793069752
:106420000432CDF8048031E7B3F5B46F019A28BF88
:106430004FF4B463CCF30B0CA4F820C06384606207
:10644000A262E66225860DB0BDE8F08F0000FF0F66
:1064500071F4FFFF0180FFFFEEA00108FFFF0100C4
:10646000E89A01082DE9F0471F46C37E00F58345F1
:1064700004468946904614356BB100F5CA76002172
:106480004FF41172304606F0D3FA2846314605F033
:10649000B7FD0023E376237F23B1284605F075FE80
:1064A00000232377617F2846253905F099FDE2898D
:1064B0002846A18905F042FE2846218B05F062FEA0
:1064C0002846494642463B46BDE8F04705F0CCBD6C
:1064D000C368426881685A4300294FEA1232C26099
:1064E000036908DD0139816029B983EAE371A1EB11
:1064F000E3710A44C260C068002BB8BF40427047D5
:106500004FF4845242804FF4804200238280012263
:1065100043618361027083600277704703782BB90F
:10652000B0F902305B1A18BF012300E001230370A9
:10653000418070470378F0B52BB3B0F90220334D9A
:106540005204140E35F81430023535F81440120A8E
:10655000E41A92B2624303EB1243B0F904202C4ECA
:106560005204140E9BB2C36036F81430023636F86B
:106570001440120AE41A92B2624303EB12439BB234
:106580000361002303708668C368056944696EB1BE
:10659000B4F5805FCCBF22464FF4006217117E43F2
:1065A000A2F5006203EB662305EBE2058269554321
:1065B000A1EBE53502FB03F104EBE13415498C4214
:1065C000B8BF0C46B4F5004FA8BF47F6FF71446151
:1065D000A8BF416144690F492D1B6B4302EBE332B5
:1065E0008A42B8BF0A46B2F5004FA8BF47F6FF730C
:1065F0008261A8BF8361037F012B01D18069F0BD57
:10660000022B14BF20462846F0BD00BFD0A80108C9
:1066100026E400080180FFFF2DE9F74F1F46C37EE7
:10662000044690465BB340F60C53C0F8E830302384
:10663000C0F8F8304FF44063C0F8FC3040F6FD730A
:106640000025C0F81031C023C0F80C31C0F8E45068
:10665000C0F8EC50C0F8F050C0F80051C0F8045138
:10666000C0F81451C0F8185100F59A70FFF748FFB0
:106670004023C4F83C31012384F85031E576237F70
:10668000EBB100232377454BC4F8F430D4F8E43061
:106690000133C4F8EC30424BC4F80831D4F8F83078
:1066A0000133C4F8003144F25063C4F81C31D4F80B
:1066B0000C310133C4F814312223C4F83C31B4F94D
:1066C0000C10B4F90EB04900C1F57F41FF3101FB58
:1066D00001F30BFB0BFB1B0C4FEADB3B59430BFBA2
:1066E0000BFB890C4FEA1B4BC1F5FF4101230BEB60
:1066F0004B0B656AA4F8381184F834310BF1800B28
:10670000002F46D004F1E400FFF7E2FED4F8003198
:1067100004F59A7A002B0CBF4FF000094FF4804922
:10672000814404F1F800FFF7D3FE814404F586703C
:10673000FFF7CEFED4F81431228B002B14BF4FF498
:10674000086100211144504609B2FFF7E7FE002618
:106750004FEA2912504649460192FFF7EBFE019A93
:106760001044431B0BFB03F305EBE3350D4B9D423C
:1067700005DB47F6FF739D42A8BF1D4600E01D469E
:1067800028F806500236042EE4D108F10408023F2E
:10679000B6E7656203B0BDE8F08F00BF3333040095
:1067A0003DCAFFFF0180FFFF034B04491A680448FC
:1067B00000FB021018607047BC0300205FF36E3CC2
:1067C0000D6619002DE9F04F8FB00A93B0F90C3027
:1067D000416A03F580630D930291836AC16B07934D
:1067E0000391C36A016B01930891436B816B04327F
:1067F000078CD0F84880D0F84090C66CD0F844B0F0
:10680000056D04460493099106920A99002900F047
:106810003381FFF7C9FF0D99C0F316038B42059032
:1068200080F0A480C0F30B06A6F50066B4F90E0054
:1068300036B206EB460800FB08F8258B43F6FF71DD
:1068400005F5C06303EB68480FFA88F88845A8BFD0
:10685000884628EAE878954B4FEA48484FEA186797
:1068600033F817204FEA47090B92914A09F10209C0
:1068700032F8177039F802C04FEA18281FFA88F862
:10688000C7EB0C0C08FB0CFC464307EB1C47BFB2E4
:10689000039705F5186707EBE6373FB28F42A8BFAD
:1068A0000F4627EAE7777F044FEA176A4FEA4A0C58
:1068B0000CF1020C33F81A603CF802B032F81AA05E
:1068C0003F0ABFB2CAEB0B0B07FB0BFB0AEB1B4AE1
:1068D000DDF814B0CDF830901FFA8AF9CBF3CC3A3A
:1068E000AAF5805A00FB0AF005F5F26505EB204099
:1068F00000B28842B8BF014621EAE1714904080E9E
:106900004FEA400A0AF1020A33F8105032F8100038
:106910003AF80220090A89B2121A4A4300EB1240DF
:106920001FFA80FB0C98C25A0B98121A08FB02F847
:106930003CF803203AF80330921B5B1B5743594342
:1069400000EB184806EB174605EB114547F67C703F
:106950001FFA88F8B6B2ADB200FB08F846434543CB
:106960004FEAE838F613ED134FF6FF7705994FF627
:10697000FB420BB27B4357431B14002B4FEA1747D4
:106980000ADD039A02FB03F109FB03F20BFB03F39D
:10699000091412141B140DE003985B4200FB03F171
:1069A00009FB03F20BFB03F3091412141B144942F5
:1069B00052425B42029808FB00FC01EBEC3C079959
:1069C00047F6FA604843ACEBE0313A48814205DBD8
:1069D00047F6FF708142A8BF014600E001460198DA
:1069E00006FB00FC02EBEC3C089A47F6FA605043C9
:1069F000ACEBE0322F48824205DB47F6FF70824263
:106A0000A8BF024600E00246049805FB00FC03EB29
:106A1000EC3C099B47F6FA605843ACEBE033254861
:106A20008342844605DB47F6FF708342A8BF0346D6
:106A300000E00346D0180844604505DB47F6FF7CBC
:106A40006045A8BF604600E01A481FFA80FC06981F
:106A500020F804CC20F802CC0A9802380A90069854
:106A60000430069004980493019B09900893029BBC
:106A7000019207930291C8E6029B07996362039B08
:106A8000A162E3630199089BE16223630499099B76
:106A90002784C4F84880C4F84090E6646163A36327
:106AA000C4F844B025650FB0BDE8F08F58AF0108B9
:106AB000BC7A01080180FFFF08B5FFF775FE0014DE
:106AC00008BD00002DE9F84FB0F90E709946BF11CE
:106AD000037FC83704461646B0F80C80BFB22BB30C
:106AE000A0234FF0000AA0F8443080F81CA0FFF764
:106AF000E3FF554B013000F00700062202FB003394
:106B00004FEA073C254651465A5C04350CFB02F21D
:106B1000EA615A18D278013103296A63F4D1062850
:106B200040F6FF7338BF0023A4F84630B4F8441091
:106B300019B10139A4F844102EE0444B48F3033056
:106B4000062202FB00302546844690F806A0C8F3D2
:106B50000B0202FB0AFA1CF801B0C2F5805303FBDA
:106B60000BAA07FB0AFAC5F820A090F809B00CEBB5
:106B7000010A02FB0BF29AF803A0013103FB0A237E
:106B800003294FEA2333AB6300F1010005F104054B
:106B9000DBD10023A4F84630B4F846804D46002DE2
:106BA00050D094E88800226A1F44E36AA16B1A441B
:106BB000E262120E264B02F0F002114333F81190FC
:106BC000226B616A27600A442263E16B120E02F0B5
:106BD000F002114333F811A0A26A636B1D491344FC
:106BE0006363226C1B0E03F0F0031A4331F812B0FA
:106BF000FFF762FF2368626808FB0030904209D308
:106C00000AEB090159443F0E09B2C7F1FF07794366
:106C100089B203E00021E16221636163A1F50041D3
:106C200089B20D480A1230F81230023030F91200E1
:106C30001AB2821AC9B2514303EB212326F8023B50
:106C4000013DACE7BDE8F88F4CD7000874D40008CC
:106C500058AD010824E00008BE7B01082DE9F04F83
:106C600089B00493037F04460392B0F82090D0F8D3
:106C700024A000F5CA763BB1304600214FF4805283
:106C800005F0D6FE00232377A5686D08A5F58035AD
:106C9000544B9D4201D96D08FAE72B0C0593B4F9CA
:106CA0000C30B4F918205B10C3F5DA4360339BB2A3
:106CB0000693B4F90E30A2F5005202EB63024A4B80
:106CC000A2F3C712278D33F81210DDF81080049B51
:106CD0001FFA88FB1FFA83FC0CEB09031A46CBEB67
:106CE00003039BB20793B8F1000F70D094E80C0037
:106CF000134423600291CDF804C0FFF7DDFE069B2C
:106D0000DDF804C0584309F580536344DDF814C02E
:106D1000C013CCEB0303CBEB030B1FFA8BFBCBF3C2
:106D20000A030BF1FF3BCBF30A0B36F91BB01FFA3A
:106D300085FC46F26662424336F91300CCF57F4388
:106D40000CFB0BFCFF3303FB00C0284B40148244B8
:106D500003FB0AFAD21302F5CC426632C2EB2A3A9E
:106D600003F6662303FB0AF31B1303F5B343DFF8B3
:106D700080C01A336345029905DB47F6FF7B5B450C
:106D8000A8BF5B4600E0634603FB0AF302EBE33275
:106D9000624505DB47F6FF739A42A8BF1A4600E03A
:106DA000134ADDF81CC03FB2CCF30A0326F81320C7
:106DB000C1F580535F4302FB0177039BC7F30F3795
:106DC00023F8027B039308F1FF3882467FE73FB246
:106DD000C2F30A02A7622284C4F824A009B0BDE865
:106DE000F08F00BF0000FF0758AC0108CDF0FFFF97
:106DF0000180FFFF2DE9F04F91B00B93038C00F160
:106E00002405079300F5CA730693037F00F2945C90
:106E100004460A92468C95E8200CCDF814C073B154
:106E2000604600214FF4805205F002FE00250698CE
:106E300000214FF4806205F0FBFD2E462577A36804
:106E4000B4F90E704FEA4309A9F50039BF124FEAB1
:106E5000192330375F43C7EB0909774B994503D9AD
:106E60004FEA59097F08F8E703F174439F42F7D8C6
:106E7000B4F90C30B4F918201B11C3F503630433C3
:106E80009BB20E936D4BD21133F812204FEA194C7E
:106E9000390CDDF82C80CDF830C00D9108920B9B99
:106EA0001FFA88F198B2079B08F1FF3C03445A1A75
:106EB00092B20992CDF83CC0B8F1000F00F0AD805D
:106EC00094E80C0013442360079BDDF830C003F501
:106ED000005E86440D9ACCEB0E0E03F50063C1EB09
:106EE0000E0E03449B1A1FFA8EFEDDF814C0591AC9
:106EF000CEF30B030EF1FF3ECEF30B0E1CF90E206A
:106F00001CF903301FFA89F042430193DDF804E0D5
:106F1000C0F57F4389B20698FF3303FB0E22C1F30D
:106F20000903C3560139C1F30901019343561FFAFE
:106F300087FC0CFB03F3CCF57F4E01990EF1FF0E9D
:106F40000EFB01333E49121431F816101B14520285
:106F50005B024900029104920393FFF7ADFDDDF857
:106F600038C002990CFB00F04FEA203C01FB0CFCFE
:106F7000CDF804C0DDF820C0049ACCF5805045431C
:106F80000CFB125540F6D77000FB0BFBDDF824C05C
:106F90002D13CAEB050A0AEB2B3BCCF3090ADDF8EB
:106FA00004C04FEA6B0001EBEC31091ADDF818C0A0
:106FB00049120CF80A10039B002B05DB4FF6FF71FA
:106FC0008B42A8BF0B4600E00023DDF824C052101E
:106FD000CCF30B014FEA232C1A4B33F91C30DDF8AC
:106FE00014C003445B120CF80130174B9A4205DBC6
:106FF00047F6FF739A42A8BF1A4600E01A460F9957
:107000000A988B0720F8022B18BF01360A9018BF88
:10701000B6B208F1FF38AA4641E7B6F5B47F28BFFB
:107020004FF4B476238466846562C4F828A0C4F85B
:107030002CB011B0BDE8F08F0000FF0F58AC010874
:10704000D4930108C07D01080180FFFF2DE9F04FB6
:10705000B0F91810514C4904054685B0080E02924B
:1070600034F81020023434F810004FEA1128801A46
:107070001FFA88F808FB00F8B5F90C00484F4004E7
:10708000010E4C00023437F8116002EB1848E25B45
:10709000000A80B2921B424306EB1246414AB5F900
:1070A0000EB032F81110A25AB6B2521A4243BBF5D2
:1070B000804F01EB124203961FFA88F892B22E6AB3
:1070C0006C6A05DA5F46CBF5804A4FF0000B06E0AC
:1070D000CBF5FF477F37ABF5804B4FF0000A90456B
:1070E000C6BFC2EBC23292FBF8F247F6FF72994676
:1070F000B9F1000F4DD00192FFF7DEFC0399019A20
:1071000001FB06F3DB13C3EB600006FB08F304EBA3
:10711000E334254B9C4205DB47F6FF739C42A8BF36
:107120001C4600E01C46001B00FB08F306EBE336A0
:1071300006FB07F304FB0AF19B1303EBA13300FBEF
:107140000BF103EBA131184B994205DB47F6FF73B6
:107150009942A8BF194600E019465143C913A1F549
:10716000004189B2DFF844C008123CF810300CF13D
:10717000020C3CF910C018B2C9B2C0EB0C00484375
:10718000029903EB202321F8023B029109F1FF3918
:10719000AEE76C622E6205B0BDE8F08FD0A80108A2
:1071A00026E40008C68501080180FFFFBE7B0108B8
:1071B0002DE9F04F89B00593436AB0F90C60029352
:1071C000836A078B0393C36A43F6FF750193036BCE
:1071D0000FFA87FA0493F31103F57E43D83303FBC8
:1071E00003F1AA45A8BFAA462AEAEA7A4FEA4A4A20
:1071F0004FEA1A6C490C04464FEA4C0B7248069150
:1072000072490BF1020B31F81C903BF8008030F80A
:107210001CC04FEA1A2A1FFA8AFACCEB08080AFBAC
:1072200008F80CEB184C1FFA8CFCCDF81CC0B4F914
:107230000EC0B610ACF5804C07EB6C0C0FFA8CFC52
:10724000AC45A8BFAC462CEAEC7C4FEA4C4C4FEA6C
:107250001C654FEA450808F1020831F8157030F84E
:10726000155038F800004FEA1C2C1FFA8CFC401B0C
:107270000CFB00F005EB10453BF8010038F801105D
:10728000C9EB0000C91B0AFB00FA0CFB01FC09EB6F
:107290001A4A07EB1C4C1FFA8AFA1FFA8CFC03FBF4
:1072A0000AFA03FB0CF3C6F5FF56ADB24FEA1A4AD1
:1072B0004FEA13491F36171D059B002B78D0FFF7A7
:1072C000FBFB4010002808DDDDF81CC005FB00F1C9
:1072D0000CFB00F309141B1409E0DDF81CC040424C
:1072E0000CFB00F368431B1401145B4249420298F3
:1072F000DDF818C00AFB00F2039803EBE2330CFB45
:1073000000F2A3EBE233324A934205DB47F6FF7209
:107310009342A8BF134600E013460198DDF818C059
:1073200009FB00F2049801EBE2310CFB00F2A1EB47
:10733000E231274A914205DB47F6FF708142A8BF40
:10734000014600E01146581806FB00FC00EB6C30CB
:10735000904205DB47F6FF729042A8BF104600E05E
:107360001B48A0F5004080B2DFF868804FEA202C6F
:1073700038F81C2008F1020838F91C800FFA82FC4A
:10738000C0B2CCEB080C00FB0CFC059802EB2C2CDB
:107390000238019A059002981FFA8CFC27F804CC59
:1073A00027F802CC0492043701910390029383E7FB
:1073B000029B6362039BA362019BE362049B2363C2
:1073C00009B0BDE8F08F00BFBC7A010858AF0108D2
:1073D0000180FFFFBE7B01082DE9F047044690467F
:1073E0001F46054600F14009AB6AB3F1807F01D822
:1073F000EB6A0BBB0026EE62FFF7D6F980B2B0F560
:10740000804F19D2B4F90C20554BD21133F81230F9
:10741000AE62DB00EB6263686B62FFF74DFBB4F9B1
:107420000E2063685043696A4FEA13234CBF02166B
:10743000C21502FB03136B6210354D45D4D117F111
:10744000FF37C0F08B80626A236AE16A1344A26A44
:1074500044480A442362A2621D0E30F81510861CAF
:1074600036F915C00DB2C5EB0C05C3F30F236B4302
:107470003D4D120C35F812A001EB234109B20AFB75
:1074800001FA236B616BE26B1944A36B2163134414
:10749000A3634FEA116C30F81C2036F91C900FFAE8
:1074A00082FCCCEB0909C1F30F2101FB09F91B0C8C
:1074B00002EB2949616C35F81320236C0FFA89F926
:1074C000194402FB09F9A36CE26C21641344A36420
:1074D0004FEA116C30F81C204FEA694909EB6A4900
:1074E00036F91CA00FFA82FCC1F30F21CCEB0A0C79
:1074F00001FB0CFC1B0C35F8131002EB2C4C236D1C
:10750000626D0FFA8CFC01FB0CFCD118E26DA36DCF
:1075100021651344A36509EB6C4C4FEA116930F8FF
:10752000192036F9196010B2301AC1F30F21414306
:107530001B0C02EB214135F8132009B251430CEB2F
:10754000614111F5004F05DB47F6FF739942A8BF73
:10755000194600E0054928F8021B70E7BDE8F087EE
:10756000CA890108C281010830EE00080080FFFFCF
:107570002DE9F04F1E46C37E87B00446154600F540
:107580009A7700F5AA7800F5BA79002B3ED04FF42F
:10759000C062C0F8E8203022C0F8F820C0F80C2102
:1075A0004FF4966200234FF44061C0F8102140F67A
:1075B000FD72C0F8E430C0F8EC30C0F8F030C0F82C
:1075C0000031C0F80431C0F81431C0F81831C0F8E7
:1075D0002031C0F82421C0F82831C0F82C31C0F87F
:1075E000FC1038460193FEF78BFF4046FEF788FFFC
:1075F0004846FEF785FF4FF4FA62019BA4F8782114
:10760000012284F8742184F89021E376237F002BF3
:1076100053D0B4F90E30B4F91800B3F5804FACBFB5
:10762000A3F580420022C0F5404010444FF6FF71A0
:107630008842A8BF0846C0F34F1202F5E241483124
:10764000A4F83811B3F5605FA8BF4FF4605301216F
:107650008B4002F5CF420432A4F858214FF4F022B7
:10766000C4F8F420D4F8E42003F500730A44C4F805
:10767000EC20554AC4F83031C4F80821D4F8F82079
:10768000D4F820310A44C4F8002143F23332801385
:10769000C4F81C21D4F80C210B4400F6FC7080B215
:1076A0000A44C4F82831002384F8341184F85411B2
:1076B000C4F82401C4F814212377218B384601F53E
:1076C000C06109B2FEF72AFF218B404601F54061F7
:1076D00009B2FEF723FF218B484601F5F05109B2AC
:1076E000FEF71CFFB4F90CC04FEA6C0CCCF5AB43B1
:1076F0000CF5AB4C70330CF1700C0435002E60D0DF
:1077000004F1E4000193CDF808C0FEF7E1FE8346E2
:1077100004F1F800FEF7DCFED4F800215844002AFA
:1077200040F63D2208BF002200EB020B04F58670F4
:10773000FEF7CEFED4F8142143F2333A002A08BFF4
:107740004FF0000A8244FFF7B7F9059004F59070F6
:10775000FEF7BEFE594604903846FEF7EBFE514652
:10776000024640460392FEF7E5FEDDF808C0039AA4
:10777000019B00EB2A1002EB2B120CFB00FB5A437F
:107780004FEAEB3B05980BEBE23B049A02FB00F15E
:107790004846C913FEF7CEFE0C4A58449042019B5E
:1077A000DDF808C005DB47F6FF729042A8BF10461F
:1077B00000E0104680B225F8040C25F8020C023EC9
:1077C0009BE707B0BDE8F08F0080FFFF0180FFFF5F
:1077D0002DE9F04F41689A46037F49008BB004467B
:1077E000416063B3837E28260133DBB2022B88BF5E
:1077F00000238376837E0D465E4320368319002066
:107800009860B5F5000F986802DD6D100130F7E75C
:107810004FF4806545FA00F0A0514E001E62B4F9A5
:107820000E60451E06EB4606761006F500567043C0
:10783000DD60000C00255D60D96158612577A37E6D
:10784000282000FB0343203360681D6A890B8542B2
:1078500034BF03F12000201D0068C1F58051D861BC
:10786000B4F90C3089B2B3F5804FA3BFD810A0EBA8
:10787000401000F500304FF6FF70069008B2FF2868
:10788000D8BF4FF48071B3F5804F07DA09B2C3F562
:10789000804909FB01F9C9F38F3901E04FF0000974
:1078A000B4F8448002F1040BBAF1000F00F09480A8
:1078B00004F17803254604F5CA76099300276B6B1B
:1078C00083B1013B6B6336F913300393FFF7F4F890
:1078D000039B00EB400018446B6B801026F81300EC
:1078E000074459E0A96BE86BAB6A01441633A963FE
:1078F000D940EA6A02310A406B6A079207998B42C3
:1079000035D0E96A5A1C0A4006EB430136F813C029
:10791000089136F81210059201910393CDF810C02A
:10792000FEF742FF069980B28842059A039BDDF874
:1079300010C015D801980FFA8CFC01B21CEB0101A4
:1079400043BF4942491049424910B9F1000F05D0DF
:107950000FFA89F0C0F500404143C913089801802F
:107960001BB931882B6A26F813101346C6E7A86B9B
:10797000A96A6B6220FA01F18A0D36F8123006EB23
:107980004202B2F902001AB2821AC1F38F115143B6
:1079900003EB21431BB21F44099A2835954206F692
:1079A00002068CD10F4B9F4205DB47F6FF739F42C7
:1079B000A8BF1F4600E01F460FFA88F8B8444FEAF8
:1079C00068082BF8048C1FFA87F82BF8028CAAF1B0
:1079D000020A0BF1040B67E7A4F844800BB0BDE882
:1079E000F08F00BF0180FFFF10B543F6FF7399428F
:1079F000A8BF1946A1F58041002311F5C06103F12C
:107A00000103FAD407480C1150F82420013450F82F
:107A1000240001F00F01801A414302EB2110D840ED
:107A200010BD00BF387901082DE9F04F8846B0F944
:107A30000C10B0F8189087B0A1F58041019209EBC5
:107A4000A101426809B204469A4607680292C66AD2
:107A5000056BFFF7C9FFB4F90E300390A3F580431F
:107A600009EBA301204609B2FFF7BEFFC24407F1AC
:107A700080470490CDF814A0059B98455BD018F87A
:107A8000013B13B9029B1F4402E000252E462F46FE
:107A9000039A049B16441D442B4B4FEA176A4FEA86
:107AA000166C290E33F81C0033F8112033F81A90A5
:107AB000023333F91AB00FFA89FACAEB0B0AC7F38B
:107AC0000F2B0BFB0AFA09EB2A4933F91CA00FFA1A
:107AD00080FCCCEB0A0CC6F30F2A0AFB0CFC33F932
:107AE000111013B200EB2C4CCB1AC5F30F214B43F2
:107AF0000FFA89F90FFA8CFC0CFB09FC02EB23420C
:107B00004FEA2C4C12B202FB0CF21214A2F5004206
:107B100092B20E48111230F81130023030F91100D3
:107B200019B2411AD2B24A4303EB2223019A22F836
:107B3000023B0192A0E707F140472760E662256318
:107B400007B0BDE8F08F00BFC2810108BE7B01080D
:107B50002DE9F04FB0F90CA097B00AF5806A0AFB46
:107B60000AFA01924FEA6A2A028B04460E469846A8
:107B7000AAEB8A09002502EB29439BB219B22046E1
:107B800003920493FFF730FF049B8346591C09B20C
:107B90002046FFF729FF1FFA89F1CBEB0000414394
:107BA0000FAB0BEB2141E95004351C2DD144039A56
:107BB000E1D1237F4BB10025FEF7F6FD63190435B3
:107BC000182D1862F8D100232377B4F90E1042F66D
:107BD000A9229142A1F52A51D4BF18220C222A3998
:107BE0005143B4F91830584803EB611181F30F0188
:107BF00049040A0E30F81230023030F812000A0A36
:107C0000C01A92B2424303EB1242504B0F991B88A9
:107C1000119F05930691109B12990793089709915C
:107C2000139B149F1599B044256DE06C92B20A9392
:107C30000B970C91CDF834800D998E427FD016F8B9
:107C4000013B002B5FD1216ADDF81CC0DDF82080EC
:107C50008C44616A23688844069FA16ADDF82490F9
:107C60003B448944C4F820C0E16ADDF828A04FEA0B
:107C7000DC4C0CEBD34C8A44DDF82CB0216BACF51A
:107C8000E04C0CEBD84C8B440C9F616B0CEBD94C4B
:107C90000CEBDA4C39440CEBDB4C616302910CEBDE
:107CA000D141A1F50041C4F8248089B2DFF8A48055
:107CB0004FEA212CC4F82890C4F82CA0C4F830B0A6
:107CC000236038F81C3008F1020838F91C800FFADC
:107CD00083FCC9B2CCEB080C01FB0CFC05FB02F1E8
:107CE000059F00EBE13007FB05F9194903EB2C2355
:107CF0001BB28842A3EBE9330DDB47F6FF7C6045FE
:107D0000A8BF604608E0002323626362A362E362C7
:107D10002363636397E708461B1A03FB02FC8B424D
:107D200005EBEC3505DB47F6FF718B42A8BF0B4630
:107D300000E0074B019F27F8023B01977CE7E064D6
:107D4000256517B0BDE8F08FD0A8010826E400082B
:107D50000180FFFFBE7B01082DE9F04F89B0029141
:107D6000B0F90C109B46038BA1F5006103EB610198
:107D7000437F09B20E3BDBB2019343F6FF73994296
:107D8000A8BF1946D0F8208004460492476A866A44
:107D9000C56AFFF729FE804504D2C8EB0000B0FB9E
:107DA000FBF004E0C0EB0800B0FBFBF0C043DDF8E3
:107DB00008900390D944CDF818904346029806994C
:107DC000884200F0C1802268616802980A44DDF8A8
:107DD0000CA02260534410F8012B4FEA933CCDF8DD
:107DE00014C002900AB91F4406E00025012284F85D
:107DF000302025602E462F4622688A4204D25748FA
:107E0000DDF8049050F829704900B1EB420F01D819
:107E10001E440DE094F83010DDF804A081F001015B
:107E200084F830100AF001004C49023051F820600B
:107E30004B49380E31F8109001F1020C3CF910A0BA
:107E40000FFA89F0C0EB0A00C7F30F2A0AFB00F013
:107E50004FEA166A31F81A1009EB20403CF91A90E3
:107E60000FFA81FCCCEB090CC6F30F2909FB0CF9C6
:107E700001EB2949E1890FFA89F9CDF800900FFA51
:107E800081F9C2F3CF3CB9F5804F6FEA0C0AA8BF65
:107E90008CEAE272DDF800C01FFA8AFA0AFB0CF9DC
:107EA00094F830C0B8BF6FEA124200B292B24FEA03
:107EB0002949BCF1000F01D0C9F10009DDF814A077
:107EC0001FFA8AFC0CFB09FC05EB2C45DFF894C07B
:107ED000654505DB47F6FF7C6545A8BF654600E0C4
:107EE0006546DDF804C01CF0020F04D042431FFABF
:107EF00089F9120C0FE000F500404243019812147A
:107F00000128A2F5004208BFA94492B214BF1FFA8B
:107F100085F9C9F34F0908B2B0F5804FA8BFC9432E
:107F2000890089B20FFA89F901FB09F9C1F57F4C83
:107F300012B20CF1FF0C0CFB0299049A4FEA29498A
:107F400022F8029B049239E7039A67620BFB0283D3
:107F5000A662E562236209B0BDE8F08F7CD7000815
:107F6000C28101080180FFFF2DE9F04F8846B0F97A
:107F70000C1085B04910044603930292FFF734FDBC
:107F8000B4F90E10206249102046FFF72DFD0023A2
:107F90006062039A93425DD0226861680A4422605D
:107FA00018F803200AB100222260E26A256A2B4FEA
:107FB0001544E562BE1C2A0E37F812C036F812903E
:107FC000606A226BDFF898B010442063020E37F825
:107FD000127036F81220019222684FEA126A3BF8BA
:107FE0001A608A420BF1020B3BF81AA028D30FFA51
:107FF0008CF10FFA89F9C1EB09090199C5F30F2535
:1080000005FB09F90DB239B2691AC0F30F20C6EBAE
:108010000A0A4843C2F30F2202FB0AF20CEB294C76
:108020004CF34E0C07EB20470CF5C04C47F38D0783
:1080300006EB12466744C6F34E067E43F61302E093
:108040000026E6622663029AA6F5C04622F813606F
:1080500001339EE705B0BDE8F08F00BFC281010883
:1080600034F400082DE9F04F99460E46038BB0F921
:108070000E1003F5C063A1F5804103EB610185B0EB
:1080800009B204461746056AFFF7AEFCB4F90CC006
:108090004FEA5008B4F9100047F6FF73B3FBF9F349
:1080A000C0EB0C0C0CFB03FCB1440190CDF80C9020
:1080B0006346DDF80CA0564538D0019901EBE33258
:1080C00094E803000144216016F8011B09B1002562
:1080D0002560194945444FEA156A31F81A90881C01
:1080E00030F91AB00FFA89FACAEB0B0AC5F30F2B55
:1080F0000BFB0AFA09EB2A490FFA89F902FB09F985
:108100002268634402EB89094FEA196A31F81A10B0
:1081100030F91AA008B2C0EB0A00C9F30F2909FB15
:1081200000F901EB294127F8021BC2E7A389256268
:10813000238205B0BDE8F08FC28101082DE9F04F20
:1081400087B002929946028BB0F90E3015B2A3F5B2
:1081500080435B10A5F510551D44AD00C5F5FF45E6
:108160007F35002D04460F46B0F824A0066A05DBD3
:1081700047F6FF718D42A8BF0D4600E0002502F5CD
:10818000C062D118204609B2FFF72EFCB4F910B036
:10819000B4F90C2047F6FF73B3FBF9F3CBEB020203
:1081A00002FB03F84008B9440390CDF81090434611
:1081B000DDF810904F454BD00BEBE332019294E881
:1081C00006000A44226017F8012B0AB10026266037
:1081D000DDF80C9022494E440FFA8AFC06EB8C3CE9
:1081E000881C4FEA1C6A31F81A2030F91AA0CCF327
:1081F0000F2CCDF814A0DDF814900FFA82FACAEB18
:10820000090A0CFB0AFADDF804C002EB2A4205FB5E
:108210000CFA12B24FEAEA3A0AFB02FA2268434425
:1082200002EB4A024FEA126931F8191030F919A02D
:1082300008B2C0EB0A00C2F30F2A0AFB00FA029A46
:1082400001EB2A4A1FFA8AFA22F802AB0292AFE740
:10825000A389A4F824A02382266207B0BDE8F08F8A
:10826000C28101082DE9F04F99460E46038BB0F903
:108270000E1003F5C063A1F5804103EB610185B0E9
:1082800009B204461746FFF7AFFBB4F91020B4F962
:108290000CC047F6FF73B3FBF9F3C2EB0C0C0CFBFD
:1082A00003FCB144A18C256A01924FEA5028CDF815
:1082B0000C906346DDF80CA056453ED094E80300D0
:1082C00001442160DDF804A016F8011B0AEBE3323B
:1082D00009B1002525601C494FEA156A31F81A904A
:1082E000881C30F91AB00FFA89FACAEB0B0AC5F3E9
:1082F0000F2B0BFB0AFA09EB2A490FFA89F902FB4B
:1083000009F92268634402EB49094FEA196A31F816
:108310001AB030F91A000FFA8BF1411AC9F30F297C
:1083200009FB01F10BEB214189B241F34620813079
:1083300027F8021B08FB0055BCE7A389A184238210
:10834000256205B0BDE8F08FC28101082DE9F04F2C
:108350001E46037F91B004469146CBB1816F024621
:108360000023A448B1F5806F185E03F10203C2F840
:10837000A400BCBF4FF0804010620C2B02F104023D
:10838000EFD100232377278B00251FFA87F820E001
:10839000B0F90C20B2F5FA4FF5DAC2F5FF427F32A0
:1083A00012125243D511024693499448595A185A09
:1083B0000233081A6843A1EBE011906F0C2B00FB0D
:1083C00001F04FEA2040C2F8A40002F10402EBD110
:1083D000D9E78B4B2046E95A414409B2FFF704FB29
:1083E00004EB4503023540000C2DD864F1D1B4F8FC
:1083F000D010B4F90E30019139B2A1F5C06101EB92
:10840000A30181F30F0109047E4D080E35F81020F9
:10841000023535F81000090A801A89B2414302EB8F
:10842000114292B2039243F257229342D4F8D88079
:10843000D4F8DC70D4F8E05002DC03F580530AE095
:10844000B3F5804F05DB4FF48042A3F580430592DE
:1084500003E04FF480430593002343F25822534333
:108460009B1307934FF48033B3FBF6F34FF0000AEE
:10847000099309F10409CDF808A0002E00F0A380AB
:10848000DDF808B0DDF824C0E344CDF808B0FEF70D
:1084900013FBB0F5804F05DC5B4B10F5804FB8BF88
:1084A000184601E04FF480400399C8EB00004843B0
:1084B00008EBE038C7EB08034B4307EBE3377B1BC4
:1084C0004B4304F12000002205EBE33506900492B3
:1084D000069BDFF83CB1C4EB030C8444DCF80C10C1
:1084E00083580B4483504FEA136A3BF81A100BF180
:1084F000020B3BF91AB00891CDF800B0DDF820B0BE
:10850000DCF838100FFA8BFADDF800B0DCF864C044
:10851000CAEB0B0AC3F30F23DDF808B003FB0AF321
:10852000C1EB0C0C0BFB0CFCDDF820A001EBEC31DB
:108530000AEB23431BB25943DDF810C0DDF818B035
:10854000091402F1280A04328C446B460BF1040B27
:10855000182ACDF810C04AF80310CDF818B0B7D1DA
:108560000B9BDDF81CC06B43CCF540521B125A43E9
:108570000A9B059903EBA2320D9BDDF810A06B431B
:108580005B120CFB03F302EBA33301FB0AF203EBD8
:10859000A2331E4A934205DB47F6FF729342A8BFFF
:1085A000134600E01346DDF804B0023E0FFA8BF2EA
:1085B0001A4452109BB229F8042C29F8023C01936A
:1085C00009F1040959E7DDF804C0C4F8D880A4F81B
:1085D000D0C0C4F8DC70C4F8E05004F12003334488
:1085E000D3F8842004362C2E9A65F6D111B0BDE85C
:1085F000F08F00BFECD2000840D700088CD70008ED
:1086000034D70008D0A8010800C0FFFF0180FFFF99
:10861000C28101082DE9F04789469846B0F9121049
:10862000C3890446924601F140001AB2824202DC3C
:1086300040398A4200DA6382A389B4F910101AB271
:1086400001F11000824202DC10398A4200DA2382F2
:10865000237F23B1FEF7A8F80023E0622377656843
:108660002668002D04DB6D0002D46D0058BF6D003C
:10867000218A2046A1F5804109B2FFF7B5F9B4F986
:1086800012304FF480329B120133012B08BF0223BA
:108690004000B2FBF3F3606259080027474524D03D
:1086A00019F807200AB92E4400E00026AE4217D27E
:1086B000A26A0F4E72430F4E1644226AA66202440B
:1086C0008242226202D2E26A2062A262228DB2FB60
:1086D000F3FC8E1803FB1C22B6B2B21A22862E4679
:1086E000228E2AF817200137D8E72660BDE8F087E8
:1086F0000D6619005FF36E3C2DE9F04F1E46C37EF8
:1087000089B004469246DBB100F59A70FDF7F8FE99
:10871000012542F6E063A4F8383184F8505184F81A
:10872000345104F5AA70FDF7EBFE022384F8703192
:108730004FF4FA63A4F85831002384F85451E376D7
:10874000B4F918102046491001F5A051FFF74CF973
:1087500045F6D162830A5A431209039243F2111279
:108760005A431209049244F2F1725A4312090592D3
:1087700045F2B4725A431209069247F672425343C5
:10878000B4F90C10B4F90E20182704F59A781B09D7
:10879000491005464743404607930092FDF7BEFE49
:1087A000B4F90C1004F5AA7948464910FDF7B6FE55
:1087B000002E64D023683B44BB42236005D2A36BE8
:1087C000304A5A43304B1344A363626ADDF80CB05D
:1087D000A06A5A44DDF810B0E16ADDF814E0236ABB
:1087E00058448E44A062216BDDF818C0C00F2B44A2
:1087F00000EBD2708C4400EBD370616BDDF81CB0E1
:10880000C4F82CE000EBDE7E5944C4F830C00EEB17
:10881000DC7C019161630CEBD1712362033941F27D
:108820005553626259434046FDF784FE174A03469A
:10883000904205DB47F6FF729342A8BF134600E063
:108840001346618F4846A1F5004149100293FDF798
:1088500071FE0E4A029B904205DB47F6FF72904282
:10886000A8BF104600E01046DDF800B0C01A0BFBB0
:1088700000F003EBE0332AF8023B013E98E709B031
:10888000BDE8F08F0D6619005FF36E3C0180FFFFBD
:108890002DE9F843D0F8D450164698460B22EB1C2D
:1088A000B3FBF2F102FB1132C0F8D420027F044680
:1088B00022B90B2B34BF1F460B270EE001460023C5
:1088C000474A04319A5E02334A67162B4FF08042C2
:1088D000CA61F5D1002525770B27BD4219D2414B3E
:1088E00015F0010F33F81510238B20461944B4F905
:1088F0000E3089B214BF01EBE311A1EBE31189B291
:1089000009B2FFF771F804EB85034000D864013524
:10891000E3E7B4F90C30B3F5FA4F03DBB4F8D05009
:10892000321D50E0C3F5FF437F331B125B43002130
:10893000DD1123462C4A2D488A5A085A0231101A52
:108940006843A2EBE012986F162900FB02F04FEA91
:108950002040986703F10403ECD1DFE7076AC36C9A
:10896000DFF890901F4407624FEA176C39F81C300B
:1089700009F1020939F91C900FFA83FCCCEB090CC0
:10898000C7F30F2707FB0CF703EB2743876F1BB2D7
:108990007B4301360B2E01EB634100F10400DDD176
:1089A000134B994216DB47F6FF739942A8BF19464D
:1089B0002DB20D446D1022F8045C8DB222F8025CD9
:1089C000A8F102080432B8F1000F05D000262046B5
:1089D0003146C3E71946EBE7A4F8D050BDE8F88369
:1089E00048D40008A4D500085ED40008F8D20008D6
:1089F0000180FFFFC281010810B5B1F5804FA8BF0B
:108A00004FF48041A1F580410023002903DA01F5EC
:108A1000C0610133F9E709480C1150F824200134F2
:108A200050F8240001F00F01801A4143C3F10C00FB
:108A300002EB211222FA00F010BD00BFD4AA0108F7
:108A40002DE9F84F1F46B0F90C30B0F92410154647
:108A5000B0F91820A3F5804302EB6303C1EB0111C9
:108A60001944C1F30F11818409B2044600F5CA7894
:108A7000FFF7C2FFE2892F4E520092B2111236F870
:108A80001130023636F911A019B2C1EB0A0A02F010
:108A9000FE0202FB0AFA2168B0F1005F28BF4FF026
:108AA000005003EB2A2A4FEA10491FFA8AFAC1F351
:108AB0000C01C0F34E00AA1E17F1FF3737D3C9EBE4
:108AC0000103C3F30C0503F57F533F33C3F30C03DA
:108AD00038F9156038F91350B2F902C0AD1B45439F
:108AE00006EBE5350FFA8AF66E434FEA6C0303EBAB
:108AF000E636114B9E4205DB47F6FF7B5E45A8BF7D
:108B00005E4600E01E460CEB45056D109D4228F8C0
:108B1000116005DB47F6FF739D42A8BF1D4600E0CC
:108B2000054D013122F8025FC1F30C01C4E7216059
:108B3000BDE8F88FBE7B01080180FFFF2DE9F047FB
:108B40009846437F9146A3F11602D2B2022A044608
:108B50008A4610D8C1893C4841F30725ADB230F8A8
:108B60001520013530F9155010B2281AC9B2414309
:108B700002EB2122E281354A02EBC30152F8336055
:108B8000A27F4F689A423AD00021C42204F120000B
:108B900003F04EFF002540F6FD73C4F8E830C4F83A
:108BA000FC30C4F81031C4F8243104F59A70C4F8CC
:108BB000E450C4F8EC50C4F8F050C4F8F850C4F8CD
:108BC0000051C4F80451C4F80C51C4F81451C4F84D
:108BD0001851C4F82051C4F82851C4F82C51FDF79D
:108BE0008FFC04F5AA70FDF78BFC04F5BA70FDF755
:108BF00087FC01232377E376637F2560A377B4F9AD
:108C0000185020462946FEF7EFFE294660602046B0
:108C1000FFF7F2FEB5F58C4FA06002DD4FF48C43F8
:108C200002E0002D01DA0023238317F0010F4FEA41
:108C3000670018BF2358514618BF9E5920444A4622
:108C40004346B047BDE8F087D29101084C000020B0
:108C5000F0B5C2F34F304FF0320C0CFB00FC9DF826
:108C60001470C3F34F3000EB8004013001EB0C05AE
:108C70003C440CF1320C00EB800035F81460614488
:108C8000384435F8105031F9147031F9100034B20D
:108C9000D20092B23C1B29B2411A54434A4306EB1C
:108CA0002444A4B205EB224521B22DB2DB006D1A9B
:108CB0009BB26B4304EB234000B2F0BD2DE9F04FB3
:108CC000C68987899BB0002590F81B800696079778
:108CD00004469446059307462E46069B5FFA86FB9C
:108CE0000FFA83FA079B70490FFA83F952464B46F5
:108CF000CDF800B02046CDF810C0FFF7A9FF00F571
:108D0000C06040046949020E31F81230023131F876
:108D10001220000AD21A80B250430DAA03EB10436E
:108D200022F81630204652464B46CDF800B0604936
:108D3000FFF78EFF0AAB23F8160010AA15ABDDF87B
:108D400010C0B8F1000F03D000215151595103E078
:108D5000B96A5151FA6B5A510136052E05F10405D5
:108D600007F10407B9D1B8F1000F01D00023E37671
:108D70006368BDF928704FEA430B4FEA1B46216830
:108D8000B4F92480206A079609970CF10405059F21
:108D9000002F76D011EB0B0112D3DDF81CA04FF69B
:108DA000FF73B1FBFAF29A4238BF134603FB03F29A
:108DB000C3F57F43FF335B43A0EB92409B0C00E085
:108DC000002303EB514308930DF132030693002374
:108DD0001A4615AE9F590DF1400CA0EBA71603964D
:108DE000069E36F9029F07FB09FA53F80C700696A7
:108DF00007EBEA3A2F4FBA45A8BF5746B7F5004FE1
:108E000043F80C70A4BF47F6FF774CF803700DF1E0
:108E1000400C53F80CC0DDF80CA015AFCCEB0A06E3
:108E200006FB09F9DE5906EBE939224EB145A8BF28
:108E30004E46B6F5004FDE51A4BF47F6FF76FE5012
:108E400015AE9E59099F04337E43142B02EB6642F4
:108E5000BFD1184B9A4205DB47F6FF739A42A8BF71
:108E60001A4600E01A46059E90444FEA6808023E02
:108E700025F8048C25F8022C0596043508989046B0
:108E800085E721602062A4F824803B4610AA9A5806
:108E90000434626215AA9A580433142BA263F5D1E4
:108EA0001BB0BDE8F08F00BF4ED30008D0A801086A
:108EB000AAD400080180FFFF2DE9F00FB0F90E5091
:108EC000B0F90CC0B5F5804F05FB05FA4FEAA515C2
:108ED000A4BFC5F5FF75013505FB05F5AD129EB0C4
:108EE00005FB05F50CEB4C0C44680493B0F8D0304E
:108EF000CCF3581C64004FEA6C0B88464FEAEA3A00
:108F0000019301680023059203940BF5C06B0435AF
:108F10004FEACA1A1A4605AC1E02CCEB0607CBEB89
:108F2000060606FB06F607FB07F796FBF5F997FB27
:108F3000F5F7803709F180094FF480069AFBF9F9BB
:108F400096FBF7F601334E440C2B324444F8046F81
:108F5000E2D1039D6FF000442B0CB3F5804F94FBDE
:108F6000F2F298BF069C056A9CBF544326144FEA50
:108F7000430488BF0026B4F5804F129598BF079D23
:108F8000069698BF554304EB030698BF2F14456A15
:108F900088BF0027B6F5804F1395354698BF089DCA
:108FA000079798BF5543866A98BF2F144FEA8305E9
:108FB00088BF0027B5F5804F149698BF099E089783
:108FC00096BF5643002737140997C66AEF18B7F5BE
:108FD000804F15963E4697BF0A9E0027564337148A
:108FE0000A97066BE718B7F5005F16963E4698BFDE
:108FF0000B9E4FEAC30796BF564300263614C3EBB9
:10900000070C0B96466BBCF5804F179697BF0C9ECE
:109010004FF0000C56434FEA264C866BB7F5804F55
:10902000189698BF0D9E1F4498BF5643CDF830C088
:1090300098BF4FEA264CC66B88BF4FF0000CB7F5BF
:10904000804F199697BF0E9E002756433714CDF8D0
:1090500034C0066C0E97EF18B7F5005F1A963E46BF
:1090600098BF0F9E1D4498BF564303EB450594BF20
:1090700037140027B5F5804F98BF109D466C98BFF8
:10908000554323441B9694BF2E140026B3F5805FEE
:1090900098BF119B856C98BF5A43C36C98BF12143C
:1090A0001D93049B88BF00220F9710961C95119268
:1090B000002B74D0DFF8F0C0059D9B4698F8003077
:1090C00005F1040A0CF1020912AF0290002B48D1FD
:1090D00098F8013008F10208002B44D1039E314476
:1090E00000231D460A460491100E3CF8104039F941
:1090F000106020B2361AC2F30F2000FB06F606A954
:10910000F85804EB2644C95824B200FB04F40E1AA4
:1091100000EB2620F850049E0433302B324405EB3C
:10912000E435E1D11F4B31469D421EDBB5F5004FC2
:10913000B8BFABB202DB47F6FF752B460198BBF117
:10914000020B02B215444FEA65052AF8045C2AF8BE
:10915000023C0AF1040A0CD0019398F80030002B6D
:10916000B6D008F101080021BAE71D4648F2010314
:10917000E4E702980546A0F8D0301EAE45F8201B63
:109180003C460FCCB44228606960AA60EB60274679
:1091900005F11005F4D11EB0BDE8F00F7047019B3A
:1091A00012AFE7E70180FFFFC28101082DE9F3411B
:1091B00006880446A0F86660082084F8740084F8E5
:1091C00094001D4694F903002389A4F88660A4F84E
:1091D0006E300344A4F88E3004F158008846002312
:1091E00000951746FBF74CFD04F1220204F17800CC
:1091F000009541460023FBF743FD20343A46013DEC
:109200006B1C02F102020BD032F9023C5B1022F817
:10921000023C34F9021F03EB610322F8023CEEE743
:1092200002B0BDE8F08173B51D4603890446A0F87D
:109230006E30022380F8743003885830C38130F8D0
:10924000563C1646438200230095FBF719FDB4F9FE
:109250000230C3F5FF437F331B1115F1FF3508D3EF
:10926000B6F900200D211A444A43D21026F8022BE9
:10927000F3E702B070BD2DE9F3471D4603880446AD
:10928000A0F86630A0F8863003898846A0F86E30D2
:10929000A0F88E30012380F87430032380F89430D6
:1092A00000F122060023583000951746FBF7E8FC32
:1092B00004F178004146002300953246FBF7E0FCBC
:1092C000B4F90610B4F9020047F6FF73B3FBF5F3E7
:1092D000401A5843034615F1FF351BD336F9029B5C
:1092E0004FF0940A0AFB09F901EBE33C4FEA4C0CFE
:1092F0001FFA8CFC4FEA2929CCF57F420CFB09FCB4
:1093000037F9028BFF3202FB08C2121427F8022C35
:109310000344E0E76388E38002B0BDE8F0872DE90D
:10932000F3471D4644F254230446C35C0088052BD2
:10933000A4F866004FF0030084F89400B4F902002A
:1093400014BF0123032384F87430B0F5804F2389C0
:10935000ACBF4FF4C0604FF440600026A4F86E30FC
:109360001B1A8946A4F88E3004F158003346A4F83D
:109370008660009504F122079046FBF781FC494680
:109380003A463346009504F17800FBF779FCB4F9CE
:109390000620B4F902C047F6FF73B3FBF5F3C2EB46
:1093A0000C0C0CFB03FC3346614615F1FF351CD356
:1093B00002EBE136B6F5804FBABFC6F57F563F36B1
:1093C000A6F5804637F903A07600B6B2C6F57F4011
:1093D00006FB0AF638F90390FF3000FB0960001421
:1093E00028F8030061440233DFE76388E38002B0BA
:1093F000BDE8F0872DE9F3471D4644F25423C35CD2
:109400000026072B044614BF30460320238984F826
:10941000740084F89400B4F90000A4F86E3004F1EC
:109420000A0903EBA003A4F88E3004F158004B4660
:10943000A4F86660A4F88660009504F122079046BF
:10944000FBF71EFC49463A463346009504F1780086
:10945000FBF716FCB4F90620B4F902C047F6FF7317
:10946000B3FBF5F3C2EB0C0C0CFB03FC334661467B
:1094700015F1FF3516D302EBE13637F903A076007C
:10948000B6B2C6F57F4006FB0AF638F90390FF3006
:1094900000FB0960801400EB400028F803006144E1
:1094A0000233E5E76388E38002B0BDE8F0872DE989
:1094B000F3471D46038904461FB24FF0060EC7F559
:1094C00038500EFB00F0C7F52057C7EBC70700F573
:1094D000FF4007F5FF477F307F3747F6FF76B4F947
:1094E00000C027EAE77720EAE070B742A8BF374616
:1094F000B042A8BF304600FB0CF007FB0CFCC013C9
:109500004FEAEC3CA4F86E30A4F88E30072389466D
:10951000A4F86600A4F886C084F8743084F894E057
:1095200004F158000023009504F122079046FBF750
:10953000A7FB49463A460023009504F17800FBF763
:109540009FFBB4F90620B4F90230B6FBF5F69B1A7E
:109550005E430023314615F1FF3516D302EBE13CA3
:1095600037F903A04FEA4C0C1FFA8CFCCCF57F4076
:109570000CFB0AFC38F90390FF3000FB09C0001413
:1095800028F8030031440233E5E76388E38002B042
:10959000BDE8F0872DE9F04F17461D460288038984
:1095A0008946A0F86E30A0F88E3042F6AA2113B298
:1095B0008B4285B004464FF000060CDC042302EB1E
:1095C0004202A0F86660A0F8866080F8946080F897
:1095D0007430560013E045F25552934211DCC3F546
:1095E0002A532B3303EB4303A0F86660A0F8866090
:1095F000032280F894605E0080F87420013EB6B2C9
:109600000EE0A3F5AA43563B03EB4303A0F86630F4
:10961000032380F874300523A0F8866080F8943026
:10962000494604F158003A46002304F12208009507
:10963000FBF726FB494604F17800424600230095DB
:10964000FBF71EFBB4F90820B4F90230DFF8E09014
:10965000A2EB630000F5804080F30F0040044FEA66
:10966000106C39F81C1009F1020939F81CC0000A05
:10967000C1EB0C0C80B200FB0CF001EB104189B285
:10968000B2F5205F03914FEA4303616D44DDA2F51B
:109690002052A3EB021323EAE3733DE038F9022BD7
:1096A00037F902CB7243C6F57F40FF3000FB0C2038
:1096B0000014421A02900398424301EBE2311B4A24
:1096C00091422DDB47F6FF729142A8BF114601F58A
:1096D0000049DFF860B04FEA292A3BF81AC00BF1C5
:1096E000020B3BF91AB00FFA8CFACAEB0B0A5FFABD
:1096F00089F909FB0AFA0CEB2A2C98B20FFA8CFCB8
:10970000C0F57F4200FB0CF0DDF808C0FF3202FB21
:109710000C02121427F8022C15F1FF35BED201E01D
:109720001146D4E7616505B0BDE8F08F0180FFFF09
:10973000D0A80108C48301082DE9F74F984644F2E8
:109740005423C35C1746093BDBB2022B98BF304A57
:10975000044698BFD25C23894FF00000894688BF39
:109760000522A4F86600A4F88600A4F8A600A4F8D0
:109770006E30235A274D1EB271123612013635F85B
:109780001110B4F808C0761035F916508C441B023D
:1097900009B2691A9BB24B4304EB001E02300CEB7A
:1097A00023430428AEF88E30E3D14FEA480A84F808
:1097B000742084F8942084F8B4203B4607EB0A0216
:1097C000934203D0002123F8021BF9E704F1580665
:1097D00004F1B80BCDF800803046494604F122026E
:1097E0000023FBF74DFA002555450AD06319B3F95C
:1097F0002230152253437A5B02EBA3137B530235CD
:10980000F2E720365E45E5D103B0BDE8F08F00BF3A
:1098100098D700089CD7000870B5B0F9D06044888C
:109820000588B6F5345FA0F8C640A0F8C450048996
:1098300008DD25B2B5F5345F04DD35446D10A0F8C0
:10984000D05001E0A0F8D04044F25424045DB83078
:109850000D3C4477BDE87040FFF770B92DE9F34146
:109860001E4600230446A0F86630008984F8743050
:10987000A4F86E00009604F1580017468846FBF7DE
:10988000FFF9B4F9D05063882288B5F5345FA4F8A5
:10989000C630A4F8C420238908DD18B2B0F5345FBF
:1098A00004DD28444010A4F8D00001E0A4F8D03032
:1098B0000C2384F8D53004F1B80041463A463346CB
:1098C00002B0BDE8F041FFF739B9000070B544F2CD
:1098D0005425455D084C04EBC50654F835407568C1
:1098E00015F0010F4FEA650518BF4659284418BF07
:1098F0003459A04770BD00BFAC01002000230122F5
:10990000C0F80431C0F80831C0F80C3102706FF0B3
:109910003F03DA010133402B20F8022FF9D17047C1
:109920002DE9F007002944D0002B42D0002A40D076
:1099300001258446002403F100490CF8805B00F106
:10994000820809F1FF39204625461BE0B7F5004F94
:10995000A8BF47F6FF7731DB16F5004F26DDB6F5D9
:10996000004FA8BF47F6FF762ADB0130834204F19F
:1099700001049CBF01350020402C2CF8027F28F800
:10998000026D18D031F91070C0EB090602FB0577A3
:1099900031F916606FEA050A17F5004F02FB0A66F7
:1099A000D4DC16F5004F48F20107D8DC48F2010676
:1099B000DBE700230370BDE8F0077047BFB2CBE7D9
:1099C000B6B2D2E703782DE9F001002B7CD0D0F8B5
:1099D0000831891A99426ADA1FFA81F800F10805FC
:1099E0007B26002E13DD741035F914300FFA88FC35
:1099F000634505EB440705DC60E035F91360664517
:109A00005EDD1C46631005EB4307002CF5D100F129
:109A10000208C8EB05084FEA6808A8F102039BB2E8
:109A20000FFA88F81CB24FF6FF75A045A0F8105148
:109A30004EDB4FF4804C00EB4404B4F902400FFAC3
:109A40008CF60C1B002CB8BF6442A4B227B2B742FC
:109A500003F10105B8BFA0F81031ABB2B8BFA446FE
:109A60001CB2A045E7DAB0F910315C1E5D1C00EBBA
:109A7000430300EB450500EB4404B3F90210B4F9CD
:109A80000240B5F9023004EBC40403EBC305C1EB9B
:109A9000C1031C442B4424111B11C0F80411C0F84D
:109AA0000841C0F80C318818BDE8F0017047D0F8C3
:109AB0000C31994290DCD0F80411F4E72346344687
:109AC000E31A5E1EBD1C8CE70846BDE8F001704736
:109AD00000256FF001044FF0FF33C8E770B5094C63
:109AE0000546024604F13006234603CBB34210601C
:109AF00051601C4602F10802F6D14D2385F82C3046
:109B000070BD00BF18B60108F8B5324B04464D25AC
:109B10001F46264603F1300C3A4603CA62453060C0
:109B20007160174606F10806F6D100221146605C06
:109B300001310244302992B2F9D1188E598E9042E7
:109B400004D1A94202D1013525860AE0224A343BDC
:109B5000934205F1FF35DBD1002323862046FFF732
:109B6000BDFF00230122E15C6AB10C225A431B486D
:109B7000155C8D4206D8024452788A4234BF0022D6
:109B8000012200E000220133162BECD182B194F8BF
:109B90002C304D2B0CD1238DB3F5804F08D9A38CDD
:109BA00043F67E6203F5F9531F339BB2934204D907
:109BB0002046BDE8F840FFF791BF638DB3F5804FB5
:109BC000F6D9E38C03F5F9531F339BB29342EFD8D8
:109BD000F8BD00BFA4FF0108CCEF010864B0010884
:109BE000F8B54D2380F82C30038E34245C43264B8B
:109BF000264A2344934205464FF0000604D804F158
:109C0000006404F5F83402E0214C0686012602F0D7
:109C1000E5FC7EB11E4802F01DFD1E4802F01AFD53
:109C20001D4802F017FD1D4802F014FD04F1300735
:109C300026460DE0631E04F1340020F47F7023F407
:109C40007F7320F0030023F003039842ECD1EDE78B
:109C50002B1B30469959043602F01CFDBE42F7D149
:109C600000210B46EA5C01331144302B89B2F9D153
:109C7000384602F039FD04F13200298E02F034FD3D
:109C80002B8E01332B86F8BD34F00108FFFF01084D
:109C900000F0010800F4010800F8010800FC0108C8
:109CA0002DE9F04FA1B01392017F9DF8AC200A90EE
:109CB00009932A9D0C9261B3CB4ECC4B3268CC49B0
:109CC00003FB02F21144804603FB01F0C84AC8F8C6
:109CD00020101446024403FB02F0044403FB04F783
:109CE000C348C349384403FB00F7394403FB01F37D
:109CF000C8F82420BE4A00271A443260C8F834202D
:109D00000C9AC8F82840C8F82C00C8F8301088F819
:109D10001C70002A40F084820A9CE68973019BB281
:109D2000B3F5F04F46F3C42680F0D482DDF83080DE
:109D30000A9DB6B206EB46067600AE4B6A68B71DC2
:109D400020ADDDF828901F441E4445F8182D00244E
:109D5000335B395BB9F81820C91A08FB01F11344C9
:109D600003EB214109B24846FDF73EFE05EB4403F3
:109D70000234062C5860EBD104230C930A9C637FB9
:109D8000062B00F0B682012B00F0B2820A2B00F005
:109D9000EE83052B00F0EB83082B00F01987032BD3
:109DA00000F01687072B00F05186022B00F04E863C
:109DB000DDF828800A9CB8F90C30D8F82400C3EBF1
:109DC000031343F31013256B099F03F50063D8F8C1
:109DD00020B09BB20390D8F82880E66A0495002F43
:109DE00000F01282139F1A981B991C9A1D9C1E9DAD
:109DF0000437079008910D920B940E951BB20597AE
:109E0000CDF808800798039A0899029D0D9CDFF809
:109E1000E88183440A44254408F1020902954FEA87
:109E20001B64100E38F8145038F8101039F910C0AF
:109E30000B9F029839F914803744060E28B2C0EB04
:109E40000808CBF30F2000FB08F808B2C0EB0C0C9D
:109E500005EB2845C2F30F2808FB0CFC0697A9F177
:109E6000020737F81640DDF8088039F9167001EB63
:109E70002C41DDF818900FFA84FCCCEB0707C8F3EF
:109E80000F2C4FEA19660CFB07F7DFF86C912DB227
:109E900039F8160003FB05F509F1020939F91660D6
:109EA00009B2DDF8189004EB274703FB01F104B277
:109EB000361BC9F30F2404FB06F6ED13A5F5004588
:109EC000DFF838C14FEAE138A9B20C123CF814505F
:109ED00000EB26460CF1020030F914A03FB228B284
:109EE000C9B2C0EB0A0A03FB07F7A8F5004801FB5B
:109EF0000AFA1FFA88F84FEA28243CF8140036B210
:109F00000CF1020C3CF9149003FB06F6FF1305EB71
:109F10002A25A7F500470FFA80FABFB2CAEB090954
:109F20005FFA88F83C1208FB09F8FFB20397F613B2
:109F3000ACF1020737F81410A6F50046B6B23CF9AA
:109F400014C000EB2828341208B237F81490C0EB84
:109F50000C0C0237039837F9144000FB0CF70FFA8A
:109F600089F0241AF6B206FB04F62DB201EB27277E
:109F70000FFA88F8A84409EB26263FB236B24744C8
:109F8000049D0E9C07EB06090C9E1B491B482544AB
:109F9000042E049500F1020401F1020530D9049F5A
:109FA0003E0E31F8161035F916600DB2751BC7F369
:109FB0000F2606FB05F501EB254109B203FB01F174
:109FC000C913A1F5004189B20D1230F8150034F91A
:109FD000155004B2C9B22C1B01FB04F100EB212186
:109FE00009B289440CE000BFBC0300200D661900D3
:109FF0005FF36E3CDCB70108C2810108CE8D010819
:10A00000029D0D9E07983544059F4FEA6911089CF3
:10A01000029501EBE909B34D834427F8049C1444ED
:10A020004FEA1B60210EAF1C0394069E35F81040CA
:10A030000B9A37F91080029837F911C01644023F85
:10A0400035F8112021B2050EC1EB080807F102090D
:10A05000CBF30F2137F8150001FB08F839F915701B
:10A0600011B2350EA9F10209C1EB0C0C39F815102B
:10A0700009F1020939F915A0039D04EB2844C5F341
:10A080000F2808FB0CFC029D02EB2C420FFA80FC0F
:10A09000CCEB070724B2C5F30F2C0CFB07F703FB2F
:10A0A00004F412B203FB02F200EB2747E41308B2F8
:10A0B000C0EB0A05A4F50044C6F30F20DFF8289290
:10A0C00000FB05F54FEAE238A2B2101239F8104051
:10A0D00009F1020C3CF910A001EB25453FB221B279
:10A0E000D2B2C1EB0A0A03FB07F7A8F5004802FB4E
:10A0F0000AFA1FFA88F84FEA282039F810102DB212
:10A100003CF9109003FB05F5FF1304EB2A24A7F597
:10A1100000470FFA81FABFB2CAEB09095FFA88F863
:10A12000381208FB09F8FFB20697ED13ACF10207ED
:10A1300037F81020A5F500453CF910C0ADB2281243
:10A1400001EB282811B237F81090C1EB0C0C023744
:10A15000069937F9100001FB0CF70FFA89F1401A44
:10A16000EDB205FB00F524B20FFA88F80E9802EB69
:10A170002727A044049C09EB25253FB204442DB2B7
:10A180004744049407EB05090C9D564A5649042D93
:10A1900002F1020401F1020022D9049F3D0E32F8BF
:10A1A000152034F9155014B22C1BC7F30F2505FBED
:10A1B00004F402EB244212B203FB02F2D213A2F522
:10A1C000004292B2141231F8141030F9144008B25F
:10A1D000D2B2201A02FB00F201EB222212B2914409
:10A1E0004FEA6912DDF8148002EBE909099A28F8B0
:10A1F000029C023A08F10408CDF8148009927FF419
:10A2000001AEDDF808800A9C039DE662049EC4F856
:10A2100020B06562C4F82880266321B0BDE8F08FC5
:10A22000324E3378002B3AD0B6F81031DDF8288062
:10A230001AB206EB4202B2F90210D8F80420B8F9BB
:10A2400018701A920C9A9BB2012AC1EB07073FF4CF
:10A2500095AD2C7823449CB2802C00F2DF86BFB2EF
:10A260000DF168094FF00108DDF828A0DDF830B0E5
:10A2700006E015F8013F1C44A4B2802C00F2C98608
:10A2800006EB440359885046394409B2FDF7ACFB4C
:10A2900008F10108D84549F8040FEAD36EE50A9E93
:10A2A0000C9A7368012A1A933FF468AD374601246B
:10A2B0001AAE90462B1913F8011C3B8B384603EB62
:10A2C000C11109B2FDF790FB0134444546F8040F73
:10A2D000F0D353E5B3F5084FC0F041814FF6FF7856
:10A2E00026E500BFC2810108CE8D01082C4A00205E
:10A2F0000A9C1A9D0020D4F820B0D4F824901B9A10
:10A3000003900B900346666B04F1280014951C9C87
:10A310001D9D159216941E9A1F9C17950A9D4FF02D
:10A3200006084FF0050C189219940D950324022588
:10A33000CDF82080CDF848C004224FF00108DDF8A8
:10A3400030C010940F951192CDF838805C464D4680
:10A3500083C8099A002A00F0B0809246159ADDF869
:10A360005080D21A0592179A9844D21ACDF80880D4
:10A370000492DDF85880199ADDF860B098449B4447
:10A38000D31ACDF818800793139A01965BE0B8F5BD
:10A39000004FA8BF43F6FF78C0F25486039B002B02
:10A3A00000F04086134633F8029BC8441FFA88F633
:10A3B000DDF8088016804444DDF814804FEA144923
:10A3C0004544DDF81880C9F500494044DDF81080A7
:10A3D000A9EB15494144079EDDF8008009F5C03915
:10A3E000A9EB10494644BCF1040F5F440196A9EB68
:10A3F00011490CD94FEA1748C8F50048BCF1050FC0
:10A40000C14404D04FEA1648C8F50048C1444FEA99
:10A41000691808EBA90919F5004F4ADDB9F5004F95
:10A42000A8BF43F6FF78C0F20586039E16B1B3F8C5
:10A430000090C8441FFA88F8BAF1020AA3F8008015
:10A4400002F1040238D0029B069EDDF810801C4405
:10A4500030444144030C4FEA144803EB1143C8F560
:10A460000038C3EB0808DDF81490019B079E4D44AB
:10A470003344BCF1040F5F440093A8EB15480DD999
:10A480003B0CC3F50043BCF1050F984406D0DDF842
:10A4900000904FEA1943C3F5004398444FEA68130C
:10A4A00003EBA80818F5004F3FF771AFDFF82881DC
:10A4B00074E7DFF82481B8E7019EDDF82C80109B5B
:10A4C00008F1080BDDF838900F9A03F10808119B8A
:10A4D00009F1080A02F1080903F10802129B083386
:10A4E00002930A9B43F82B4043F82A50029C039D99
:10A4F00043F8290043F8281043F8227043F82460F9
:10A50000002D7FF48AAE089E0D9F06F1010806F12A
:10A510000209CDF83880CDF83C90DDF83480DDF8C4
:10A520002090321D06F1030BB3F90C300B96053663
:10A530001192129609F10609D8F84C60012208F12F
:10A540001808BC6BFD6B386C796CDB00CDF840B043
:10A55000BF6CCDF82090CDF834800392F9E6A3F5D6
:10A56000F0484FEA081808F47E48FFF7E1BB0A9E5E
:10A57000174AB089376A40F38523D1184978D25CED
:10A58000144B02EBC212800101EBC111194480B2DD
:10A59000D318059002910393706AB16AF26A336B23
:10A5A000099C08970490079106920B93002C00F0E9
:10A5B0003F82139A1A9D1B9E1C9F1D981E99043260
:10A5C0000E950F961097119012910D9224E100BFF5
:10A5D00084B8010838F8000800C0FFFFBAF5004F42
:10A5E000A8BF47F6FF71C0F22985049A0F9B089F08
:10A5F0000E981A44079C109D0744049208977A0EFF
:10A600002C44049E0D9F079427F8041C730E039D91
:10A61000DDF8088006981199079E541C15F804C0AF
:10A62000770E084418F80460A95C089C18F80250DA
:10A63000DDF80C80C4F357020690C1EB0C0C581CDB
:10A64000761B18F803B002FB0CFC06FB02F618F8A8
:10A650000020DDF80890CBEB020214920902069A62
:10A66000A1F500412D0219F80340A5F50045530E50
:10A6700001EB2C41029A19F800A089B2781C05EB75
:10A68000264618F807C036B219F8077018F8009077
:10A6900012F8008008B2301A1390049EC4EB0A0A24
:10A6A000C6F35700149E4FEA0B2B00FB06F20AFB81
:10A6B00000F0ABF5004B029E0BEB22422402DDF8CA
:10A6C0000CB05D1CA4F5004404EB204A1BF80340C9
:10A6D000F05C1BF805B0755D079EC7EB0808C6F374
:10A6E0005703CCEB090903FB09F908FB03F33F020D
:10A6F000A7F5004707EB23434FEA0C2C069FACF568
:10A70000004CC4EB0B0B0CEB2949C7F3570C2D1A6B
:10A710000CFB0BFB05FB0CF52402A4F50044000226
:10A7200092B2A0F5004004EB2B4BDDF814801FFA29
:10A7300089F91FFA8BFB00EB25450FFA8AFA10B254
:10A74000DDF84CC0C0EB0A0A0FFA89F70FFA8BF05C
:10A750001BB22DB208FB0CF608FB0AFADB1B281A09
:10A7600008FB00F008FB03F301EB264602EB2A4A44
:10A7700036B20BEB204B0FFA8AFA0B9809EB234900
:10A7800012990C9AB2440FFA89F9CA440FFA8BFB5A
:10A790000844042A0B900AEB0B0624D9430E039CB1
:10A7A000591C029DE25C0746605CEB5C6C5C801AA5
:10A7B000C7F3570101FB00F0E41A04FB01F1120298
:10A7C000A2F500421B0202EB2042A3F5004392B225
:10A7D00003EB214110B209B2091A08FB01F102EBA7
:10A7E000214212B21644B61016F5004F40F31D81F7
:10A7F000B6F5004FA8BF47F6FF76C0F21884DDF823
:10A800003480099A28F8026C023A08F10408CDF85D
:10A810003480099200F00C81089C0E9B06991C4420
:10A820001198620E0894DDF81C80039C109F01446F
:10A83000501CB844049E275C0F9D0691DDF82090C3
:10A84000A15C2E44C9F357047F1A730E04FB07F76B
:10A850000496CDF81C804FEA5866DDF8088009029E
:10A8600018F8005018F80200A1F50041DDF80CB00E
:10A870002D1A01EB2741039F03F1010C05FB04F5A1
:10A88000741C18F803A01BF80C2018F80C9017F88B
:10A890000480DDF818C0029F1BF803B04FEA5C6328
:10A8A00017F804C0039C0002A75D029CA0F50040BD
:10A8B000A65D89B2C6EB0C0CCDF84CC000EB25456B
:10A8C000DDF810C00CB22DB2CAEB0909CBEB0202C5
:10A8D0002D1BCCF3570404FB02F209FB04F44FEAEE
:10A8E0000A2AAAF5004A0AEB2449DDF808C0039CAD
:10A8F0004FEA0B2B581CABF5004B14F800A00BEBE8
:10A9000022421CF800B01CF80300DDF81CC0E45C17
:10A91000CCF35703DDF84CC0C7EB080803FB08F87D
:10A920000CFB03F33602A6F5004606EB23433F0279
:10A93000069EA7F50047C4EB0A0A07EB2848C6F3B2
:10A940005707C0EB0B0B07FB0AFA0BFB07FB2402B4
:10A95000A4F50044000292B2A0F5004004EB2A4A9C
:10A960001FFA8AFA00EB2B4B0FFA89F910B2059FF8
:10A970001FFA88F8C0EB09090FFA8BFB0FFA8AF06F
:10A980000FFA88F61BB2C0EB0B0007FB05F507FBBF
:10A9900009F99B1B07FB00F007FB03F301EB2545BF
:10A9A00002EB29490AEB20400FFA80FA0B992DB2ED
:10A9B0000FFA89F908EB234812980C9A4D440FFAC4
:10A9C00088F845440144042A0B91AA4424D94B0E2B
:10A9D000039C0E46029D591CE25C605CEB5C6C5C67
:10A9E000801AC6F3570101FB00F0E41A04FB01F1E1
:10A9F0001202A2F500421B0202EB2042A3F5004323
:10AA000092B203EB214110B209B2091A07FB01F11E
:10AA100002EB214212B292444FEAAA0A1AF5004F01
:10AA20003FF7DCAD48F20101DFE548F20106E6E65A
:10AA30000A9C089B049D079E069F0B9823626562F3
:10AA4000A662E762206321B0BDE8F08F0A9D0A9CF0
:10AA500005F12400B4F90C306F6B099D47C8246AD6
:10AA60001B0404960797002D00F0A4801B9F1A9EDC
:10AA700002971C9D139F03961D9E07F104080595E0
:10AA8000029F039D06964FEA47096E0004EB4504BA
:10AA900000EB4700059D069F0E96CDF82C906E00AA
:10AAA00002EB47024FEA4709C24601EB45010D960A
:10AAB000CDF82090904603E0644630462946904603
:10AAC000039D029E621B404D9342C6EB000B42F673
:10AAD000302C059E38BF00253C4AE14628BF4FF088
:10AAE000000C5B4538BF654641F21857C6EB010BB9
:10AAF000069E5B452CBF9346BB465D44C6EB080BE8
:10AB00000C9E5B452CBF9346BB46042EBC465D4461
:10AB10000DD9049EB3422CBF9346BB460C9E5D44A8
:10AB2000052E04D0079EB34228BF94466544A34235
:10AB30002CBF00224A46DFF890902AF8045C38BF08
:10AB40004FF00009834238BF9146204A8B4238BFFC
:10AB50003A4691441D4A434538BF3A4691440C9ABF
:10AB6000042A0ED91646049D184AAB4238BF3A460D
:10AB7000052E914405D0154E079A934238BF3E46A4
:10AB8000B14447F6FF72099F9145A8BF9146DDF891
:10AB900038C00B9E0D9D089A023F2AF8029CA444DF
:10ABA0000AF1040A06440D444244099784D1049EE4
:10ABB000079F42460A9D2C626862A962EA622E6380
:10ABC0006F6321B0BDE8F08FD0D5FFFFE8EAFFFF4B
:10ABD0000A9C099AB4F90C30256AC3EB031343F3BA
:10ABE0001013666A276B606B03F5006305959BB2D3
:10ABF0000296D4F828B0E16A07970890002A00F07E
:10AC0000F3811D9F1A9C0F971FB2139B1B9D1C9EC7
:10AC10001E981F9A04330D940B950E961090119266
:10AC200003930D9C059ADDF83C802244140C884463
:10AC300044F3C03181EA4401029B0B9DA1F5004120
:10AC400009B22B440E9E07FB01F1180C5E4440F341
:10AC5000C03989EA4009300C40F3C03CA9F50049ED
:10AC6000C9138CEA400C0FFA89F94FEA1840A1F594
:10AC70000041DFF8D8B389B2069607FB09F940F323
:10AC8000C03686EA400608123BF810500BF1020469
:10AC900034F910B0ACF5004C28B20FFA8CFC4FEA36
:10ACA000E939C9B2C0EB0B0B07FB0CFCA9F5004955
:10ACB00001FB0BFB1FFA89F9CDF81080DFF88C83BC
:10ACC0004FEA292438F81400A6F5004608F10208D6
:10ACD00038F914A036B24FEAEC3C05EB2B2507FB04
:10ACE00006F60FFA80FBACF5004CCBEB0A0A1FFA14
:10ACF0008CFC5FFA89F94FEA2C2409FB0AF95FFA08
:10AD00008CFCCDF808C0A8F1020C3CF81410F61326
:10AD100038F91480A6F50046B6B200EB292908B22E
:10AD20003412C0EB080802983CF814A00CF1020B96
:10AD30003BF9144000FB08FC0FFA8AF0241AF6B223
:10AD400006FB04F601EB2C2C2DB20FFA89F94D44C9
:10AD50000FFA8CFC05EB0C001099079D0AEB2626D8
:10AD60000D4436B207951199089D30440C9E0D4450
:10AD7000042EABF10204089541D9DDF81C804FEA9E
:10AD8000184545F3C03686EA4506A6F5004636B2B4
:10AD900007FB06F6F613A6F50046B6B24FEA262CD8
:10ADA00034F81C503BF91C800FFA85FCF6B2CCEB52
:10ADB000080C06FB0CF605EB26260C9D36B2052D7D
:10ADC00030441CD0089E350C45F3C03686EA450554
:10ADD000A5F500452DB207FB05F5ED13A5F50045DA
:10ADE000ADB22E1234F816403BF9166021B2EDB226
:10ADF000711A05FB01F504EB25252DB228440D99A8
:10AE0000DDF818B011440B9A0F9C1A440E9B059163
:10AE10009B440B0C04990292214443F3C03484EA0E
:10AE20004303A3F50043120C1BB242F3C03807FBE7
:10AE300003F388EA42084FEA1B4242F3C03686EA2F
:10AE400042060A0C42F3C035A8F50048DB1385EA38
:10AE50004205DDF80C9042110FFA88F8A3F5004383
:10AE6000DFF8E8C102EBE0009BB207FB08F829F825
:10AE7000040C1A123CF812400CF1020030F912A036
:10AE8000A6F5004622B236B24FEAE838DBB2C2EB92
:10AE90000A0A07FB06F6A8F5004803FB0AFA1FFAA0
:10AEA00088F84FEA28203CF81020A5F500450CF161
:10AEB000020C3CF910902DB2F61304EB2A2407FB88
:10AEC00005F50FFA82FAA6F50046B6B2CAEB0909F3
:10AED0005FFA88F8301208FB09F8F6B20496ACF174
:10AEE000020636F81030ED133CF910C0A5F5004508
:10AEF000ADB202EB28281AB22812C2EB0C0C049A4D
:10AF000036F81090023636F9100002FB0CF60FFAF4
:10AF100089F2801AEDB205FB00F503EB262624B278
:10AF20000FFA88F836B244443444079B109E09EB6C
:10AF3000252533442DB20898079304EB0509119B8E
:10AF40000C9C424A1844042C089002F102033CD99C
:10AF5000079D280C40F3C03484EA4004A4F5004463
:10AF600024B207FB04F4E413A4F50044A4B22512B0
:10AF700032F8150033F9156005B2751BE4B204FB15
:10AF800005F40C9E00EB242424B2052EA1441CD011
:10AF9000089C200C40F3C03484EA4000A0F5004037
:10AFA00000B207FB00F0C013A0F5004080B204120D
:10AFB00032F8142033F9144013B2C0B2E31A00FB84
:10AFC00003F002EB202000B28144039D099E4FEA6A
:10AFD000691303EBE90925F8029C023E05F104051B
:10AFE000039509967FF41DAEDDF82880059F029831
:10AFF000C8F82C10089A0799C8F82070C8F82400DF
:10B00000C8F828B0C8F83010C8F8342021B0BDE81E
:10B01000F08F5FFA88F30C93FEF7B0BE01240C9416
:10B02000FEF7ACBE1FFA88F6931CFFF7C1B9B6B2A3
:10B03000FFF7E5BB4FEA6908FFF7F7B91FFA8AF196
:10B04000FFF7D3BA4FEA6808FFF7A8B9C887010825
:10B050002DE9F0411A4D04462D7884B00F4616466E
:10B060009846C089D5B1000B04230A288DF8093011
:10B0700022D90F2814BF032301238DF80830114B68
:10B0800013F82050033515F0FF0507D003EB8001BE
:10B0900001310DF10A002A4601F054FC0DF1080EB1
:10B0A00001952046394632464346CDF800E0FEF78A
:10B0B000F7FD04B0BDE8F08102238DF80830DEE72B
:10B0C0002C4A002044B801082DE9F041B0F90E40A7
:10B0D00084B0E4120134E4B26700FFB23E19F6B264
:10B0E0003519EDB24FF0050C0DF1080805EB040E13
:10B0F0008DE800118DF808408DF809708DF80A6010
:10B100008DF80CE08DF80B50FEF7CAFD04B0BDE8D9
:10B11000F08100BF10B50446A63000F0CFFB04F16B
:10B120009C0000F05BFB002384F89630C4F8883064
:10B13000A4F89430C4F8843084F8973084F89A30B6
:10B14000A4F8983084F8913084F89230C4F8BC3078
:10B1500084F8C030A4F8C23010BD000090F89730D9
:10B16000022B1ED10F4B5B7DDBB10F4A1168D0F86B
:10B17000BC208A1A0D4951F823309A4211D390F815
:10B180009A3080F8C030B0F89830A0F8C23001236F
:10B1900080F89730002380F89A30A0F89830C0F8F3
:10B1A000BC307047884F0020BC4F0020B8B8010861
:10B1B00037B590F897200346042A5CD8DFE802F000
:10B1C0000311295053002D4A1068127900908DF810
:10B1D000042093F8B82002F00702683A8DF80020A6
:10B1E00024E090F89120264D9C30264922B10A7A1D
:10B1F000AB6E53F8221038E093F89A208C5C0AB9B1
:10B200008979A9BB0C2303FB0252936853F82410DD
:10B210002BE090F89A20172A1AD1184A1068127950
:10B2200000908DF8042093F8B9201AB103F19C0026
:10B2300069461AE003EB4201B1F9B010C1EBC1015C
:10B24000091370390DF802100132042AF2D1EDE72A
:10B250000B490C2000FB021103F19C00023104E0B9
:10B260009C30094901E009499C3000F0D9FA02E01C
:10B2700093F8BA40C6E703B030BD00BFB2B80108CA
:10B2800064B00108884F0020A8B80108ADB80108D3
:10B2900090F89730012B02D0022B08D0704790F81D
:10B2A0009A20FAB980F8913080F8922070470E4BBE
:10B2B0001B68C0F8BC3090F89A30162B03D10323DA
:10B2C00080F897307047182B0CD1084A084B1A6049
:10B2D000084A094BD16801F4E0610B43D360BFF326
:10B2E0004F8FFEE7704700BFBC4F002055445242CD
:10B2F000FC4F002000ED00E00400FA0538B590F89E
:10B3000097300446013B032B58D8DFE803F00212C4
:10B310002C3A022380F8973090F8C03080F89A30A9
:10B32000B0F8C230A0F89830254B1B68C0F8BC308C
:10B3300038BDB0F8982090F89A30A0F8C220204A82
:10B34000152B126880F8C030C0F8BC2007D8012245
:10B3500080F8972093BB1B48FEF742FC38BD182BA2
:10B360002CD1002328E0B0F8B430A0F8AA30B0F80F
:10B37000B030A0F8AC30B0F8B230A0F8AE30042352
:10B380001AE0B0F9AA10B0F9B420B0F9B6508A4268
:10B390000ED0531A4FF4400090FBF3F00A44094BCF
:10B3A0005210D86150430013C0F5F05098611D62EF
:10B3B0000448FEF715FC022384F8973038BD00BF1F
:10B3C000BC4F0020884F0020F0B590F8914074B138
:10B3D000264B4A68197A0A4412B2042AA8BF0422EA
:10B3E00022EAE2721A72012380F89230F0BD90F8DE
:10B3F0009730012B02D0022B1DD0F0BD90F89A405F
:10B400000C266643194A1A4D4B6814F802C0771986
:10B410006344715D9BB27E781DB2B542174601DD73
:10B42000334602E08D42B8BF0B46A3547B7B013309
:10B43000A0F8A430F0BD0F4B4A681B68C0F8BC30C0
:10B44000B0F8983013449BB21AB2002A02DAA0F87E
:10B45000984004E0182AC8BF1823A0F89830B0F923
:10B460009830054AD35C80F89A30F0BD884F0020B0
:10B4700064B00108BC4F0020C0B7010870B5D0F817
:10B480008840061D06F8341006EBC40501346B60D5
:10B4900004F00F04034B6A80C0F888401B68036007
:10B4A00070BD00BFBC4F002070B5364D04462B6800
:10B4B000A63001332B6010F8103C013300F8103C2B
:10B4C00000F014FA94F8913073B194F8A6307F2B01
:10B4D0000AD194F89230002684F8916023B12A486A
:10B4E000FEF77EFB84F8926094F8A630802B05D19D
:10B4F0002A68C4F88C20002284F8902094F89020C8
:10B50000BAB97BB92968D4F88C208A1AB2F5487F79
:10B510000FD31A4620460321FFF7B0FF012384F81A
:10B52000903006E07F2B04D1204602211346FFF71E
:10B53000A5FF94F8A73094F8A82003F00303022B8A
:10B5400002F0030200D122B1022A0DD163B9012316
:10B5500001E04FF0FF330C4AD27C02B15B4220463F
:10B5600001210022FFF78AFF2046FFF7F7FD94F83C
:10B570009630DB0704D404F19C0000F075F970BD2F
:10B5800070BD00BFBC4F0020884F0020024B0068F8
:10B590001B68181A704700BFBC4F002037B504461F
:10B5A0000025D4F88820D4F88430D31A1B0722D081
:10B5B000D4F8842004EBC201043103C98DE80300F0
:10B5C000013202F00F02C4F884209DF80020022A04
:10B5D00003D12046FFF792FE0BE0032A03D1204659
:10B5E000FFF756FE05E0012A03D120466946FFF722
:10B5F000EBFE0125D5E72046FFF7C8FFB0F57A7FBF
:10B60000204688BF0125FFF7C1FF31280DD994F8E6
:10B61000972052B994F8B83001250133DBB2082BDA
:10B6200027D184F8B82084F897502046FFF7AEFF62
:10B63000312804D994F89A30172B08BF01252046E9
:10B64000FFF7A4FF312809D994F89A3033B994F858
:10B650009730012B02D1094B9B7903B965B1084B97
:10B6600020461B682360FFF7A3FD002384F8B93050
:10B6700002E084F8B830D8E703B030BD884F00202E
:10B68000BC4F0020F0B587B00546012603240F46C5
:10B69000102369462A488DF802408DF80330ADF832
:10B6A000006001F03DF8A023ADF800306946182392
:10B6B00024488DF802408DF8033001F031F8402322
:10B6C000ADF80030694604231E488DF802408DF81D
:10B6D0000330002401F024F84FF48273A742ADF840
:10B6E00006304FF40073ADF80E300CBF2823202332
:10B6F000ADF8103001A907231348ADF81430ADF8A8
:10B700000440ADF80840ADF80A40ADF80C40ADF883
:10B71000124001F08BF83146094801F055F83146E6
:10B72000094801F0A2F805F10C00214608222C80FE
:10B730006C60AC6007B0BDE8F04001F079B900BFC3
:10B74000000C0140000801400030014030B5224C9F
:10B7500087B04FF48053ADF8003003251023204606
:10B7600069468DF803308DF8025000F0D9FF4FF490
:10B770002043ADF800302046182369468DF8033089
:10B780008DF8025000F0CCFF4FF48272ADF8062025
:10B790004FF400620023ADF80820A4F554440222BF
:10B7A000ADF80430ADF80A20ADF80C304FF400725B
:10B7B000ADF81030ADF812302046072301A9ADF8DE
:10B7C0000E20ADF8143001F031F82046012101F0CF
:10B7D0004CF807B030BD00BF000C014073B50F4EF0
:10B7E00040F6E2530446ADF80430032510233046FA
:10B7F00001A98DF807308DF8065000F091FF4FF445
:10B80000806333610023A380E380258120462021CB
:10B81000042201F00DF902B070BD00BF000C014020
:10B82000042201F04FB900000E4B4FF480625A61C0
:10B8300010220C4B4FF40060586111F0010F4FF0D3
:10B84000020002F1FF3214BF1861586192B24FF446
:10B85000006049081861002AEBD1024B4FF4806266
:10B860001A617047000C01400389C28870B59A4282
:10B87000044683880E4E0F4D11D836F8132001333D
:10B880006A6103F003038380C25C0B4B33F8121030
:10B89000FFF7CAFFA38836F813302B6102E036F8B1
:10B8A00013306B61E388013303F00303E38070BD61
:10B8B000CCB80108000C0140C27F010813B54FF459
:10B8C0006043ADF80430012304468DF80630064885
:10B8D000482301A98DF8073000F022FFFF232370D1
:10B8E000A370637002B010BD0010014070B5104D20
:10B8F000044606784FF40051284600F05FFF7600BA
:10B90000F6B2304320704FF480412846667800F04C
:10B9100055FF7600F6B2304360704FF40041284680
:10B92000A67800F04BFF7600F6B23043A07070BDF1
:10B930000010014037B510230546ADF8043001244E
:10B940004823054801A98DF806408DF8073000F01E
:10B95000E7FE2C7003B030BD0008014070B53C4DCF
:10B9600092B04FF4007301240646ADF80430284627
:10B97000482301A98DF807308DF8064000F0D0FE6D
:10B98000AB6801A9C3F34023002506F8023B314808
:10B990000823ADF804308DF806408DF8075000F00C
:10B9A000BFFE2D4800F07CFD2C4B2B4807938023D5
:10B9B0000C934FF480730D934FF480630E93202308
:10B9C0000F9307A94FF400531093089609950A9412
:10B9D0000B95119500F0DAFD21461F4800F0F4FDAB
:10B9E0001F4800F095FC4FF4602304931C484FF46B
:10B9F000006302A9059302958DF80C408DF80D4067
:10BA00008DF8184000F0B2FC1548032122460723A8
:10BA100000F0FDFC1248214600F0CCFC104800F07C
:10BA2000DBFC0F4800F0DDFC0028FAD10C4800F0E8
:10BA3000DCFC0B4800F0DEFC0028FAD108480121AC
:10BA400000F0C1FC0648012100F0D8FC12B070BD26
:10BA5000000C014000080140080002404C24014055
:10BA60000024014030B5154685B00C4600F094FB2B
:10BA70002DB14FF000604FF4804100F03FFC45F6DF
:10BA80001C20012100F0AEFE4FF48040012100F0A7
:10BA9000B5FE0120014600F099FEADF808401348BC
:10BAA0000024ADF80440ADF80A40ADF806408DF82A
:10BAB0000C4000F01AFF01A90C4800F0E3FE012140
:10BAC0000A4800F0FDFE4FF4A06000F0D9FB1923F6
:10BAD0008DF80030684601238DF801408DF8024052
:10BAE0008DF8033000F0D6FB05B030BD002C0140CE
:10BAF00001210A4608B5074800F0EEFE064B074A4A
:10BB0000F0215A60064A82F8231000229A60072228
:10BB10001A6008BD002C014010E000E03F19010050
:10BB200000ED00E0482301600B71026882F82B30C1
:10BB30000268002382F82C30026882F82D300268F7
:10BB400082F82E30026882F82F307047036801F1C6
:10BB5000080230B5DA600A7808328C181C614C781B
:10BB600022448C185C618C7822448C189C60CC78C0
:10BB700022448C189C610C7922448C18DC614C792D
:10BB800022448C181C628C7922440A445A62002296
:10BB900083F828200B789342036809D9DC68A55CF8
:10BBA00093F8284002322C4483F8284092B2F1E7FF
:10BBB000002283F82A20036893F8282083F829209C
:10BBC00030BD0B789A4203D3D21AD2B20231F8E7D1
:10BBD00048787047114B70B51D68046805EB850502
:10BBE0000F4E0D4456F82560258819603544258090
:10BBF0000023016832250E884C88B6FBF5F52544F4
:10BC00001D444FF4FA7495FBF4F604FB165401330B
:10BC10002144052B81F83220EBD170BDC04F0020AC
:10BC2000DCC001082DE9F04780468A4615461F46CC
:10BC30001446114B4FF00809234413F80A603306E9
:10BC400047BF0321A02204216022404609F1FF39A9
:10BC5000FFF7C0FF760019F0FF09F6B2EFD101340B
:10BC60007B1BE4B2DBB2234413F0FF0FE1D1E81BEE
:10BC7000C0B2BDE8F08700BFD4B801082DE9F84391
:10BC80001B010646894614465FFA83F80C4B0827C9
:10BC90004B441D5D2B0647BF022150220121424625
:10BCA0003046013FFFF796FF6D0017F0FF07EDB23A
:10BCB000F0D1013414F0FF04E8D1BDE8F88300BFEF
:10BCC000D4B801082DE9F04102F00706013EF6B2B2
:10BCD00012F0F80205460C464FEA06270FD101681C
:10BCE0001A468968FFF76DFF6FEA20133946284628
:10BCF0002278DBB2FFF796FF2070BDE8F081044B9D
:10BD000039469B5D82F0FF02BDE8F041FFF7B6BF08
:10BD1000D4BF01082DE9F84304689DF82070A1699B
:10BD20003A460546FFF74DFFDFF8709094F82C3047
:10BD3000184E19F80330E1691843C3B23A46284651
:10BD400016F80380FFF73DFF94F82D30216A19F8AB
:10BD500003303A461843C3B2F35C28469844B8F11E
:10BD6000FF0F94BF4FF000094FF00109FFF729FFC3
:10BD700094F82E30084A0021D35C1843C3B2F35C18
:10BD800028468833984408EB0902D2B2BDE8F8434C
:10BD9000FFF720BFD4BD0108D4BE0108D9BF0108F8
:10BDA000036870B5002483F82A4006682246B1680B
:10BDB0000546FFF706FF86F830002B6893F8302021
:10BDC000A2EB920283F831202B681C805C8070BD4E
:10BDD000F0B5046825883224B5FBF4F4611A002913
:10BDE00029DD9142B8BF0A460024944201680DDA69
:10BDF0004E884FF4FA75264496FBF5F705FB176558
:10BE0000294491F8321019550134EEE7C2EB822330
:10BE1000088802EB8303C2EBC30300EB43034888AB
:10BE20000B8010444FF4FA7390FBF3F403FB1403FC
:10BE300010464B80F0BD0020F0BD0368C9B283F806
:10BE40002A10036893F82920511A83F828107047A4
:10BE50002DE9F74305680E469046696A3246044666
:10BE6000FFF7AFFE10F0F80907460CD005F12F01DF
:10BE70003A4633462046FFF725FF236802251A7904
:10BE800083F82B205DE095F82D2095F82E3095F85D
:10BE90002C1020460096FFF73DFF236893F82B20D7
:10BEA000013A83F82B20236893F82B203AB9B8F194
:10BEB000010F61D01A79012583F82B2000E04D464F
:10BEC000236893F83020013A83F83020236893F8F0
:10BED0003020002A35D093F83120013A83F8312000
:10BEE000D4F80080AB1998F8312002B917BBDFB243
:10BEF000D8F80C103A462046FFF763FE98F82C302D
:10BF00003A46184488F82C00266820463169FFF725
:10BF100058FE96F82D303A46184486F82D002668CB
:10BF200020467169FFF74DFE96F82E30184486F8CA
:10BF30002E0022E0204608F12F013A46DBB2FFF73F
:10BF4000C1FE2768AA19B968D2B22046FFF739FEA8
:10BF500087F83000236893F83020A2EB920283F830
:10BF600031202268002382F82C30226882F82D309C
:10BF7000226882F82E3000E04546284603B0BDE82E
:10BF8000F083000010B5436800221A745A60DA7B0F
:10BF90009B7B0E4902EB03120D4B044653F82230F3
:10BFA0001944FFF7D3FD2046FFF7FAFE6368997B3B
:10BFB000DA7B02EB0112074931F81200064901440D
:10BFC000596106498A5C1A7610BD00BF40C101085C
:10BFD000C0E80108B0E9010860E9010840E901088A
:10BFE00043689A7B8A4202D09973FFF7CBBF7047B0
:10BFF0004368DA7B8A4202D0D973FFF7C3BF704728
:10C0000010B5044641601C31FFF78CFD63680021C8
:10C01000997359606368FF22DA7320465981BDE83D
:10C020001040FFF7E5BF000010B543F6FF739842DC
:10C03000A8BF1846A0F58043002213F5C06302F1A3
:10C040000102FAD407481C1150F82410013450F8AA
:10C05000240003F00F03401A434301EB2310D040A8
:10C0600010BD00BF387901082DE9F74399464368B0
:10C070000446B3F908009046FFF7D6FF00250746AF
:10C080004D4554DA6268002150682A4BCEB298427E
:10C0900001F1010115D9284B03445360F4E7002155
:10C0A000204601220DF10703FFF792FE616858B1A7
:10C0B0004B88013E0B809DF80730F6B27F3B1B0298
:10C0C0004B80002EEBD129E00A7C23681AB193F84B
:10C0D000282002B90A740A7C3AB9898993F82A306F
:10C0E0008B4202D02046FFF7A8FE2368204693F833
:10C0F0002A1093F82820FFF7ABFE63681B7C002B07
:10C10000DFD0236893F82A20024483F82A2023688A
:10C1100093F82820101A83F82800D2E763681A8859
:10C1200028F815205A6801353A445A60A8E703B048
:10C13000BDE8F0839A77CE01668831FE38B50C46AB
:10C14000D10A0546FFF754FF47F6FF7314F4004F7A
:10C1500018BF1C466A682B68107E93F829301B1A9A
:10C16000DBB25C430023C4F3CF34DDB2E118854277
:10C1700089B201D3918138BD5569ED5C8D42F9D208
:10C180000133F2E7436819817047436801221A744A
:10C190009989FFF752BE0000364B82B01A6842F010
:10C1A00001021A605968344A0A405A601A6822F03B
:10C1B000847222F480321A601A6822F480221A6093
:10C1C0005A6822F4FE025A604FF41F029A6000225D
:10C1D000009201921A6842F480321A601A6802F4DE
:10C1E00000320192009A01320092019A1AB9009A23
:10C1F000B2F5A06FF2D11A6812F4003218BF012212
:10C200000192019A012A32D11C4A116841F01001B1
:10C210001160116821F003011160116841F0020101
:10C2200011605A685A605A685A605A6842F48062CB
:10C230005A605A6822F47C125A605A6842F4E81232
:10C240005A601A6842F080721A601968094A8901B6
:10C25000FBD5516821F003015160516841F00201A2
:10C2600051605A6802F00C02082AFAD100E0FEE799
:10C2700002B07047001002400000FFF800200240AA
:10C2800040F0BF60024B40F40030D860704700BF00
:10C2900000ED00E0C27810B50378FAB1154A447891
:10C2A000D26803F16043D243C2F30222C2F1040117
:10C2B00004FA01F10F2424FA02F2847803F56143B1
:10C2C00022400A431201D2B283F8002303780122EC
:10C2D000590903F01F0302FA03F306E0590901228A
:10C2E00003F01F0302FA03F32031034A42F821301E
:10C2F00010BD00BF00ED00E000E100E021F0604172
:10C3000021F07F01014B08439860704700ED00E089
:10C3100008B5134B984207D14FF40070012100F08B
:10C3200079FA4FF4007014E00E4B984207D14FF4A5
:10C330008060012100F06EFA4FF4806009E00A4B42
:10C3400098420BD14FF40040012100F063FA4FF402
:10C3500000400021BDE8084000F05CBA08BD00BF05
:10C360000024014000280140003C014043680A6865
:10C3700023F4702323F4807313430A7910B543EA3E
:10C38000022343608A68CB6884681A43084B2340C1
:10C3900013434A7943EA420383600B7CC26A013B40
:10C3A00022F47002DBB242EA0353C36210BD00BF45
:10C3B000FDF7F1FF836811B143F0010301E023F0C1
:10C3C000010383607047836811B143F4807301E017
:10C3D00023F4807383607047836843F008038360AD
:10C3E00070478068C0F3C0007047836843F004035F
:10C3F000836070478068C0F380007047836811B124
:10C4000043F4A00301E023F4A003836070470929EB
:10C4100070B50DD9A1F10A0404EB44040725A54029
:10C42000A340C66826EA050545EA0304C4600BE09C
:10C4300001EB41040725A54003FA04F4066926EA46
:10C44000050545EA04030361062A0CD8013A02EB0C
:10C4500082021F23934001FA02F2446B24EA030391
:10C460001A43426370BD0C2A0CD8073A02EB8202D1
:10C470001F23934001FA02F2046B24EA03031A43D8
:10C48000026370BD0D3A02EB82021F23934001FA52
:10C4900002F2C46A24EA03031A43C26270BD0000B8
:10C4A000036823F00103036000230360436083609B
:10C4B000C3602A4B984222D0294B984229D0294B5D
:10C4C000984230D0284B984237D0284B98423ED0E3
:10C4D000274B984206D153F8682C42F4700243F877
:10C4E000682C7047234B984206D153F87C2C42F0BD
:10C4F000706243F87C2C70471F4B984206D153F86A
:10C50000042C42F00F0243F8042C70471B4B984256
:10C5100006D153F8182C42F0F00243F8182C70475B
:10C52000174B984206D153F82C2C42F4706243F812
:10C530002C2C7047134B984206D153F8402C42F4F0
:10C54000704243F8402C70470F4B984205D153F886
:10C55000542C42F4702243F8542C704708000240D7
:10C560001C000240300002404400024058000240DB
:10C570006C00024080000240080402401C0402409B
:10C580003004024044040240580402408A6810B556
:10C590000C6A036814430A6923F4FF4314434A698D
:10C5A00023F0700314438A691443CA6914434A6A26
:10C5B00014438A6A224313430360CB6843600B68C9
:10C5C00083604B68C36010BD036811B143F0010381
:10C5D00001E023F00103036070470000034B044AAD
:10C5E0005A6002F188325A60704700BF0020024052
:10C5F00023016745084BDA68D10709D4DA68520786
:10C6000008D4DB6813F0100F0CBF04200320704720
:10C6100001207047022070470020024013B50446F5
:10C62000FFF7E8FF01280FD164B100230193FF2336
:10C630000193019B13B1019B013BF9E7FFF7DAFF7F
:10C64000013CEFE7052002E0002C08BF052002B006
:10C6500010BD000038B5054640F6FF70FFF7DEFF5D
:10C66000042814D10A4C40F6FF70236943F00203FA
:10C6700023616561236943F040032361FFF7CEFF27
:10C68000052804D0226941F6FD731340236138BDAB
:10C690000020024073B5002306460F200D4601938B
:10C6A000FFF7BCFF04281AD10E4C0F20236943F07A
:10C6B00001032361ABB23380FFF7B0FF042807D139
:10C6C00002360196019B2D0C1D800F20FFF7A6FF5F
:10C6D000052804D0226941F6FE731340236102B09D
:10C6E00070BD00BF0020024070B505460F200E4609
:10C6F000FFF794FF04280FD1084C0F20236943F063
:10C70000010323612E80FFF789FF052804D02269E9
:10C7100041F6FE731340236170BD00BF002002404C
:10C72000CB78F0B5DA0648BF8A78098803F00F05A0
:10C7300048BF154311F0FF0F1DD0046800220127E8
:10C74000974007EA0106BE4211D197004FF00F0C47
:10C750000CFA07FC05FA07F724EA0C04282B44EA34
:10C76000070401D1466102E0482B08BF066101328F
:10C77000082AE4D10460FF291FD94468002202F18D
:10C7800008060127B74007EA0106BE4211D197000B
:10C790004FF00F0C0CFA07FC05FA07F724EA0C041B
:10C7A000282B44EA070401D1466102E0482B08BF68
:10C7B00006610132082AE2D14460F0BD8368194263
:10C7C0000CBF00200120704701617047044B5A697B
:10C7D00009B1104301E022EA00005861704700BF30
:10C7E00000100240044B9A6909B1104301E022EAAB
:10C7F00000009861704700BF00100240044BDA69E6
:10C8000009B1104301E022EA0000D861704700BF7F
:10C8100000100240044BDA6809B1104301E022EA3B
:10C820000000D860704700BF001002400B8810B5B0
:10C830004C88028823438C8802F441522343CC88DD
:10C8400023430C8923434C8923438C892343CC897C
:10C85000234313439BB20380838B23F400631B04A5
:10C860001B0C83830B8A038210BD038819B19BB212
:10C8700043F0400303E023F040031B041B0C038040
:10C88000704700000388CA8803F08F030380038881
:10C890009BB213434A8813439BB203808B888385E2
:10C8A0000B880385054B984203D003F5006398423B
:10C8B00001D10B7A0386012383827047002C01404B
:10C8C000038819B19BB243F0010303E023F0010395
:10C8D0009B059B0D0380704783899BB20AB1194366
:10C8E00001E023EA010181817047038923F00703F6
:10C8F0001B041B0C03817047002100F004B80B4B94
:10C900005B58435004310A480A4B42189A42FFF4DC
:10C91000F6AF094A00F003B8002342F8043B074B86
:10C920009A42FFF4F9AFF8F771FE704708EA010880
:10C9300000000020C0030020C0050020C44F0020DC
:10C94000FFF7FEBF844641EA000313F0030349D119
:10C95000403A23D30B6803604B6843608B68836065
:10C96000CB68C3600B6903614B6943618B69836169
:10C97000CB69C3610B6A03624B6A43628B6A836251
:10C98000CB6AC3620B6B03634B6B43638B6B836339
:10C99000CB6BC36340304031403ADBD230320BD3F3
:10C9A0000B6803604B6843608B688360CB68C3602F
:10C9B00010301031103AF3D20C3205D351F8043B49
:10C9C00040F8043B043AF9D2043208D0D2071CBF25
:10C9D00011F8013B00F8013B01D30B88038060464E
:10C9E000704700BF082A13D38B07B1D010F00303A0
:10C9F000AED0C3F10403D21ADB071CBF11F8013B10
:10CA000000F8013BA4D331F8023B20F8023B9FE73A
:10CA1000043AD9D3013A11F8013B00F8013BF9D2AD
:10CA20000B7803704B7843708B7883706046704747
:10CA3000F0B4840743D0541E002A3ED0CDB2034642
:10CA400003E0621E002C38D0144603F8015B9A07FD
:10CA5000F7D1032C2AD9CDB245EA05250F2C45EA9A
:10CA6000054515D9A4F110073F0903F1100606EB9F
:10CA700007161A46156055609560D5601032B242AF
:10CA8000F8D104F00F040137032C03EB07130DD981
:10CA90001E462246043A032A46F8045BFAD8221FAF
:10CAA00022F003020432134404F003042CB1C9B28F
:10CAB0001C4403F8011BA342FBD1F0BC7047144691
:10CAC0000346C6E740EA01039B0770B42AD1032A54
:10CAD00028D90C460346214654F8045BA5F10136DB
:10CAE00026EA050616F0803F05D1043A032A43F8EA
:10CAF000045B2146EFD89AB10C78013A1C700133DF
:10CB00003CB16AB111F8014F013A03F8014B002C16
:10CB1000F7D12AB11A44002103F8011B9342FBD13B
:10CB200070BC70470346E6E700000000000000000C
:10CB300000000000000000000000000000000000F5
:10CB400000000000000000000000000000000000E5
:10CB5000000600000C0000000000800000018001C1
:10CB600000028002000380030004800400058005A9
:10CB700000000000000000000006000007000000A8
:10CB80000000000100028002800380048005000094
:10CB90000000000000000000000000000000000095
:10CBA0000006000007000000000000018001800274
:10CBB0008003800400050000000000000000000069
:10CBC0000000000000000000000600000700000058
:10CBD0000000800080018002800300040005000046
:10CBE0000000000000000000000000000000000045
:10CBF0000006000007000000000000010002000322
:10CC00008003800480050000000000000000000098
:10CC10000000000000000000000600000700000007
:10CC20000000000100028002800380040005000073
:10CC300000000000000000000000000000000000F4
:10CC400000060000070000000000000180018002D3
:10CC50008003000400050000000000000000000048
:10CC600000000000000000000006000007000000B7
:10CC70000000800080018002000300040005000025
:10CC800000000000000000000000000000000000A4
:10CC90000006000006000000000080010002800382
:10CCA00080040005000000000000000000000000FB
:10CCB0000000000000000000000600000600000068
:10CCC00000008001800200038003000500000000D6
:10CCD0000000000000000000000000000000000054
:10CCE00000060000050000000000000100028003B3
:10CCF00080040000000000000000000000000000B0
:10CD00000000000000000000000600000500000018
:10CD10000000800180028003000500000000000088
:10CD20000000000000000000000000000000000003
:10CD300000060000080000000000800080010002E2
:10CD400080028003000400050000000000000000D5
:10CD500000000000000000000006000005000000C8
:10CD6000000080008002800300040000000000003A
:10CD700000000000000000000000000000000000B3
:10CD80000006000005000000000080008001800314
:10CD9000000400000000000000000000000000008F
:10CDA0000000000000000000000600000700000076
:10CDB00000000001800100038003000480050000E2
:10CDC0000000000000000000000000000000000063
:10CDD0000006000007000000000080000002800242
:10CDE0008003000480050000000000000000000037
:10CDF0000000000000000000000600000700000026
:10CE00000000800000028002800300040005000092
:10CE10000000000000000000000000000000000012
:10CE200000060000060000000000000100020003F0
:10CE300000040005000000000000000000000000E9
:10CE40000000000000000000000600000C000000D0
:10CE500000007300050178010A027D020F038303BD
:10CE6000F6038804FB048D050000000000000000AC
:10CE7000000600000C00000000008000000180019E
:10CE8000C001800200038003000480040005400507
:10CE90000000000000000000000600000C00000080
:10CEA0000000800000018001C001800200038003B7
:10CEB0000004800400058005000000000000000060
:10CEC000000600000C00000000008000000180014E
:10CED000C0018002000380030004400400058005B7
:10CEE0000000000000000000000600000700000035
:10CEF00000007300EE017D028303F603710500005C
:10CF00000000000000000000000000000000000021
:10CF1000000600000500000000008F007D02830372
:10CF200012040000000000000000000000000000EB
:10CF300000000000000000000006000006000000E5
:10CF400000008F00EE01F3026C0471050000000088
:10CF500000000000000000000000000000000000D1
:10CF6000000600000700000000007300EE01F3025D
:10CF70008303F603710500000000000000000000BC
:10CF80000000000000000000000600000700000094
:10CF900000008F00EE01F30283031204710500000C
:10CFA0000000000000000000000000000000000081
:10CFB000000600000700000000000501EE017D02F0
:10CFC00083038804710500000000000000000000D9
:10CFD0000000000000000000000600000700000044
:10CFE000000005010A020F03830388048D05000079
:10CFF0000000000000000000000000000000000031
:10D0000000060000070000000000E90078017D0232
:10D0100083036C04FB04000000000000000000001B
:10D0200000000000000000000006000007000000F3
:10D030000000050194017D028303880417050000A8
:10D0400000000000000000000000000000000000E0
:10D0500000060000070000000000050178017D02C5
:10D060008303F603FB040000000000000000000042
:10D0700000000000000000000006000007000000A3
:10D0800000000501EE017D0283036C04FB04000037
:10D090000000000000000000000000000000000090
:10D0A000000600000800000000000501EE017D02FE
:10D0B00083038804FB048D050000000000000000CD
:10D0C0000000000000000000000600000800000052
:10D0D0000000050178017D0283036C04FB047105E7
:10D0E0000000000000000000000000000000000040
:10D0F00000060000060000000000730078017D02B9
:10D100006C04FB04000000000000000000000000B0
:10D110000000000000000000000600000600000003
:10D120000000050178017D02830371050000000005
:10D1300000000000000000000000000000000000EF
:10D1400000060000060000000000EE017D028303DF
:10D15000F603FB04000000000000000000000000D7
:10D1600000000000000000000006000006000000B3
:10D1700000000501F30283036C04FB0400000000BF
:10D18000000000000000000000000000000000009F
:10D1900000060000070000000000050178017D0284
:10D1A00083038804FB04000000000000000000006E
:10D1B0000000000000000000000600000700000062
:10D1C00000000501EE017D028303F60371050000F6
:10D1D000000000000000000000000000000000004F
:10D1E0000006000006000000000005010A027D02A2
:10D1F000F603FB0400000000000000000000000037
:10D200000000000000000000000600000500000013
:10D21000000073007D028303FB0400000000000097
:10D2200000000000000000000000000000000000FE
:10D230000006000005000000000073007801830371
:10D24000FB040000000000000000000000000000DF
:10D2500000000000000000000006000005000000C3
:10D26000000078017D028303FB0400000000000041
:10D2700000000000000000000000000000000000AE
:10D280000006000005000000000078017D02F302A6
:10D29000F603000000000000000000000000000095
:10D2A0000000000000000000000600000600000072
:10D2B00000007801EE017D026C04FB040000000018
:10D2C000000000000000000000000000000000005E
:10D2D00000C000E000F000F800FFF0FFFFFF1800C2
:10D2E0000C00060004000300020001005A425E0A1E
:10D2F0008D0FBC148D0FA90B1CFF03FFA2FE63FE54
:10D3000047FD79FD78FC99FB26FA46F76FF4BBB32D
:10D310009A9B87868913180308424F19B4AE407F41
:10D32000C60F0A070B00BFC073EEEDECF12F464CA1
:10D33000EB1A85D022AFB792939496979899758AF5
:10D340002021237DC7C91E1FC11B1D1512B62F2505
:10D35000F229A0305C315C32AC21C82D2F318432EF
:10D3600066339B1D732EE03142330B34AC211D27F5
:10D370002F31E031D23284202F252F311F32F83265
:10D38000E025452A0A32D232CF33AC21332EE031A8
:10D39000AC33A534E41E062F8432CF338C34AC2159
:10D3A000AC27E03184321D3384202F253432D23231
:10D3B000F0330226962A5C321D3312348022B12EBD
:10D3C00034321D33F033451EEE2ED2321234AB34DC
:10D3D0004D22E32734321D33F03300219B255C328C
:10D3E0001D333334AC27D02A843273347337AC21E5
:10D3F000AC2D3432F03373378420332E3432EE3494
:10D400007337B122AC279C3273347337E01F842604
:10D41000A43173347337AC27D02AD23263357337D3
:10D4200084209B2F8432B1347337451E3130F8325B
:10D4300063357337B122AC279C3229357337E01F2F
:10D44000842634322935733700207015002099392D
:10D4500070557035B82E8F2A8F2A00188F2AFDFF3D
:10D46000FDFFFDFFFCFFFBFFFBFFFAFFF9FFF7FFEE
:10D47000F3FFEFFF1B28590F0D0112333E0D0C0671
:10D480000F455D0E0C070A546E0D0A08172C570F36
:10D490000C010D1D500D0800062E510C0300093320
:10D4A0005F0F030006496307030E0040961CB51684
:10D4B000B516660600401310B51613100E0800408E
:10D4C0000602240A15058C0200400912B4056606FE
:10D4D000A300004066069B018C020301004013205C
:10D4E000961C7A1915050040C50C1310C50C66066C
:10D4F0000040610B0E086606060200403D14131042
:10D5000013103503004066060A09C50C35030040B8
:10D51000132087040904CE000040C50C0E086606DF
:10D5200066060040090409040301030100403D149C
:10D5300035031505460100406606870406024601CC
:10D54000004061286606030110000040090406023D
:10D55000230110000040660606020301100000408F
:10D56000B516240A8C021D00004013100602A30009
:10D570000A00004013209B01660633000040660647
:10D58000610BA30019000040131035033503670039
:10D59000004009121505150533000040240A230137
:10D5A000A3001000FCFAFDFA48FF49FF810197042F
:10D5B0000006B9088209760B260C1000010203044C
:10D5C00005060708090A0B0C0D0E0F0F101011129B
:10D5D000131415161718191A1B1C1D1E1F1F1020B7
:10D5E0002122232425262728292A2B2C2D2E2F2FB4
:10D5F00010303132333435363738393A3B3C3D3EE2
:10D600003F3F104041424344444546474849494A08
:10D610004B4B4C4C104D4E4F505152535455565746
:10D6200058595A5B5C5C105D5E5F60616263646563
:10D63000666768696A6B6C6C106D6E6F707172737F
:10D640007475767778797A7B7C7C107D7E7F80819B
:10D6500082838484848484848484848410858687FB
:10D6600088898A8B8C8D8E8F909090919191109259
:10D670009394959697979798989898999999999936
:10D68000089A9A9A9A9A9A9B9C9C00000000000023
:10D69000000010B09D9E9FA0A1A2A3A4A5A6A7A82C
:10D6A000A9AAABAB10ACADAEAFB0B1B2B3B4B5B626
:10D6B000B7B8B9BABBBB10B0BCBDBEBFC0C1C2C356
:10D6C000C4C5C6C7C8C9CACA10CBCDCCCDD4CECF6D
:10D6D000D0D0D1D2D2D3D3D4D4D408D5D5D5D6D7DF
:10D6E000D8D9DADB000000000000000010DCDDDE2D
:10D6F000DFE0E1E2E3E4E5E6E7E8E9EAEBEB10ECA2
:10D70000EDEEEFF0F1F2F3F4F5F6F7F8F9FAFBFBD2
:10D7100004FCFDFEFFFE0000000000000000000011
:10D7200000000000222900009F3900000040000096
:10D730009F390000000000001104D3063607000CDA
:10D74000FDFFFBFFFBFFFBFFFBFFECFF063679094C
:10D7500009001232330C0A050B18460D08000F455C
:10D760004A0E0C0710256F0E080112333E0E0C06F0
:10D77000061A51050505064963070A0E0000000058
:10D780000000008000000040000000803BFECBFC59
:10D79000CBFCCBFCCBFC68F30003040000F400F4EA
:10D7A00004F480F400F580F500F680F600F77CF7CD
:10D7B00080F700F880F800F980F9FCF900FA80FAA7
:10D7C00000FB80FB00FC7CFC80FC00FD80FD00FE7B
:10D7D00080FE00FF80FFE8FFF8FFFCFF0000040070
:10D7E0000800180080000001800100028002000390
:10D7F00080038403000480040005800500060406FD
:10D800008006000780070008800884080009800956
:10D81000000A800A000B800BFC0B000C000C0000BF
:10D820002FFEFDFB9DF946F730F58FF391F24EF296
:10D83000D1F21BF40CF67EF83AFBFFFD9000A50236
:10D840001004A10448040003DF000FFECEFA62F7C3
:10D850001EF451F144EF37EE47EE8DEFF4F156F53B
:10D860006FF9E9FD6102650692098B0B060CE00A6F
:10D870000908A803FEFD73F78AF0E3E91CE4DADF88
:10D88000B6DD27DE83E1FDE781F1E1FDA10C2F1D6F
:10D89000C52E894094510061FA6DCB77EB7DFD7FF9
:10D8A000EA7DCC77F96D016193518A40C42E2F1D1A
:10D8B000A30CDEFD84F1FBE784E126DEB6DDDBDFD1
:10D8C0001CE4E2E98BF073F7FDFDA8030A08DF0A08
:10D8D000070C8A0B930965066002EAFD6FF955F59E
:10D8E000F5F18BEF4AEE35EE45EF50F11FF461F79D
:10D8F000CFFA0EFEE000FF024804A2041004A502C5
:10D900008F0000FE39FB7FF80BF61BF4D3F24CF2CC
:10D9100091F290F330F545F79EF9FCFB30FEFFFFE6
:10D920004901EB01E2012C01E2FF24FE1CFCFDF9A0
:10D93000FAF740F6F6F43AF41AF494F49EF51BF76D
:10D94000E5F8D3FAB3FC60FEABFF7D00C1007400C4
:10D950009FFF57FEBCFCF5FA2CF98CF73AF655F50B
:10D96000F3F416F5C1F5DCF652F8FBF9B1FB4BFD0B
:10D97000A5FE9BFF1D001B0097FFA1FE4CFDBAFBFF
:10D9800011FA7AF816F70CF66EF54EF5B0F586F644
:10D99000C0F73DF9DEFA76FCE7FD07FFC0FF0000A7
:10D9A000C1FF07FFE6FD77FCDDFA3EF9BFF787F61A
:10D9B000AFF54FF56EF50BF617F779F812FABAFBDB
:10D9C0004BFDA1FE98FF1A001D009DFFA3FE4CFD1C
:10D9D000B1FBFAF952F8DDF6C0F517F5F2F456F599
:10D9E00039F68DF72CF9F4FABCFC58FE9FFF730052
:10D9F000C2007C00ACFF5FFEB4FCD3FAE4F81CF775
:10DA00009DF595F419F43BF4F6F43FF6FAF7FEF9B8
:10DA10001CFC23FEE2FF2D01E101EC0148010000A6
:10DA200055555555DF480A48516F1D3D52F4153480
:10DA30003687952CC1075226AFD21021FF3BA31C7D
:10DA40002FE6E3189CBCB4151F67FD12A918AA1095
:10DA50005EA2AA0EDCBAF10C486D740B02A7290A6B
:10DA600002DD0909AEC30E080715330733627206DB
:10DA7000F9EDC8054C8E33058193AF0412B43A0416
:10DA8000FAFBD20304BF76037E8D2403D72ADB0280
:10DA9000D185990201B25E025CE22902A464FA0116
:10DAA000909DCF018C05A901FA258601DB966601C0
:10DAB000D8FC49018D0730011A701801E4F7020102
:10DAC0008467EF00E48DDD006B3FCD005855BE004C
:10DAD00027ADB0000C28A40088AA9800001C8E0076
:10DAE0006A66840000767B0000397300719F6B00CA
:10DAF000EF9A6400821E5E00741E5800309052003F
:10DB0000226A4D009BA34800BE34440065164000C5
:10DB100011423C00DBB138005F603500B74832008D
:10DB200069662F005CB52C00D5312A0067D8270024
:10DB3000F1A5250092972300A9AA2100C8DC1F00A7
:10DB4000B82B1E006C951C0002181B00BEB11900FA
:10DB5000066118006124170072FA1500F6E114003E
:10DB6000C4D91300C7E0120000F611008418110098
:10DB7000754710000A820F0084C70E0035170E008B
:10DB800079700D00B8D20C00663D0C00FFAF0B00A1
:10DB9000092A0B0010AB0A00AB320A0076C009005C
:10DBA0001554090030ED0800778B08009D2E080001
:10DBB0005CD60700728207009F320700ABE60600C2
:10DBC0005D9E060083590600ED1706006DD905001D
:10DBD000D99D050009650500D82E050022FB04002B
:10DBE000C6C90400A59A0400A16D04009F42040068
:10DBF0008519040039F20300A5CC0300B3A8030083
:10DC00004E86030062650300DE450300AF27030074
:10DC1000C50A030010EF020082D402000CBB020010
:10DC200072FF6EFF71FF75FF7FFF83FF86FF83FF2B
:10DC30007BFF72FF6EFF6EFF73FF7BFF84FF88FF29
:10DC400085FF7FFF74FF6DFF6BFF6FFF78FF83FF22
:10DC50008BFF89FF82FF78FF6CFF66FF6AFF75FF0D
:10DC600081FF8DFF8FFF89FF7BFF6CFF61FF62FFEC
:10DC70006DFF7FFF90FF99FF94FF82FF6CFF58FFBD
:10DC800051FF5FFF78FF98FFAEFFB0FF97FF6AFF7D
:10DC90003CFF1EFF24FF5CFFBFFF3C00B4000E01F1
:10DCA000FD7F0F01B4003B00BFFF5DFF24FF1DFFA0
:10DCB0003CFF6BFF96FFB1FFADFF98FF79FF5EFF62
:10DCC00052FF58FF6AFF84FF93FF9AFF8FFF80FF88
:10DCD0006DFF61FF62FF6BFF7CFF88FF8FFF8EFF90
:10DCE00081FF74FF6AFF67FF6CFF76FF84FF89FF87
:10DCF0008AFF83FF79FF6FFF6AFF6DFF75FF7EFF6D
:10DD000086FF87FF84FF7CFF73FF6DFF6EFF73FF4D
:10DD10007BFF82FF86FF84FF7EFF76FF70FF6FFF31
:10DD200071FF79FF80FF84FF83FF80FF79FF72FF1F
:10DD30006FFF72FF77FF7DFF82FF83FF82FF79FF16
:10DD400076FF70FF71FF75FF7BFF81FF83FF81FF0F
:10DD50007DFF76FF72FF72FF73FF79FF80FF81FF07
:10DD600082FF7EFF79FF73FF71FF73FF78FF7DFFF6
:10DD700081FF82FF80FF79FF75FF73FF71FF77FFDF
:10DD80007BFF80FF82FF80FF7CFF77FF72FF72FFC7
:10DD900075FF79FF80FF81FF80FF7FFF77FF74FFB2
:10DDA00071FF75FF77FF7EFF81FF81FF7FFF7AFFA5
:10DDB00074FF72FF74FF75FF7DFF7FFF83FF7FFF9E
:10DDC0007CFF76FF72FF72FF76FF79FF7FFF83FF94
:10DDD00080FF7EFF77FF74FF70FF74FF79FF7DFF88
:10DDE00082FF83FF7EFF79FF74FF72FF71FF77FF71
:10DDF0007DFF80FF84FF80FF7CFF74FF71FF72FF57
:10DE000074FF7AFF81FF83FF83FF7DFF77FF71FF40
:10DE100070FF72FF78FF80FF84FF84FF7FFF79FF30
:10DE200072FF00003FFE2DFCDFF969F7EDF47FF291
:10DE30003CF041EEA3EC78EBD0EAB8EA33EB44ECEB
:10DE4000E1ED00F08EF271F591F8C7FBF9FEFB01F0
:10DE5000B304F706AE08C009120A9E095A084D0617
:10DE60007C030100F1FB74F7B3F2D8ED1DE9B1E4D6
:10DE7000CBE0A2DD62DB3BDA53DAC3DBA2DEFBE2FE
:10DE8000C8E800F089F84202F70C7B188724DD30DF
:10DE9000303D3849AC54405FB668CD705077187C3F
:10DEA000027FFF7F037F187C5077CD70B568415F9C
:10DEB000AC543849303DDC3088247A18F90C4002E3
:10DEC00089F801F0C8E8FBE2A2DEC3DB52DA3CDAF3
:10DED00062DBA2DDCBE0B0E41DE9DAEDB1F275F76B
:10DEE000F1FB00007D034D0659089F09130ABE0986
:10DEF000AE08F906B104FC01F9FEC7FB90F872F513
:10DF00008DF201F0E1ED44EC33EBB7EAD1EA78EBC6
:10DF1000A3EC40EE3EF07DF2EDF46BF7DDF92EFC64
:10DF20003FFEFFFF5F014F02C702C90253027101AA
:10DF3000290090FEB9FCB5FA9EF889F691F4C3F277
:10DF40003AF101F023EFACEE9CEEF5EEADEFC1F04F
:10DF500020F2B8F37FF556F734F9FBFA9DFC0AFE80
:10DF60002CFF0100780093004D00AFFFBBFE81FD48
:10DF70000CFC6EFAB6F8FDF64FF5C2F368F24CF100
:10DF80007DF0FFEFDEEF14F0A2F082F1A7F206F4CD
:10DF900093F536F7E3F884FA09FC61FD7DFE52FF44
:10DFA000D2FF0100D4FF50FF7EFE60FD0AFC84FA20
:10DFB000E3F836F792F507F4A7F282F1A2F013F036
:10DFC000DFEFFFEF7DF04BF168F2C4F34EF5FCF6A6
:10DFD000B7F86EFA0CFC80FDBCFEAEFF4F0091005E
:10DFE000790000002EFF08FE9EFCFBFA33F957F77C
:10DFF0007EF5BAF31EF2C2F0ADEFF4EE9DEEACEE9C
:10E0000023EF01F039F1C4F290F48AF69EF8B5FAE4
:10E01000B8FC91FE2A006F015402C802C8024F02E8
:10E020005E01000000000100010002000200030088
:10E0300003000400040005000600080009000B00AE
:10E040000D001000000001000100020002000300AA
:10E0500003000400040005000600080009000B008E
:10E060000D0010000000010001000200020003008A
:10E0700003000400040005000600080009000B006E
:10E080000D0010000000010001000200020003006A
:10E0900003000400040005000600080009000B004E
:10E0A0000D0010000000010001000200020003004A
:10E0B00003000400040005000600080009000B002E
:10E0C0000D0010000000010001000200020003002A
:10E0D00003000400040005000600080009000B000E
:10E0E0000D0010000000010001000200020003000A
:10E0F00003000400040005000600080009000B00EE
:10E100000D001000000001000100020002000300E9
:10E1100003000400040005000600080009000B00CD
:10E120000D0010000000FFFFFFFFFEFFFEFFFDFFE0
:10E13000FDFFFCFFFCFFFBFFFAFFF8FFF7FFF5FF19
:10E14000F3FFF0FF0000FFFFFFFFFEFFFEFFFDFFFC
:10E15000FDFFFCFFFCFFFBFFFAFFF8FFF7FFF5FFF9
:10E16000F3FFF0FF0000FFFFFFFFFEFFFEFFFDFFDC
:10E17000FDFFFCFFFCFFFBFFFAFFF8FFF7FFF5FFD9
:10E18000F3FFF0FF0000FFFFFFFFFEFFFEFFFDFFBC
:10E19000FDFFFCFFFCFFFBFFFAFFF8FFF7FFF5FFB9
:10E1A000F3FFF0FF0000FFFFFFFFFEFFFEFFFDFF9C
:10E1B000FDFFFCFFFCFFFBFFFAFFF8FFF7FFF5FF99
:10E1C000F3FFF0FF0000FFFFFFFFFEFFFEFFFDFF7C
:10E1D000FDFFFCFFFCFFFBFFFAFFF8FFF7FFF5FF79
:10E1E000F3FFF0FF0000FFFFFFFFFEFFFEFFFDFF5C
:10E1F000FDFFFCFFFCFFFBFFFAFFF8FFF7FFF5FF59
:10E20000F3FFF0FF0000FFFFFFFFFEFFFEFFFDFF3B
:10E21000FDFFFCFFFCFFFBFFFAFFF8FFF7FFF5FF38
:10E22000F3FFF0FF61FF5CFF80FF92FF75FF59FF76
:10E2300066FF8EFF8CFF67FF55FF76FF97FF81FF1C
:10E2400056FF5DFF89FF97FF6DFF50FF6BFF98FF43
:10E250008EFF5BFF4EFF81FFA2FF7AFF49FF5CFF4D
:10E2600098FF9FFF61FF3FFF74FFADFF8DFF45FFEC
:10E2700044FF94FFB8FF6EFF2AFF5CFFBAFFB1FFB7
:10E2800040FF1CFF88FFE3FF8EFF02FF24FFD7FF44
:10E2900003003EFFAAFE5BFF7700180047FEBEFDAD
:10E2A000BE00AD05FF7FAD05BF00BDFD46FE1A00F7
:10E2B00076005BFFABFE3DFF0300D7FF24FF02FFAC
:10E2C0008EFFE3FF88FF1DFF3FFFB0FFBCFF5BFF3A
:10E2D0002AFF6FFFB6FF95FF45FF44FF8DFFAEFF9E
:10E2E00072FF41FF60FF9FFF99FF5BFF48FF7CFFCC
:10E2F000A1FF80FF50FF5AFF8EFF98FF6CFF4EFF7B
:10E300006FFF96FF8AFF5BFF58FF80FF96FF77FF46
:10E3100056FF66FF8CFF8EFF67FF57FF77FF91FF69
:10E3200080FF5CFF61FF85FF8DFF71FF5AFF6EFF6D
:10E330008CFF86FF63FF5FFF7BFF8EFF79FF5DFF32
:10E3400068FF86FF89FF6BFF5FFF73FF8BFF7FFF17
:10E3500063FF64FF7EFF8BFF74FF5EFF6DFF88FF2E
:10E3600083FF6AFF5FFF7AFF8AFF79FF62FF68FF22
:10E3700083FF87FF6EFF61FF71FF89FF80FF65FFED
:10E3800064FF7DFF88FF76FF61FF6CFF85FF83FFE1
:10E390006CFF61FF78FF87FF7CFF63FF68FF80FFF2
:10E3A00087FF71FF61FF70FF87FF81FF67FF63FFDA
:10E3B0007CFF88FF77FF62FF6AFF85FF84FF6DFFA8
:10E3C00061FF74FF8AFF7CFF64FF66FF80FF87FFA9
:10E3D00073FF60FF6FFF87FF82FF68FF62FF7AFFB6
:10E3E00089FF7AFF60FF69FF83FF88FF6EFF5EFF92
:10E3F00073FF8BFF7FFF63FF63FF7FFF8BFF75FF63
:10E400005CFF6DFF88FF87FF67FF5EFF78FF8EFF71
:10E410007CFF5DFF65FF86FF8BFF6FFF59FF70FF7D
:10E4200090FF83FF61FFFEFF3DC02DB417ACD5A563
:10E43000A9A0379C4C98C6949291A08EE48B5689E3
:10E44000F086AD8488827D808B7EAE7CE47A2D79E7
:10E450008577EC756174E37271710970AC6E586DFB
:10E460000D6CCB6A90695D6832670D66EE64D663A9
:10E47000C362B661AE60AB5FAC5EB35DBE5CCD5BEC
:10E48000E05AF7591259315853577856A155CC5480
:10E49000FB532D5361529951D3500F504E4F904E14
:10E4A000D44D1A4D634CAD4BFA4A494A9A49EC484F
:10E4B00041489747F0464A46A64503456244C34350
:10E4C00025438942EE415541BD402740923FFE3EE3
:10E4D0006C3EDA3D4B3DBC3C2F3CA23B173B8D3A9A
:10E4E000053A7D39F6387138EC376937E6366536E6
:10E4F000E4356535E6346834EB336F33F4327A3221
:10E500000132883111319A302430AE2F3A2FC62E85
:10E51000532EE02D6F2DFE2C8E2C1E2CAF2B412B5D
:10E52000D42A672AFB298F292429BA285128E727CA
:10E530007F271727B0264926E3257D251825B424F3
:10E540005024EC2389232723C52264220322A221FD
:10E550004221E32084202620C81F6A1F0D1FB01E01
:10E56000541EF81D9D1D421DE81C8D1C341CDB1B18
:10E57000821B291BD11A7A1A221ACC1975191F1954
:10E58000C91874181F18CA1776172217CF167B16CA
:10E590002916D61584153215E1148F143F14EE1385
:10E5A0009E134E13FE12AF1260121212C311751198
:10E5B0002711DA108D104010F30FA70F5B0F0F0F0C
:10E5C000C40E790E2E0EE30D990D4F0D050DBB0CEB
:10E5D000720C290CE00B980B4F0B070BC00A780A42
:10E5E000310AEA09A3095C091609D0088A08440817
:10E5F000FF07BA0775073007EB06A70663061F0675
:10E60000DC05980555051205CF048C044A0408045E
:10E61000C603840342030103C0027F023E02FE01DF
:10E62000BD017D013D01FD0037FFA4FF8BFF23FFEE
:10E630005EFFB6FF5CFF1FFF90FFAAFF2DFF3BFFB1
:10E64000B7FF80FF14FF6CFFC3FF49FF18FFA5FF52
:10E65000ACFF15FF41FFCEFF74FFFCFE83FFD4FF2C
:10E660002DFF0DFFC7FFADFFF0FE4BFFF4FF5EFF78
:10E67000D8FEA7FFF1FFFBFEFBFE0700ACFFA9FEE3
:10E6800060FF42002CFF8CFEF9FF340081FED0FEBB
:10E69000AD00AFFFCDFDA8FF550168FE39FDA80113
:10E6A000CE01A9FAE6FC410FFE7F410FE5FCAAFA74
:10E6B000CE01A7013AFD68FE5501A7FFCEFDAFFFD1
:10E6C000AC00D1FE81FE3300FAFF8CFE2CFF42002D
:10E6D00060FFA8FEADFF0600FCFEFBFEF1FFA6FFFB
:10E6E000D9FE5EFFF4FF4BFFEFFEADFFC8FF0DFF4D
:10E6F0002DFFD4FF82FFFDFE73FFD0FF3FFF16FF0B
:10E70000ABFFA6FF18FF49FFC2FF6EFF12FF81FF9C
:10E71000B7FF3AFF2EFFAAFF8FFF20FF5CFFB5FF78
:10E720005FFF24FF89FFA5FF36FF41FFA8FF7EFFA3
:10E7300027FF69FFACFF54FF30FF91FF95FF36FFC5
:10E740004FFFA4FF72FF2DFF74FFA3FF4CFF3BFFA1
:10E7500095FF8AFF34FF5BFFA3FF65FF33FF7FFF59
:10E7600099FF45FF47FF97FF7FFF35FF65FFA0FF3C
:10E770005CFF38FF87FF91FF40FF50FF9AFF74FF57
:10E7800036FF70FF9AFF55FF3FFF8CFF89FF3DFF6B
:10E7900058FF9CFF6BFF37FF78FF98FF4BFF46FF4A
:10E7A00093FF80FF3AFF61FF9CFF62FF39FF82FF0A
:10E7B00091FF46FF4CFF98FF77FF38FF6BFF9BFFF1
:10E7C00059FF3CFF89FF8DFF3FFF54FF9BFF70FF08
:10E7D00035FF75FF99FF50FF41FF91FF86FF39FF1D
:10E7E0005CFF9FFF66FF35FF7EFF98FF46FF45FFFA
:10E7F0009BFF7DFF33FF66FFA2FF5CFF34FF89FFB5
:10E8000096FF3AFF4DFFA2FF75FF2DFF71FFA5FF99
:10E810004FFF35FF96FF91FF2FFF55FFABFF6AFFBC
:10E8200026FF7FFFA8FF3FFF38FF00000A0405080E
:10E83000F10BCC0F98135617041BA41E3522B825D4
:10E840002E29952CEF2F3C337C36AE39D43CEE3F4D
:10E85000FB42FC45F148DB4BB94E8B5153540F57EB
:10E86000C059675C035F95611D649B660E69786B98
:10E87000D96D30707E72C274FE7630795A7B7C7DA1
:10E88000957FA581AE83AE85A7879789808B618DA3
:10E890003B8F0E91D9929D945A961098C099699B7E
:10E8A0000B9DA79E3CA0CBA154A3D6A453A6CAA758
:10E8B0003BA9A6AA0CAC6CADC7AE1CB06CB1B7B28C
:10E8C000FDB33DB579B6B0B7E2B80FBA37BB5BBCA4
:10E8D0007BBD96BEACBFBEC0CCC1D6C2DCC3DEC45D
:10E8E000DBC5D5C6CBC7BDC8ABC996CA7CCB60CC8F
:10E8F00040CD1CCEF5CECBCF9DD06CD138D200D33D
:10E90000C6D388D448D504D6BED674D728D8D9D88B
:10E9100088D933DADCDA83DB26DCC8DC66DD03DEAB
:10E920009CDE34DFC9DF5CE0ECE07BE107E291E2F2
:10E9300018E39EE322E4A3E423E5A0E51CE695E6C4
:10E940000DE783E7F7E76AE8DAE849E9B6E921EA9B
:10E950008BEAF3EA5AEBBFEB22EC84ECE4EC43EDF8
:10E96000A0EDFCED56EEAFEE07EF5DEFB2EF06F077
:10E9700058F0A9F0F9F048F195F1E1F12CF276F2B6
:10E98000BFF206F34DF392F3D6F31AF45CF49DF460
:10E99000DDF41CF55AF597F5D4F50FF649F683F634
:10E9A000BBF6F3F62AF760F795F7CAF7FDF730F8EC
:10E9B00062F893F8C3F8F3F822F950F97EF9AAF94E
:10E9C000D6F902FA2DFA57FA80FAA9FAD1FAF8FA2A
:10E9D0001FFB46FB6BFB90FBB5FBD9FBFCFB1FFC55
:10E9E00041FC63FC85FCA5FCC6FCE5FC05FD23FDA4
:10E9F00042FD5FFD7DFD9AFDB6FDD2FDEEFD09FEF7
:10EA000024FE3EFE58FE71FE8AFEA3FEBCFED4FE2E
:10EA1000EBFE02FF19FF30FF46FF5CFF71FF86FF30
:10EA20009BFFB0FFC4FFD8FFEBFFFFFF000014FE09
:10EA3000C8FBAFF951F808F8F1F8D6FA4DFDB1FF6F
:10EA40007301150267018EFFF0FC31FA04F8F4F649
:10EA500055F71BF9E3FB04FFB7014B034C03A70178
:10EA6000B2FE1EFBC6F789F505F576F699F9C1FDEC
:10EA7000EB010D054A062D05D301EFFC9AF72CF3A7
:10EA8000D6F063F1F4F4F0FA0E029F08E40C760D70
:10EA9000B509F0017FF79FECFBE342E091E3F4EE70
:10EAA00020025D1BC2379153F56A877AFF7F877A10
:10EAB000F56A9253C1375D1B2102F3EE91E342E008
:10EAC000FCE39DEC81F7EF01B509770DE20CA0089E
:10EAD0000F02EFFAF4F464F1D5F02CF39BF7EDFCA0
:10EAE000D5012C054A060D05EC01C0FD99F976F615
:10EAF00006F588F5C6F71EFBB2FEA8014B034B03D3
:10EB0000B70104FFE3FB1BF956F7F4F602F833FAFA
:10EB1000EFFC8DFF690115027101B3FF4CFDD7FABF
:10EB2000F0F808F850F8B1F9C7FB14FE010017011E
:10EB30001D01120041FE20FC32FAF6F8AEF86CF925
:10EB4000F9FAF3FCDAFE3500B7003E00F1FE20FDD5
:10EB500044FBD0F91BF955F965FA0CFCDAFD62FFAC
:10EB6000400044006DFFF1FD34FCA0FA99F961F911
:10EB7000FEF94EFBF8FC93FEBBFF2900BFFF9EFE93
:10EB80000CFD6BFB28FA89F9BFF9B1FA2AFCC9FD23
:10EB900026FFF0FFEFFF2CFFCFFD36FCC3FAD1F9C3
:10EBA0009EF933FA6FFBFFFC83FE9AFF01009AFF88
:10EBB00083FE00FD6EFB33FA9EF9D2F9C2FA36FCF1
:10EBC000D0FD2AFFF1FFEEFF28FFC8FD2AFCB2FAB4
:10EBD000BEF98AF926FA6DFB0BFD9EFEC0FF2700E9
:10EBE000BDFF92FEF8FC4EFBFFF95FF99BF99FFA1F
:10EBF00034FCF2FD6CFF4400410061FFDAFD0CFCC7
:10EC000065FA55F91CF9CFF944FB20FDF1FE3E00F1
:10EC1000B7003600D9FEF3FCFAFA6BF9AEF8F6F855
:10EC200033FA1EFC42FE13001C0118010000000014
:10EC3000FCFE0C00F0FE1800E3FE2600D6FE3200BB
:10EC4000CAFE3E00BEFE4A00B2FE5500A8FE6000AD
:10EC50009CFE6C0090FE780084FE83007AFE8E009D
:10EC60006FFE970066FEA1005DFEA90054FEB40091
:10EC700049FEBD0041FEC4003BFECB0033FED30085
:10EC80002BFEDA0025FEE1001EFEE6001AFEEA0079
:10EC900015FEF00010FEF4000CFEF7000AFEFA006C
:10ECA00007FEFB0006FEFD0005FEFD0005FEFD7FE4
:10ECB00005FEFD0005FEFC0007FEFB0007FEFA0056
:10ECC0000AFEF6000EFEF20012FEEE0016FEEA004C
:10ECD0001AFEE50020FEE00024FEDB002BFED30040
:10ECE00033FECB003BFEC30042FEBD0049FEB50033
:10ECF00052FEAA005DFEA10065FE980070FE8C0029
:10ED00007BFE830084FE78008FFE6E009AFE620018
:10ED1000A6FE5600B2FE4A00BEFE3D00CCFE30000C
:10ED2000D8FE2400E4FE1800EFFE0E00FAFE0100FB
:10ED300008FFF4FF14FFE8FF20FFDCFF2CFFD0FFEB
:10ED400038FFC3FF46FFB6FF52FFAAFF5EFF9EFFDC
:10ED50006AFF92FF75FF88FF80FF7DFF89FF74FFC8
:10ED600094FF68FF9FFF5FFFA7FF56FFB2FF4BFFB7
:10ED7000BBFF43FFC2FF3DFFC9FF35FFD1FF2DFFA2
:10ED8000D9FF25FFE0FF20FFE4FF1BFFEAFF16FF8E
:10ED9000EEFF12FFF2FF0EFFF6FF0AFFFAFF06FF7B
:10EDA000FDFF05FFFDFF04FFFFFF03FFFFFF03FF64
:10EDB000FFFF03FFFFFF03FFFEFF05FFFDFF06FF51
:10EDC000FAFF09FFF8FF0CFFF4FF10FFEFFF16FF3B
:10EDD000EAFF1AFFE6FF1FFFDFFF26FFD9FF2DFF27
:10EDE000D1FF35FFC9FF3CFFC3FF43FFBBFF4CFF13
:10EDF000B0FF57FFA7FF5FFF9EFF69FF95FF72FF00
:10EE00008AFF7DFF80FF88FF74FF94FF68FFA0FFEB
:10EE10005CFFABFF52FFB6FF46FFC2FF3AFFCEFFDB
:10EE20002EFFDAFF21FFE8FF14FFF4FF08FF0000C8
:10EE30000000040013002C004E007B00B100F10024
:10EE40003A018E01EA015102C1023A03BD034904AD
:10EE5000DF047D052406D5068E0750081A09ED0942
:10EE6000C90AAC0B980C8B0D860E890F9410A51156
:10EE7000BE12DE130515321665179F18DF19251B04
:10EE8000711CC21D181F7420D4213923A2241026FE
:10EE90008127F728702AEC2B6B2DED2E7230F9317B
:10EEA00083330E359B362938B9394A3BDB3C6D3EFE
:10EEB000FF3F91412343B4444546D5476349F04A57
:10EEC0007B4C054E8C4F1151935212548E5507575F
:10EED0007D58EE595C5BC55C2A5E8A5FE6603C62E9
:10EEE0008D63D9641F665F679968CC69F96A206C85
:10EEF000406D596E6A6F7570787173726673527473
:10EF000035751176E476AE7770782979DA79817A79
:10EF10001F7BB57B417CC47C3D7DAD7D147E707EC6
:10EF2000C47E0D7F4D7F837FB07FD27FEB7FFA7FE2
:10EF3000FF7FFA7FEB7FD27FB07F837F4D7F0D7F96
:10EF4000C47E707E147EAD7D3D7DC47C417CB57BEE
:10EF50001F7B817ADA7929797078AE77E476117639
:10EF60003575527466737372787175706A6F596E05
:10EF7000406D206CF96ACC6999685F671F66D96437
:10EF80008D633C62E6608A5F2A5EC55C5C5BEE591D
:10EF90007D5807578E551254935211518C4F054E80
:10EFA0007B4CF04A6349D5474546B44423439141DD
:10EFB000FF3F6D3EDB3C4A3BB93929389B360E3565
:10EFC0008333F9317230ED2E6B2DEC2B702AF7283C
:10EFD00081271026A2243923D4217420181FC21D92
:10EFE000711C251BDF199F18651732160515DE13D6
:10EFF000BE12A5119410890F860E8B0D980CAC0BC8
:10F00000C90AED091A0950088E07D50624067D05A0
:10F01000DF044904BD033A03C1025102EA018E0133
:10F020003A01F100B1007B004E002C0013000400F7
:10F0300000000000000000000000000000000000D0
:10F0400000000000000000000000000000000000C0
:10F0500000000000000000000000000000000000B0
:10F0600000000000000000000000000000000000A0
:10F070000000000000000000000000000000000090
:10F080000000000000000000000000000000000080
:10F090000000000000000000000000000000000070
:10F0A0000000000000000000000000000000000060
:10F0B0000000000000000000000000000000000050
:10F0C0000000000000000000000000000000000040
:10F0D0000000000000000000000000000000000030
:10F0E0000000000000000000000000000000000020
:10F0F0000000000000000000000000000000000010
:10F1000000000000000000000000000000000000FF
:10F1100000000000000000000000000000000000EF
:10F1200000000000000000000000000000000000DF
:10F1300000000000000000000000000000000000CF
:10F1400000000000000000000000000000000000BF
:10F1500000000000000000000000000000000000AF
:10F16000000000000000000000000000000000009F
:10F17000000000000000000000000000000000008F
:10F18000000000000000000000000000000000007F
:10F19000000000000000000000000000000000006F
:10F1A000000000000000000000000000000000005F
:10F1B000000000000000000000000000000000004F
:10F1C000000000000000000000000000000000003F
:10F1D000000000000000000000000000000000002F
:10F1E000000000000000000000000000000000001F
:10F1F000000000000000000000000000000000000F
:10F2000000000000000000000000000000000000FE
:10F2100000000000000000000000000000000000EE
:10F2200000000000000000000000000000000000DE
:10F2300000006AFF63FF68FF70FF7CFF87FF89FFA4
:10F2400083FF79FF6BFF63FF63FF6BFF79FF85FF30
:10F250008EFF88FF7DFF6EFF62FF5EFF64FF75FF1C
:10F2600085FF90FF8FFF84FF72FF60FF59FF5CFFF7
:10F270006DFF83FF94FF98FF8FFF78FF5FFF4FFFC5
:10F2800051FF61FF7FFF9AFFA7FFA0FF84FF5FFF91
:10F2900040FF37FF4AFF74FFA7FFC9FFCBFFA4FF62
:10F2A0005FFF13FFE3FEF0FE47FFE3FFAA006A01E2
:10F2B000F701FE7FF7016A01AA00E4FF46FFF0FEB6
:10F2C000E3FE13FF5FFFA4FFCCFFC8FFA7FF74FF9F
:10F2D0004AFF37FF40FF60FF83FFA0FFA7FF9BFFB0
:10F2E0007EFF61FF51FF4FFF5FFF79FF8DFF9AFFA8
:10F2F00093FF83FF6DFF5DFF58FF60FF72FF84FF88
:10F300008FFF91FF84FF74FF66FF5DFF62FF6EFF5A
:10F310007DFF89FF8CFF86FF7AFF6AFF64FF62FF33
:10F320006BFF78FF85FF88FF87FF7CFF71FF66FF1B
:10F3300065FF69FF74FF80FF86FF87FF7EFF75FF13
:10F340006AFF66FF69FF70FF7DFF83FF86FF80FF16
:10F3500078FF6EFF67FF69FF6FFF78FF80FF86FF12
:10F3600081FF7BFF71FF69FF69FF6DFF75FF7EFF06
:10F3700084FF82FF7DFF74FF6CFF68FF6CFF73FFEB
:10F380007CFF81FF83FF7EFF78FF6EFF69FF6BFFCD
:10F3900070FF79FF80FF83FF80FF79FF71FF6BFFB4
:10F3A0006AFF6EFF76FF7EFF83FF81FF7BFF75FFA5
:10F3B0006BFF6AFF6DFF72FF7DFF81FF83FF7DFFA3
:10F3C00077FF6DFF6BFF6AFF71FF7AFF80FF82FF9F
:10F3D00081FF78FF71FF6AFF6AFF6EFF77FF7EFF94
:10F3E00084FF81FF7CFF72FF6CFF69FF6BFF75FF7D
:10F3F0007CFF83FF84FF7DFF76FF6DFF68FF6AFF60
:10F4000071FF7AFF82FF85FF80FF79FF6FFF68FF42
:10F4100068FF6DFF78FF81FF86FF83FF7CFF71FF30
:10F4200068FF67FF6AFF74FF7FFF86FF87FF7FFF2C
:10F4300074FF6AFF00009E025F0AF116CF274A3C64
:10F440008B539D6C7B8614A05EB858CE1EE1E9EF0D
:10F4500020FA56FFFEFFF8FFEDFFDCFFC5FFA9FF16
:10F4600087FF60FF33FF00FFC8FE8AFE47FEFEFDF8
:10F47000B0FD5CFD02FDA3FC3EFCD4FB65FBF0FA95
:10F4800076FAF6F971F9E6F857F8C2F727F788F631
:10F49000E3F539F58AF4D5F31CF35EF29AF1D2F074
:10F4A00004F032EF5AEE7EED9DECB7EBCDEADEE9EB
:10F4B000EAE8F1E7F4E6F2E5ECE4E2E3D3E2BFE107
:10F4C000A8E08CDF6CDE48DD1FDCF3DAC2D98ED811
:10F4D00056D71AD6DAD496D34FD204D1B5CF63CE4D
:10F4E0000ECDB5CB59CAF9C896C730C6C7C45BC3E1
:10F4F000EDC17BC006BF8EBD14BC97BA18B996B7D4
:10F5000012B68BB402B377B1E9AF59AEC8AC34AB25
:10F510009FA907A86EA6D3A437A399A1F99F599EC6
:10F52000B69C139B6E99C89721967A94D192279195
:10F530007D8FD28D278C7A8ACE8821877385C6836A
:10F5400018826A80BD7E0F7D617BB47907785A7618
:10F55000AD7402735671AC6F026E596CB06A096972
:10F560006367BD6519647662D560355F965DF95B4A
:10F570005D5AC3582B57945500546D52DC504E4F72
:10F58000C14D374CAF4A2A49A7472646A8442C43C9
:10F59000B3413D40CA3E5A3DEC3B823A1A39B63738
:10F5A0005536F7349C334532F130A12F542E0B2DB4
:10F5B000C62B842A46290C28D526A32574244A2341
:10F5C00024220221E41FCA1EB41DA31C961B8E1AFE
:10F5D0008A198B1890179A16A815BB14D313F0121A
:10F5E000111237116310930FC80E020E410D850CD6
:10F5F000CE0B1C0B6F0AC80926098908F1075F07A3
:10F60000D2064A06C7054A05D3046104F4038D03F4
:10F610002B03CF0278022602DB0195015401190168
:10F62000E400B4008A00650046002D0019000B00BC
:10F630000200000000000000240348066A098C0C48
:10F64000AB0FC812E115F9180A1C1B1F222228252E
:10F6500026281E2B112EFB30DD33BB368B39563C52
:10F66000163FCD417A441C47B3493E4CBF4E3351FF
:10F670009A53F3554358805AB35CD65EEB60F06200
:10F68000E764CF66A4686C6A226CC96D5D6FE17037
:10F690005472B37304753F766B77837888797A7A7E
:10F6A0005C7B287CE27C887D1C7E9C7E067F617F63
:10F6B000A67FD67FF37FFF7FF47FD77FA57F607F14
:10F6C000087F9A7E1D7E887DE27C287C5B7B7B7A2E
:10F6D000887983786B773F760375B4735472E170E1
:10F6E0005D6FC86D236C6C6AA568CD66E864F062D6
:10F6F000EB60D65EB25C825A4158F4559A5333514E
:10F70000BE4E3F4CB3491C477A44CC41173F563C50
:10F710008C39B936DE33FB30102E1F2B26282825D6
:10F7200022221A1F0C1CF718E215C812AB0F8C0C02
:10F730006A09480623030100DCFCB8F996F673F366
:10F7400056F039ED1DEA08E7F6E3E5E0DEDDD8DA4C
:10F75000DAD7E1D4F0D105CF22CC47C974C6AAC309
:10F76000E9C034BE86BBE4B84DB6C1B342B1CDAE3C
:10F7700066AC0CAABFA77EA54EA32AA1159F109D1B
:10F78000189B33995B979495DD933892A3901E8FC5
:10F79000AE8D4B8CFD8AC18995887D87788685855D
:10F7A000A584D8831E837782E5816581F880A08057
:10F7B0005A802A800C8002800C8029805B80A08087
:10F7C000F8806581E58176821F83D883A58485854D
:10F7D00078867C879788BF89FE8A4C8CAC8D1F8F7A
:10F7E000A3903792DE9394955B9732991A9B0E9D66
:10F7F000179F29A14DA37FA5BFA70CAA65ACCEAECC
:10F8000042B1C1B34DB6E4B886BB33BEEAC0AAC3A9
:10F8100074C647C922CC05CFEFD1E2D4DAD7D8DA03
:10F82000DDDDE7E0F5E307E71FEA38ED54F076F3B6
:10F8300095F6B8F9DCFC000068696B6C6E70737447
:10F84000767A7C7C7E81838487898A8C8F91919360
:10F8500094959494949392908E8B89857F79746E0D
:10F86000655D58534E4A49494B50565D6874828FC6
:10F870009EADBCCBDAE4ECF5FFFCF8F4F0E8DED3A7
:10F88000C8BCB1A6998D847B7269625B55524E4AA1
:10F8900048484948484B4E5053585C5F64686C7107
:10F8A00075787A7D7E7D7D7C7A787674716F6E6CEA
:10F8B0006B69696867676867687B7A7C7876757555
:10F8C0007675717273716E6D6D6E6E6C6E7274762C
:10F8D0007A7D838788878B8E8D8B8A8A8A878381BE
:10F8E0007F7D77726F6B645F5A54524F50525761ED
:10F8F0006F7C8CA0B6CBDAE5F1FFF6EEE7DFD0C186
:10F90000B4ADA69D96959594918F8F8D8A868380B0
:10F910007D79746E6966615A5656555452555A5DD2
:10F920005F62696E6F70727473716F6F70707071F7
:10F9300075787A7C7C7E7F807D7B9595949394927C
:10F940008F8F8E8B8A89888786868584848482813E
:10F950007F7D7976726D696763605F5D5C5C5B5A21
:10F9600058585654524F4D4B494746484A4B4E56AD
:10F970005D6471818D9BAFC1CBD9ECF2F5FBFFFBD0
:10F98000F5F4EEE4DBD5CBBFB8B0A59C948C817ABE
:10F99000736B625C554D46413A383736373A3F45CE
:10F9A0004C555C636C73777A7F8080818281808222
:10F9B0008282838789898D909192958681797778E3
:10F9C00076757B7F7D7F807A74716D696C737B83C4
:10F9D00090999C9C998D7F73695F5D62686E7D894B
:10F9E0008C8E939287878B8B8EA0ADAEB9C0AE9470
:10F9F00085693C24261B1C45748EB7EFFFFAFEF880
:10FA0000CCA4957750484E47465A66636E7D8181F7
:10FA100093A1A2AAB6B3A79E93786153453433400D
:10FA20004A5A768E9CACB9B7AAA2927B6962574EAD
:10FA3000535C6068788083898F8A8686949A9EA2B8
:10FA4000A3A6A6A6A4A09C978E8880766E67605B0E
:10FA50005754535456595C62676E747B8185898E06
:10FA6000908F8E8E8B86827D78726B665F5B554F32
:10FA70004B4A484649525A65798C9BB1CBDCE6F338
:10FA8000FEFFF8F3EBDCCAB9A89888786A625A548A
:10FA90004D4C4D4B4B4C4F5154585C6169727980C1
:10FAA0008A949BA0A4A8A8A49E978F867B6F686366
:10FAB0005C595A5C5E646A717980878E9494A3AABB
:10FAC000ABA9A2999082736C695F514B4B47454D2E
:10FAD00060707E8E9A9C9B94847771695A504C45D5
:10FAE0003C3436404B5C748896A2A39A8F87847FFF
:10FAF0007978796C50403E322B4C7085ACDDEFEE5E
:10FB0000F7FFF0DCD6D2C2AA978D7F6F696B717A4E
:10FB10008997A4B5C3C9CAC7C5BEAC9479624A2740
:10FB20000E192D3647698B9DA6B1B8BBB9B0A89FF9
:10FB300091806C564A49433D465A67728294B2B0EE
:10FB4000ACA1A09F8F8A897D79726A645F5A5451F3
:10FB5000505146514E464B52504B4F565752596199
:10FB6000595A605F5A595F585558575052554F511E
:10FB70005458535F666268777E7B8D9F9AA8BEC299
:10FB8000C9D3E0E6E8F1F8F9FDFFFFFBFAF4ECE594
:10FB9000E0D1C1BDB39E948F776A64584B423A3529
:10FBA0002F26272B282B2E383B424F535E696E772A
:10FBB000868B8F9DA4A6A9B6B5AFB7BCB7B1B297D7
:10FBC000999C90898F8A7E7A817F73707476717127
:10FBD0007675767A828280888E898F90868F998CCE
:10FBE000808A917D717D77615A68634943534D3CAA
:10FBF000414D4038525B48506B6D667F92878FB0A5
:10FC0000BBB3BAD3DCD1DAF4EED9E9FFE6D6E8E14A
:10FC1000C5C5C9B29C999583706764513F4640261B
:10FC2000263122192E2F212E3F41414E5E64656FF1
:10FC30007E82838E999696A2A6A09FA4A3A4A09745
:10FC4000B7A797827D715350595250657A7F858D41
:10FC50009DA094908F90836D6361543B354B697187
:10FC60007590A6AB9075776B411B2E4427183746CD
:10FC7000444F67767A8688757879675C74826A7093
:10FC800096988489A8AE999DBCCBC3CCDED7D1CF42
:10FC9000BAA09E98787091A3A2A9BBD2CFC4C2B5D6
:10FCA000A07A655C55614D40618498ABD2EBE4C5A8
:10FCB0009580703801143E311E3D667686AED0CDFB
:10FCC000B7A89E908178747172757C878C878793B2
:10FCD000988F8D97A09B98998E807567544A535E34
:10FCE000656E8293968F867F705C473F3D3A363BC8
:10FCF00047545F65666B726C5B5354524A4D546750
:10FD000092BDC9CDE8FFE5B7A39C846967737D8E7A
:10FD1000A2A7A5B2BBAD9BA0AEAEA7A5AAA99C8782
:10FD20007164594E474C5C6D8094A3B5C0BEB1A3BD
:10FD30008B6D554833222C414B54728D99A4B6BC1F
:10FD4000B2A8787F87807B7E7D797C8C9EA7A09AE5
:10FD5000A8B8B8AA9F9B928C8C84746F716A5F64F8
:10FD6000778173676F81847E725F4F4F5E614B3620
:10FD7000332F2223343D35251416355A665749450D
:10FD80005EA4F4FFCAB0D9FDF3E8F1E3B39BA099F8
:10FD90008B96A18863566C8DA7A7958A8D9DB0BC64
:10FDA000B5A097968675839F956C5458656D787C41
:10FDB0006C57566771696477867A70829087808DF8
:10FDC0009485788988848EA3A79D9DA6AAA9AAA3B5
:10FDD0009A999B978D8581807F7A6F6C7171696527
:10FDE0006667686665645F5E65614F48535948336E
:10FDF00032424531212B3D403332414C505C7586B7
:10FE00007B7195D3D8A79DD9FFE1BFCDE3D8C2C3FD
:10FE1000CBBA9C94A6AA896C73888773666D7C8123
:10FE20007A78818A8A898D969892929B9F93888E00
:10FE3000958E7C767B7B7066696F686168716E6A8F
:10FE4000717B8389ADB0A4A3BECBBEBBC5C5C6D0F4
:10FE5000CEBFBABCBFB7AEA2958F958D73666561F4
:10FE60005751433A3233322F211D1B1F231F1416C3
:10FE70001818232D1A12233B3A35323B4B5D6A6F1B
:10FE80007B7B7895D2CC9CA0E7FFE2D0EDFBEDE840
:10FE9000FBFEEAD2D4EBF2CBA8B6CBBBA19E9A8CE8
:10FEA000818B8A746266676761554C4F5252554E1A
:10FEB0004446585D534E5C605D67766E6877868A0F
:10FEC000898A8F9CAD797C716E717A7D747E827A1D
:10FED0008F9080888E918D8987878C80868D657BB9
:10FEE000936D6881887C7E90928BA0AB8685A38180
:10FEF000758B5E4F64483737251B22181316264230
:10FF00003338706D65A5B7A0BDE3E7E5E7FCFFE01A
:10FF1000E6E8CBCDBD9499A0716170574A5A504222
:10FF20004C56575F61615F74815E69947B768F8800
:10FF30009093939D94909CA3948C9B9D8E8989898A
:10FF4000857A7E7B6F79ACB2B9C1C1C5D2D2CDD52D
:10FF5000D8D3D1D1CFC5C2BFB9B0A9A1958F8B7964
:10FF6000726F60585555433D3E393039301C272A51
:10FF7000211A2A181829261E26282C35363D4757BF
:10FF8000615E74908789BBC4ACC0ECE1DBF0FDF529
:10FF9000F6FFFCF9F7EAE4EADEC5C4C5B19FA5990E
:10FFA0007E7B816A5D6259444B4936343F342E333F
:10FFB00030333A37373E45464D56585A6672737954
:10FFC000868C8B99A6A6AC7866617290ABAA97A036
:10FFD000B9BDC4CAAC8F898F968F776B737E8788C3
:10FFE0007B7479736B737A624442515E66593E3D0D
:10FFF000576F706456626E5F5D64553C2B263F55AB
:020000040801F1
:100000005248495B6B76A3E1E9AC83B9FFEFA89254
:10001000A7AFA6ACB9A98F91B1C7C1A88C7E93B286
:10002000A2705A6C8088887F6F6E71768996805B2B
:100030004F67867C55425067767F7A6C6F869AA5AB
:10004000A28A70738F9E907868727C8994A0AAB0FF
:10005000B5B7B8B5B3ACA49B91897F77706A625D80
:10006000585251505254585D646E78858E9AA3ACA4
:10007000B3B6BAB5B1A59D8F807160514238322DAB
:100080002E2B2D2F37475B74899FB1C3D7E9F7FE1D
:10009000FFFAEFE0D0BEAA947E6854453B3431307D
:1000A00032353B44505A666E767D868E949CA2A66D
:1000B000A9ACAEADAEABA8A29991877F746B615825
:1000C000504A48474A4F575F6868666464676C7275
:1000D000797E889198A1A1A7A5A39E9A938C8579F2
:1000E00071675F5D5B5A595D6269747E888D949813
:1000F0009FA2A3A29C9788847A6E645A4F433F3B89
:100100003B3C3A39383F4B607A92A7BCD0E5F6FFCA
:10011000FFF2E8D6C8BCB1A69A908B89898C8C87EF
:1001200082776E645C52463D312F2D363F4D5967C4
:10013000778596A0A8AEACACA7A49B968E87837C4F
:100140007A7475716F6E6C6B69683437414E637F7A
:1001500098B4CAE0ECF1EFDDCEB6A38B78695B58BA
:1001600050514E4D4E48483E3F3D414C586E829D49
:10017000B2C7D8DEE4D9CDB49F887062524A4244F7
:10018000494E57524F433E3F45576475849DB9D4FD
:10019000E9EFF2E9DDD0C2B6A292817875767B787C
:1001A000756F6B645C594F493F39312D36435C762E
:1001B0009ABBD7ECF5FCFFFDE9CCAF8F7862554CCC
:1001C000474642464546433E3931345A5B5F667482
:1001D000829AAAB7C1C0B5A48E7B675B504C4C53C2
:1001E000636E797C7E7F7A766E6A696970798A96A9
:1001F000A1A5A69F958878644C3C33333B47546255
:10020000717D89908A807067677386A2B7C7D2CFE5
:10021000C6C0B7B5B4B5BCC5D4DDE6DED0B59779F8
:100220005A473836383F5364777C7A6C55423942A6
:1002300053718EB2CCE2F5FEFFE1B98E64453129EF
:10024000262B35445C6C777875675F5A747F88938A
:100250009FAAB4BABFC4C4C2BFB8B3A99F958B7FCD
:10026000766D6760595656545654585E6068676B91
:100270006A6A6867625B574E4A41403B3B3A3D4081
:10028000464E5865747E86969EB0BAC0CED0D2D601
:10029000DBDDE0E5E7EBE9F0F1FAF8FBF6F5ECE49D
:1002A000DBCBC0AB9A826C59483526180F0501028A
:1002B00009111C2937444E5D68767C80837F807DE0
:1002C0007A73716964615D5C5D61646C740A0F23AB
:1002D0003D6282A4C1CFD0C1AA957E7270707B8826
:1002E00099AFB7B7A9896B4A2C150203142E5B8707
:1002F000B2D2E4F2F0E3CCAF917151423A3B3E42CC
:10030000484B5157637073798C9EC3D4D5D0AE835C
:10031000736D77889FADC6DFF7FFF2D39D6B4527DE
:100320001D1B223A5B88AFCADAD0B79671512E19DD
:10033000101C3E6993B9C3C4B5A28F6A492E1C2A0A
:10034000436C97BAD5DFE3D8B5926134190A80813E
:100350007D7C7A79756E655C544F4F4F56585E635D
:10036000686C72787B828386898E91959BA1A2A509
:10037000A6A7A8A5A49E968B7E766D665D57514C68
:100380004C4D52525452524F5360728A9CAAB3B190
:10039000ACA9ABAAA9A4A3AABBD1E9F9FFF0DAC220
:1003A000A8978A847F7D78787679786F624B351D3F
:1003B00012101C2D4455636A6C7070726F716F72ED
:1003C0007C8CA0AEBEC1C0B7AA9B908A848280A854
:1003D000ABA6A5A2A39E9B939089837E7A77726F2A
:1003E0006A6B676B696B6968656665646465686894
:1003F0006D6D73757A7D8182817D7A78706F6967A2
:1004000060606061686C787E7F7D80848F96A1A635
:10041000A7ACB5C4D4E2ECF2F9FAFFFFFFF9ECDDCA
:10042000D0C1B3A79B9484796B6358524741342A57
:100430001E17140E0F0E13151A1F2B34424C586240
:1004400069737D8B8F999AA1A2A6A5A9AAABAAA828
:1004500069757F8A8F93918B827A736C6D6F787ECA
:10046000838E9091887A634F3C3A48648CB5D9E981
:10047000E6CBA57C5B4C52719AC6E5F2E3BA854C9B
:100480002001051B426C899E9A84634933313B5697
:10049000728FA9BAC4C2BDB2ABA7A5AEB5BFC3C265
:1004A000BBB4A492837265575251575E6A72726FE1
:1004B0006557493F3B414F5F778D9EA6A59E8B7D3B
:1004C0006E6A6D79899AA7ABA99C8E796B605E5F25
:1004D00069C2C6CFC9CABDB5A7A8A4A59A9A8B8779
:1004E000786D6B64615652494942463F423A4247F1
:1004F00058595B504E474C505B6667676767656A43
:10050000666E6064606F7C8D9CA799938D97ACC27A
:10051000D3C8BFB2BAC3DBE1E5D5CEBDC6CCD7D216
:10052000C5AFA1928B8F8D87716651544A564D4A43
:1005300038342629312F312310070123485D6D5DA2
:100540005850647D9EABB4A8A6A8B8CDDADED6CD4F
:10055000BEC28197B6BFC3B5AB9B9B9BA8AFBDB9CD
:10056000B29A83737585969C90765851536B7A85B1
:1005700075634B474F657172625147495665716BA0
:10058000675B5C5A6367777F8E91918076788699F6
:100590009F9A888496B9CCCCB59F97B4D4F5F0D502
:1005A000AD999EBAD1D3BD9D847A858F998B816B8D
:1005B000615251494E565F5C4724070121527275C2
:1005C0004B2207235790A69A6B4B46699BBFC3AC3F
:1005D0008F7B814842597E9DA79A7B5C4E597194CE
:1005E000AAAF9B7B6055617E9CADA5886751516821
:1005F0008AA4AA9473564D5C7C9AA89E866A5D650F
:100600007D9AABAA947762637493B0B8A682593B83
:10061000303A5F88ABB9A5784B3D5B9CE2FFEEAE0C
:100620006C495D99DCFAE0A05A333A699BB7AD8416
:10063000502C253B63879890744E2E294275A7C293
:10064000B78A593E5081BBDCD4A56D4A4D74A3C214
:10065000BD9C6C484C2F305088BDD5BE874E344B66
:100660008EDAFFF5B165343B75BAE8D79F53201A8F
:10067000427DA6AC8B582D1D305C849FA08B6D579E
:10068000566B91B4C8C2A380696C8BB4D3CDAA6FEA
:100690003C1F275484B1BEA1652C193C85D2F1E0E2
:1006A000A15D3B4F8ED4FAE8AF6C42456CA2C2C04C
:1006B0009E6C422E3D5D839B997B522A1C30629832
:1006C000B6AD8350344276AED5D3A9724E5277A8D8
:1006D000C7C5AA794C3B2A262E4A5C6E7687AFAEF8
:1006E000E5F7FFF1E8D0BC977E72656C5444210FAA
:1006F000163B718B8B7C69728FA8BEA98579778236
:100700007C685241516D82866D6877A6DFF0CE9A83
:100710006049405470717F8B89795444466DBADDCD
:10072000ECBA77444779C5E3CA8F492529659AB160
:10073000A7876A595E78889AA6A39B805332254C76
:1007400080AFB68140132371B7EEE3A46B4F70AA5C
:10075000D2DBB78C5C3BB89D54076DFEC13B579B09
:100760007CB4CB6C1F95ECAD5C65747EBEB8563026
:100770008ABD8D6E726674AA9F4846A7B6725E6780
:100780006583B79E403E84989A836A4267B8C66F75
:1007900053596E76BBB15E4F93AC7B6C7C6A6696A8
:1007A000906574A680425990A097905B4874A8B356
:1007B00082574883CDAA453A9EB1867D6B508BDF28
:1007C0008D345A9792ADBF4A0B7AFFBC6048347A99
:1007D000FDE32B0189CFB8995D6E78987C5A7CB582
:1007E0009B3A7DB79650839D90736E8095AD5D71F9
:1007F00076927C91758C7475818890727E80758EEE
:10080000867F61A3A35A43A195955F7C89777AA8D7
:100810008E6059AA77758E94345DC2B23A4B96C2F7
:100820006B5266C1976C3987DC8E1F6DE8AB183A46
:10083000EFC63318B3FF5C2566E38D386EBA984A6D
:10084000768F947772849C785B8F8C917785984BA8
:1008500065AEBC605273B699763A0116333F2833C1
:10086000577C85A5C2C8B9B0A092827E848F86715C
:1008700078898D828183816F64636A756E737979FB
:100880007D8081858F8E77768790978E89929AA7C3
:10089000AD9B807284877B614B415575766A6D791B
:1008A000888A89878B89837974888A7D8791908AE1
:1008B0008F978B7E7C9299826A5D6C72726D6A6A88
:1008C0007489838596A0988977686261797A778937
:1008D000A7D0D6B8ABC7D094765F420102203229A8
:1008E00038618A95A6B5BAADA59C95867A7D8A8829
:1008F0007B7E8C92887D787A766D66656B6C6E7384
:10090000787F8483869092898990908E8B8E939243
:100910008F94938A81807A756F685E657274707344
:100920007A82847F7B7B7A7A73737E817B849091D9
:100930008C8F97998F87898D85776C6D6F727170A9
:10094000707D8B89848A8A7D6E66625D5F79939FF4
:10095000A4BBE5FFDCB4C0A7715F5E480125567CEF
:100960005C3D475E5E81AAC2A78D8592959499A34E
:10097000987D6E77837F747176716964697A7E7E03
:10098000787C7F7D7E848F948B909A99948D9297BA
:10099000938B86807C7B8082857F75636771797697
:1009A000716D6D6E6D6E787B7D767882857E8C9DA7
:1009B000A392817E8385888E958B7F7276808D87CA
:1009C0007765615F595E7986827A899E998298C43B
:1009D000D7AEB5B4928382B1AD6D5E9B76010F4602
:1009E0005D2B0C3076A0ABBCC8B5AB91836961665A
:1009F00067615D6F93A89F888290988F7B62676F15
:100A00006F6B6872798388909996A4A9A2988C8A52
:100A10007F7C767C827C80858A8D89816C6C6D6E12
:100A200069615C687B817B76727D8184898F858535
:100A30008C8F898380807B7E8793918A7C797B7F72
:100A4000725842516B828BA7C0BEAA9FB2B7856312
:100A5000673C3B89C4AF7E79C3F5C09B95711B1879
:100A60004052341D386D92A4AFC9DAC49A81655DD5
:100A70006A6E624E55697F8C90929EA3957F737CBF
:100A80008481786E747C8389919A9A9A91847D7C12
:100A9000807C766C6E75777C808A8F8B8578767C8F
:100AA00085867F76767D7F7C7E82877E71676D7698
:100AB0007D807B76797F8B9195979C9484736B690D
:100AC00073736561809CA295A4C5D4AD88673A3BD9
:100AD0004B5B464070ABBDB3B4E2FFD4959A7A222B
:100AE000012E4D3A1A224B7798B1C0C1AE9E9A940E
:100AF00084796C555169858F8A7F7C8FA09D867320
:100B00006F75797471777B81838A929596948C8BBB
:100B1000878981756A6D7A7F7A75767E8487847D10
:100B20007D80828280848B8C837872767470646519
:100B300069778384828791A09D8F87807D716864A7
:100B400067819492838BB2D1C9A39C7B52575A3947
:100B50001E2244576DA5E0EECFB8D7FADD9AB189D1
:100B6000410323484D28192F5572889BA79F9991BF
:100B70008B86878C9FA09193948278737B807E7202
:100B80006568788A8F8882776A6B7986878A929778
:100B90009290918A8179706C6B6A6C77888F918B57
:100BA0008A8C898E91887D7B7B76716C6C6C6F7280
:100BB00072727989887E827C727270737F99AEB40A
:100BC000AB98A1BECBAC867F594F5E716236364F73
:100BD0004D464F6E7C89AEDAE8CEB0CFFFF4B1D08F
:100BE000915E242E4A42241A355A758A9BA39D95FC
:100BF0008F867F869093877B8EA6AF9B817A7C873A
:100C000083726364696A6F787C7B7C838B8D8D9340
:100C100090857C75787B756E707A868B8B919694B7
:100C20008E8B8E877E746F7479807D7B807B7A7CDF
:100C30007D786D6466665E5F69778998ABBCC7BD79
:100C4000BBC0BEA98D6F3F3D5C5F4E48607470763F
:100C5000827B655960686E87B2D1C9B1C2EEFFD0A0
:100C6000E79B662A264648321C2A51748A9EB0B4F5
:100C7000ADA091837977756F6F82979F94888FA8C5
:100C8000B09577635F68696462666A6E75808B92FF
:100C900097958D827C7F817C757681868487959DF2
:100CA000998F87838483776C747E817E7878727362
:100CB00078746559555D69748AA1AAAAA9B8D2DF6A
:100CC000BF9B6E52626A5D353052727D828F9A8F01
:100CD0008A83735C4E505C637CA7CDCEB3AED7FFE6
:100CE000E7FCA6702A0C373F250B1F4E768CA4B864
:100CF000BCB4A99888787879736B7588938D878C44
:100D0000A2A3907F7B8B8B7860525E65645E606A85
:100D100078859296959193928B8285979F91858500
:100D200091988F77677079786F707E87847A716217
:100D3000595759565A6B8CA8AAA7B5D7EAC99F909C
:100D4000797474593A384E62565A7C9A9E9795999E
:100D50008D8179695141465965769BCFE4CCB7D2F4
:100D6000FFFCFFA6723005384F4323284E768EA332
:100D7000B1B4AAA3998F7F7E7E817E7E888E81709A
:100D800068798A8D7F6D6E777778848876686166FA
:100D90007B898B8B8B8A8B959B998A7B808A8679C2
:100DA000707A8D958C838788817B7F7E7363524DAB
:100DB00055687F928F8080A1D0D2AA93796F7C7D75
:100DC00074605F6C6B68788B91786B7A8D8A7F7DAD
:100DD0008682808482684D465B6F8096BACDBBA5C3
:100DE000C1F6FFFFB5834B1943594C2626466F8841
:100DF000A1B2B5AAA49C95817774787577838F8CFE
:100E0000837D818377665657636A6E737C86909C78
:100E1000A59E988B899390816E676E777B7D828784
:100E20008C8D8F94998F807A756B5F5C646D768101
:100E300095A29E94A0B5B78D71664F546364595ABC
:100E40006B8797A3A79E8B868882695D667A7F7D74
:100E50008495958C837F6F5B4A4C58708DB2C1B579
:100E6000A2BCEBFFFFC087591C37504D332E4C748A
:100E70008A9BABB8B4A4918677706F6F6D717F8CCD
:100E80008B817E8793917D655E63625E5F6777810C
:100E9000878F9EAEB8BCAC968B7266676865666DD0
:100EA00078848C949B988570696B6D707F96A19DFA
:100EB00093A1B8B59586674F545C5D4E4F66777DBC
:100EC000848A91979E9C8C7A7B868C7D6E768A90A4
:100ED000857C838B897B6E5E51494E5A708BAEC583
:100EE000C1ADB8E2FFFFD58F601B2349523B2C46B2
:100EF0006F8A97A0A8A4998B827C77787777818E68
:100F0000948C7A737D87857765626C716F6C6D7573
:100F10007B7979869CACAD9C9197A6A28872616B17
:100F200078766B5F616D7C807E889DACA4949AB26C
:100F3000C3A685755956635E473E4E636B758895AB
:100F4000969390919396938575747F8B7F6E6D7D4C
:100F50008E8D827F81837C7160524C4F576888B33D
:100F6000D6D6BDBBDDFFFFEAA06A2910324B422670
:100F70002B537A909EABB2AB9B8D7F6E666A6C6F83
:100F80007781847E7D8792968E7D7172757A7C776B
:100F90007372716C6B7482909497999FA29C918FDD
:100FA0008F7860555164839FA49189A0C8D6B49569
:100FB0007F666266634637495A5F65747C787D8BCD
:100FC000908E8A878A919AA19C8B7B79807E77729A
:100FD000757E7B7373767D7E6E594C4951647D9826
:100FE000B8DBE6D3C2D7FFF9FFC7854E15213E3FD8
:100FF0002C2A496E859BADB1A48F8071625A5F65C2
:101000006B76838F949797979A989185776D686A96
:101010006F6E6A656875848E9397998C7E77787702
:1010200077736C7C9DC3CEB8A9AEC1BA9077593D99
:101030004F645F4E546A6D6B757D7D75736F6B7118
:10104000808889898D969DA1A29E91817979726708
:1010500060636D71747D8488887F766B605556659A
:101060007A9FC6DFD4BFCFF9B7B1A5978975695DFF
:10107000554C473E342D26262626231B13080201F5
:10108000070F1A2024282B303A434E586069748287
:1010900091A0ADB6BABFC6D1DEECF5FCFCF7F3EE1D
:1010A000EBEBEBEAE8E4DED7CFC7BCB2A4958B84C8
:1010B0007C766F6153443A2F2B2824201A1714147E
:1010C0001A20272D33373C414A515A6268717D8B73
:1010D00099A6B2B9BEC3CCD3DBE2E2E1DAD5D2D372
:1010E000D7DDDFDED7CFC5BEB7C9C7C1B5A38F80F7
:1010F000736E6B6B635A4C41382F2A231912090304
:1011000001050B111417191E232C313638393B40B9
:101110004A58656D707171747F8B99A7B1B9BEC360
:10112000CAD3DAE2E6EBEFF4F7F7F2E8DACABAB5D7
:10113000B2B0AEA6998C7D767273726F65574C47CC
:10114000444A50565A5D62666C747776746F6F7459
:101150007E8890918C8782858F9CACB1B2ACA8AA16
:10116000B3C1D1DBE0DBD3CBC7C973747576736CC5
:10117000635B545151514F4940352A221D1B1A1BA4
:101180001A18161413111010100F100F11151B211F
:10119000282E353B41454B50575F6871787F878BD0
:1011A0008F939596979698999EA1A6A9A9A8A49F72
:1011B0009D9D9EA0A4A5A7A6A7AAAFB5BCC5CBD24E
:1011C000D8DBE1E4E9EDF2F7FBFDFFFDF6EFE4DB50
:1011D000D3CEC9C3BDB4ABA19A969394918C857EAE
:1011E00079787A7F8587847F787473BEB9B3ADA62A
:1011F0009F9A958E887F766B61574E453C32281DAD
:10120000130C050301010305080B0D101214171C24
:10121000222A323B41474C5259636E7A858D93970F
:101220009A9DA1A5A8ACAEB2B5B9BBBEBEBCBAB7BB
:10123000B5B5B5B6B7B7B4B1ACA9A7A5A5A3A29EDD
:101240009B97938E8A88858484858687878483810B
:101250008082838587868687898D93989FA4A9AD90
:10126000B2B8BEC5C9CCCCCAC7C3C0BE928F8B852D
:101270007B71665E56504B46413C352F29231E1A22
:1012800015110D09050301010103050606050504F5
:101290000405080B0E1113141516171B21283036E0
:1012A0003C41454A5057616B77838F9BA5AEB5BAD9
:1012B000BEC2C8CED6DEE6EBEDEDECEBECEFF1F521
:1012C000F6F7F5F1ECE7E5E3E2E3E5E7E8E7E4E08C
:1012D000D9D3CDC8C5C3C1C1C2C1BFBCB8B4B0ACFD
:1012E000AAA9AAAAA9A8A5A19C98959392ABA6A2DF
:1012F0009B948B8075675C534D4A4746443F392F1A
:10130000251B120A050201020506090B0C0B0C0C29
:101310000F13181C1E1E1B181615191F2935404BBC
:10132000535A5F646B7178828B96A0A9B0B6BABA33
:10133000BBBBBBBEC1C6CACDCCC9C7C4C3C4C6C76C
:10134000C8C9C7C6C2BFBDBEBEBFC1C3C7CBCDCF54
:10135000CECBC6C0BAB5B2B0AFB2B2B3B0ADABA827
:10136000A7A7AAAEB2B5B8B9B9B7B5B1AEABBDBC57
:10137000BDBCBCBBB9B3AAA0968E8883817C7670B5
:10138000685F564C4134281D1613131313110C08B3
:1013900006060A0E1112110E0D0C111820272E33FD
:1013A00039404851595F626365697078828A9092CA
:1013B00093979EA8B3BEC7CCCECDCED1D7DFE9F1EF
:1013C000F7FBFCFCFDFCFDFDFFFFFEF9F2E8DCCEC7
:1013D000C1B5A99D9184776A6059555556595A5D92
:1013E0006165696E73777A8089929EAAB3B9BD9A56
:1013F000A0A7ADB3B8BBBBB7B3AEACACAEB2B4B2E2
:10140000B1ABA5A19D99958F867D736A615B534CA5
:10141000453C36312D2A27211B15100F1115191E99
:10142000212324272A30373E43494F596473818D45
:10143000979EA4AAB1BAC3CCD4DBDEE2E6EBEFF60A
:10144000FAFDFFFFFDFAF5EDE3D9CEC5BBB2A99FCA
:101450009285796B60584F48423C373635363A3C76
:101460004143474C52575E646970767D858C949AEF
:101470006D6A686866635D574F4944423F3C3A363F
:10148000323234383E43464644414040424445436C
:10149000403B373535383A3C3B3834302E2D2C2CF8
:1014A0002C2B2A2828282A2D30343A4049535D67AE
:1014B0006F767B81888F99A2ABB3B9BDC2C7CFD6F7
:1014C000DFE7ECEFF0F2F3F6F9FCFFFFFEFCFBF9CF
:1014D000F8F6F3EDE6DED7D1CCC9C7C3BFBBB6B3D0
:1014E000B2B3B2B1ADA69D938B8582807F7C7772BB
:1014F0006D8576695E53493F352A2018130F0C0B12
:101500000703020408111B252B2E31343940464CA9
:101510005051504F5053585C61626262626466671A
:10152000686664605D5C5D5F6060616468717B8556
:101530008E969C9FA3A7AAADAFAFADAAA6A29F9A75
:101540009693908E8D8E8F8F8F8F8E8F9194989D86
:10155000A2A6A8ABB0B5BCC3CAD2DAE0E6EDF3F6FA
:10156000F9FBFEFEFFFEF9F2E7DACEC2B9B1A79EA3
:101570009285BBB6B4B2ACA1917F6C5E544F48402B
:10158000372A1D17161B242E363736333230302FAC
:101590002D271F171312141A1F24292D353F4D5BB9
:1015A0006972797E80838A91989FA5A9ADB2BDC8E2
:1015B000D6E3EEF5F7F6F2EDE8E2D8CDBFAD9B89C4
:1015C000786B625C5855514F4D4C4D4E4E4E4C48C9
:1015D0004646484B4F555A616C798A9FB4C6D4DC55
:1015E000E0E5EAF2F9FEFFFAF0E5D9D2CFCECECBB4
:1015F000C5C0BB85807D786F5F4E3C2F2724252595
:10160000221B1107010107101B222424211F1E2267
:10161000262B2D2D2A262321222425252422212371
:1016200025292B2D2C2A2A2C323B444C505353561F
:101630005E6A7B8D9DA9B1B6BAC0C7CED5D9DAD8BE
:10164000D5D3D1D1D0D0CFCECECFD1D4D4D2CEC895
:10165000C4C2C4C8CBCDCCCAC8CACED6DFE7ECED75
:10166000EDEAEBEDF1F2F2EDE5DCD3CCC6C0B8ADBE
:10167000A1948B858783807D776E6255493F38348E
:10168000302B27211C1A1A1D2226282724211E1B35
:10169000191816110C080401010306090C0F111387
:1016A000171A1E212425272A2E343B434B535A60F8
:1016B0006A747F8B96A1A8AFB4BAC0C6CCD1D2D180
:1016C000CFCDCCCCD0D3D6D8DADBDDDFE2E6E6E690
:1016D000E2DFD9D5D3D1D1D2D3D4D6D9DDE2E6EA6F
:1016E000EBECEBEBE9E8E4DFD6CCC3BAB3AEABA7E7
:1016F000A29B948D879A96928C82726151463F3B51
:1017000038342E251B130E0D0F1112100B0602017B
:1017100002060B1012131519202A37444F575A5B33
:101720005D60656F79818687868484878B919596C5
:1017300093918E8E91969B9E9E9B98959596999B44
:101740009A98938F8D8E9093949493929293979A64
:101750009C9C9C9B999A9CA1A8AFB7C0C8CFD4D998
:10176000DCDFE4E9F0F5F8F6F2EAE2DCD9D8D6D32A
:10177000CDC2B5A99F9A6B6764625E59524C4744CB
:101780004242413F3B36302C2A292928251F1A1373
:101790000F0D0C0D0D0D0B0A0A0C11161B1F212429
:1017A000262A2F343A3E40414143454A4F5356582A
:1017B0005A5C626971777D818183858B919AA2A839
:1017C000ACAFB3B6BDC3CAD0D4D7D8DCE0E6ECF139
:1017D000F4F4F3F2F1F2F5F8FAFCFDFEFEFEFFFE82
:1017E000FCF9F4EFE9E4E0DBD5CEC4B9AFA69E98EE
:1017F000938E878078706B504E4B4740383028234B
:10180000212223252627252426292F363D44474AF1
:101810004C4E51585E676D7172727072757B808626
:10182000898A888683807C7770686159524D4641E9
:101830003C3836383D43494D4F4E4E4F545C656FF2
:10184000777C7F82868C929BA2A9AFB4BBC3CCD796
:10185000DEE5E7E8E8E9EBEDEFF1F4F5F7FAFCFF98
:10186000FFFFFDFAF6F1EBE3D8CCBEB1A399908867
:1018700081786E655C565150C8C2B4C1ABA5998BD6
:10188000817660574C3B4024221C01110B01110B47
:101890001627253445485D5C6E7F74869CA8CECDA6
:1018A000ECF2E9EFF8F4F6F0E7DAB8AFA58F8B6960
:1018B00070614140393942263034272B3645506A11
:1018C000779085949F8D9E9AA39B88957D74867A48
:1018D0008A87807E72696F686567535C5856746B3F
:1018E0008C9295ADB6B3C6CACAC6B2B2A594A89F2B
:1018F000ABABA5B5ACAFC7AFC8EFEDE3EED7C6C293
:10190000AFA28F8876675A544636241B0B07010A0C
:10191000171A2E323A53424F4E53565A67787A97D7
:101920009AA7B9C0C5DAD8DED3D4C5BDBDBCB7B29D
:10193000A7AD9A96958E83776757574D40484F5875
:101940005B5A69676A7174807C82766D73676579AA
:101950006D808185807B746D5C5B584A514C4D5B1A
:1019600055626D74879490A3ABA09F9A95908A9BC3
:101970009BACB5BCC9D1D0E4DBEFFAFCFCFFF0E4D2
:10198000D4C9BEA89C94887C6C64513829180E0474
:101990000C1A1B2632364343434A4D50575C6E7334
:1019A0007A8C99ABB6BED5D1CDCEC5C2BCBDC5C1B2
:1019B000BFBEB6B4AAA1A18F8473575A4E474F50E9
:1019C000575F595A595C6068777E7A736F69656DA5
:1019D00079787E837F8275706C56534C424F494BA9
:1019E00053555A5A60767D86939D9E8F8C8A787E59
:1019F000878FA0A0B2BCBFD2DCE5FAEEF8FAFFF206
:101A0000E9D8CCBFABA8A19592877B6955432A1E24
:101A100019171E252C2D3B4543495454535B6265D1
:101A20006C787E889DABB0BFC8BFBAC0BEAFB8C22D
:101A3000C0C0CDCFC3BEBBAF9D9281685A52454A4C
:101A4000504F5254584C525B596872706A656761C6
:101A50006477787A8783847A7C755A5654454B4DDF
:101A60005250545B585B6D77808F9C9D948A857231
:101A7000747B7D8F949CA7ADBFCCD7EEE8FCFFFFB5
:101A8000F2E5D2C5B1ADA6A19B998D8174624B3CA4
:101A90002E261D2023252834373D4653555F686D7B
:101AA0006E767A7F8A9DA7AFBDC8BCB8B5B0A6AF29
:101AB000B9C6CFE1E2D5CCC2AD9E918067594A420A
:101AC000444D4E595A5850524F525A68656260619F
:101AD0005C667280899394928682716157584F54E4
:101AE000575A595D5C5D6371788590A09A93877EA3
:101AF0006B6C6B737B81838D94A7BDD6E8DDFBFF98
:101B0000F2E0C6AD9E92999D9B98948E80796F620B
:101B10005445382F2B313943484B4C4E535E697135
:101B200074797C7675818FA1B1CBD7C9BAAB988710
:101B30008FA6BFD9E6ECD9C4B6A8A1937B654B3F6D
:101B4000424A525A69655A5250484B5463635C5436
:101B5000515164778D9CA59E9A8C8074665E605B03
:101B6000606467696F68676B737B8B96A2A09887C8
:101B70007B6865666C777D76787A89A4C2DDD1F75B
:101B8000FFE4C59E7763697E898D87837C6D717361
:101B90006D60554C44494D5B5F58514E484F626DE6
:101BA00076838588736E7B899BB2DAEBD5BB9F8683
:101BB000677095BEDDE1E3CAAC9F9DA79A826E5126
:101BC000454C5D798B8C7A64473F41535E655F4934
:101BD00035242E56708C9EA39385807B7567676E27
:101BE0006B737E8E8683847A777A8B9EA7B4BBB222
:101BF000907C6D6769718D927C6E5F6777A0D1DE96
:101C0000FFF9D8B88D64596B808A898984766875A4
:101C1000756D5F5A4C444B5466655C524A4452643D
:101C20006E808E8E866F6D7D8CA3C5EDF5D7B999CC
:101C30007D6379A3D1E7ECE9C7ACA1A9AA93786049
:101C4000463C465E7B857D6852312E3C4C535B5250
:101C50003A2219335E7795A6A49289857F746D6DBB
:101C6000757883949F93908C7D7D8198A7AFBCBF3E
:101C7000A983736763657793886D574E5972A6DEA3
:101C8000F2FFECC79B6E545767797F8381786D6B49
:101C90006F6A60584D4748535E6860564A474B5ECE
:101CA0006D838F978B81747A88A0C2E8FEF5D3AFDD
:101CB0008A716E90BEE5F8F6E2C3AFABAA9E83656B
:101CC000493A3B536A807C6F5337212B38464C4C42
:101CD000381E0B1B3A66849EA39B8D867D76706BA7
:101CE0006D788297A1A6A1988B818596A8B9C5CC5D
:101CF000BB9C7C6D6466788C8C765646455F8EC93D
:101D0000F2F5F3D6A177584C505D6D74776E676924
:101D100063615D54484542485D6062564D484D5789
:101D20006A85959A9686837B8BA3CCEFFEFFECBDEC
:101D3000997B808EB7DEFBFCECD7C4B9AB99886386
:101D40004B3B3E4F6572746951342A212930393238
:101D50002815060F284A768B9C9C96877D716B69A7
:101D60006B75889AA9ACB2A2978E8E9FAFC9DADB49
:101D7000C9AC91756D6F818E83765A43405788BC8C
:101D8000E6F5EEE7C18D604C424A566B737E726D8C
:101D9000675B504D433F424A53655A534644495C42
:101DA0006B859DA19788787D809DBBE6FDFAEBD180
:101DB000A588768699C3E4FFFBEDDCCEC2A47F6ADA
:101DC000483D364A6277796D583B262F2D36383B91
:101DD00026170A05203E5D86939D99958278676453
:101DE00065718198ADB8B2B398919299AEC5DBE6B2
:101DF000D3B6968573797E9292765C46384A6BA903
:101E0000D2F1EEF3F2C7905E343239577A93A59C43
:101E100083614936343D425A6470745347353A52AF
:101E20006686A1ACA2917363676E93ABD7F2ECE5C3
:101E3000C09D856B65739ECFF9FFFCEED0BC8B67B0
:101E4000534250506577807B614D3A41454D58541F
:101E50005B4B34261526426B92A9B1AB997860464C
:101E600046596A98ABC1BFA0876C6E849DB8CFDB22
:101E7000CAB792838280918E96987D66403342697C
:101E800099C8ECF3FCFADB9D613B31395D7E9AAD7C
:101E9000A48B6341322E394154656A705940363300
:101EA000435E7D9BACA692725F5A6481A2D2F4FB22
:101EB000EECEA8887362688FBFEDFFFFF3DBC69696
:101EC0006D52434E52677C837F654932364653627A
:101ED000605F54392618203F6C95AEBAB098795D92
:101EE0004545566D91A9BFBBA18569677896B3CA70
:101EF000DACFB18D7C798594959A99856D44323A83
:101F00005F92C3EEFCEFE0F1CCAF9AB0A1A8A5922E
:101F10008E8F8F8E7E806F786C575C799D8B8E89CB
:101F20008398ACB3AFA286909D959FAACFD4D6CE0E
:101F3000BCB5C6AFB7A39798A9CBE0B7A7A29EBE82
:101F4000AA777B6E4D4E54627A83805D3C483F3366
:101F50002C010F251D28142535445D52222D4543A3
:101F60004A391E2D29373D5B6A687565415E71836C
:101F700092B093857F867D8C88716C856A898E8A04
:101F800090B2C1DEF3EFE2C8C7D0D4AB9986918A94
:101F90007772616E856F63583E4A5356585D6B8900
:101FA0007A5D4B628D8B7B53625859585D84959650
:101FB000968A74877A86776F7176949B6B60788D3A
:101FC000AC8E6F787B746A72809DAFAF9787878B7A
:101FD00076665A56636E6A4B517AAEBDA37C75A283
:101FE0009C8470757E80553F5E7686714E384D6C50
:101FF0008273757887979C917C8E9D9F797193B938
:10200000AB9897C0FEFFE2E0E8EEE3CBAE8A9EB16C
:1020100095748168534A2E5255433C3538424845A1
:102020004F4B675B5863636B45674F2F5366706A0E
:102030004B457161584659584E5F344F6F444F5A63
:102040005B795C426972714C689395A39790C0B0BC
:10205000A9C3A2A8C2B3B3BC968FAACFD9C1C8C81E
:10206000F4D4AEABB497976D6590695C55383C3E3F
:1020700037506F71616D7B7E8575819FBFA7A8B951
:10208000BCB4B7B5D1FFF6E0EDECF0D2CDAC9C839B
:1020900093A19B9271493F30444E483E322A3D36CF
:1020A00024314D6E72605F6F89644E323874815C8A
:1020B0004029363D304821252D3237132034254C18
:1020C0004B54593F3D494A5E47626F8189ABAAC76D
:1020D000D6CCEAF7EFF8FEEDFED9C4C9D4F1F8F496
:1020E000F2DEDFE2C6D9A4998C91AB7E6156322331
:1020F000321E2F415B454956737A727386B1B6C75B
:10210000C9AFA9C3C3C6ECFFEDBEC6BA9DA48E7A03
:102110007186948E967C5349355B7957484743596D
:102120004B4750617F937576788B69524F52807719
:102130004D3E29395031232C394B3326162A43463C
:1021400049494D604526384A5E4E546B7B83959BCA
:10215000CFDCD5E1D3E4FFF4E0D9D6CDD9E5F3E681
:10216000E5D6DBCFBDC8CAA2A798A0BA96776247CA
:10217000545743394654576B807C89746E98B6B275
:10218000AB9A9898969AA6C5C8BEA6ABB3A29B90E8
:102190008B86898C7C85897E735D645F584C545036
:1021A000605050546A778A7D878B96786F6D6D800A
:1021B00069504D424D3C2D282B23302827193231B0
:1021C0003732304354402D2E374B3C3A49646C71C2
:1021D00085AEBCC7D1E1E2F4FFF7F7EEEFFCFCFD02
:1021E000F6FEFCEFE1D8D0D9D5C3ADB5BAB5988726
:1021F0006F6B5A503F424B4C48545F6E72707980FF
:10220000848590908B8A90909BA3A69C97A09D9E7E
:102210008D807D9398929DA1927F7577636A6B6B99
:1022200063776F6B6C7E8AA9A5ACA5A99897907807
:102230007E85857266644D4A40412C404040393469
:102240002B3C4336373D382330252725323E586B0B
:102250006689A7ADB8C6CDDFEFF1E5E7EAEAFFF79B
:10226000F3E6F2E4D7CBCFCECACEB49EAFB59D8A0B
:102270007C58524E3F312E283A48445062585163A0
:1022800073747187888173787F88939C9797939BE9
:10229000918B888594A797A4A49D9D9B9C9197A8BA
:1022A0009D8F937C7D8499A29D9B95899088817B4D
:1022B0007577726A5B444B2F2E382C132516121536
:1022C0001D1B2332293B4338404E43586169667ACF
:1022D00097A6C7D0C9CCDCE2F2F2FDFFF7F8FBF716
:1022E000F5EDDBE1D3BBA2A39D9B9986728C927D19
:1022F0006D60423F453F363B33323C474E53565666
:102300005E6C6F6E7D7F7B7D81889C9F97B4BCC423
:10231000CCCAD6CAD0D3D5D7C3AEB5BAB6A79486E1
:102320008A877682666A7E826E706158534E4E430B
:10233000261F2A1B161915140A11181E011C151A1E
:10234000385F5555526277847A76767A9B9094936B
:10235000B2CFE8F5E6E8E9FCFFECD0E2F1F2E2D436
:10236000CDD8D3C1C3B09586908E96886E677474AD
:10237000634F3833362B2A262E3534354451546F6B
:102380007157565E747F857D8A95A8B7C1B4DADF30
:10239000D3C6C1D0C7C3BFB19B977F8E88757A6DF6
:1023A0006057493132222825391822141001293169
:1023B000292629274738464B55597E7C7D657F6FF6
:1023C0008593A8A09593A29CA1A6A19C9E958A9C6A
:1023D00097909F8C92A0A79AA3AD9794A7A5ACB114
:1023E000A4A4A4A89FB5A5927E7B7E938C806272E4
:1023F00081867567575D566B62625154546D5C639C
:10240000788676948893A0B8ACB5BFD9E4E9DACCE5
:10241000D3CEC8B2AFA999938778756E69605056CC
:102420003B3323110F200402010A041D201A103629
:1024300051584C59647386A3A59794B7C8C1A5B6E3
:10244000B5B7C7CFB8A2B1C2B9BAA89198958675E9
:102450006C63676F6B636A6E6F787C74767C7B7677
:102460008D8F83878B738D947864737C818A7C6372
:10247000708385816E627B747461685B556C857650
:1024800086949BA2BCC8BDC0D4CBDFE7E0E4D8CC27
:10249000B5B2ADA7998980746D615649443E362620
:1024A0002618130E0B0108040709141E2B2F3B419D
:1024B00059626368747D95A3A5A6AEB2BDBCB9B2DE
:1024C000B1AEAFB1ACA79E999C978D8075726F67C6
:1024D0005A595A5B5D5B5B656F70707573787A8271
:1024E000848C9093929590929693898E94979A94D7
:1024F000888D9698928C888E8D8D8383868F9AA5F1
:10250000AAAAB5BEC4CACECAD2D4D0CACECBC6BB84
:10251000B5A59C908E8476665A4E473F392D24216E
:1025200012140D0A090801060A0F1627313B4A59F1
:102530005E6E757E82919FAAB5B8BBC4C2C4C3C586
:10254000BEB7B5AFA9A7A1979390807E76675E5876
:10255000504F58574F4D4D57656D686F6D6F747B79
:1025600081818B8C8888908E8C8F90888F9A98969A
:1025700091898F989999928B9094978D999DA2AA01
:10258000B7BBC0C6CFCFD5DCDCD7D8D1C7C8C2B99E
:10259000ADA5A69E92897E72665A4F433831281E99
:1025A000180B0907040303010307090D131A273544
:1025B0003F4954616A7585929CA7ABB6BAB8BEC054
:1025C000C3C2BEB8B5B6B1ABA298908C81786D612C
:1025D0005A56514E4E4B494C53575F6467696D7361
:1025E0007B82868C8E8F919A9C9A9C9E9A9A9F9CB5
:1025F0009D9A96989FA1A39E999DA3A5A3A9A8A9DA
:10260000B2BABCC3CBD0D6DADBDBDEDBD7D2CAC2F0
:10261000BFB2A6B2ABA2998D80766A62574C463D96
:10262000332B211C17110B06010103070A0E15217C
:102630002C374149535E67737E8A9499A3ABAEB63B
:10264000B9BBBCB9B8B7B7B5B1AFA9A29D978D85D5
:10265000796E69645F5A56535458595C6164656871
:10266000696E777B7F82868A909695939595989EE2
:102670009D9C9B9B9DA1A3A3A09F9FA1A19E9FA06A
:10268000A3AAB0B4B8BBBEC2C8CBCBCDCCC9C8C856
:10269000C3C1B9B2C1BEB8AA9B918D7F77695C53A3
:1026A00050453A2B24201F170A0201010705040791
:1026B000141B242C2E35434D59626C797F8E989AC9
:1026C000A1A9AFB4B4B3B4BCBDB5B5B2ACAAA19422
:1026D0008983756C665B53524E4E555251565D5E02
:1026E000636A6E79858B919EA1A8B2B6B5B9B6B36F
:1026F000BBBAB6B2AFAAAEABA29C99979695908E94
:102700008F8F969E9EA0A6A8ADB3BAB9BBBDC2C717
:10271000CBC7C7C2C1C9C2B6A79889807873716E8A
:102720006B66615D585554514B40312112070102CF
:102730000915212D3840474E545B636A6F72767AD3
:102740007D8188929CA5AFB5BABEC1C4C9CAC9C5AE
:10275000BEB6B0A9A39E9896918F8C888179706B34
:1027600066646363615F5C5A5B5D6065696C6D6F35
:1027700071747475737475797D8185888A8B8D9079
:10278000969BA3AAAFB1B1AFACA9A6A7ACB3BEC785
:10279000CFD4D3D3CEC9C8C3BCB4AAA29C96918BC4
:1027A0008276685A4E4642403E392F22170A03016C
:1027B000030C151B222627292B2D2E303336393EAC
:1027C00044494D545E67707C87939DA6AFB6B9BAF5
:1027D000BBBDC0C3C6C8C8C5C3C0BDBAB5ABA09653
:1027E0008F8A89888886837F7B7A7A7D8082817EC2
:1027F00079726D6762606064686E73787D808388CB
:102800008E959CA5AEB2B5B8BEC4C9CCCFCFCDCC49
:10281000CDD0D2D1D0CCC8D9E6E6D4B7947361621A
:1028200072858E8F8168574F525B6670716D665FDF
:102830005653586159472F12010210243845494A0E
:102840004A505257616D7B8597AABAC3CBD1CFC589
:10285000BAB5B9C2CFD7D8D6CDCBC8C6BFB093769C
:102860005A473731374144474F5560738DA4B0AC58
:10287000A28D79645448414B5D6D768083888B8C42
:10288000887E6D5F5E68737D8FA2AEAFAAA69D95B0
:102890009CAAB8C1C0C8CED9A3A09B938A7F7369F4
:1028A000635E5B5955514C47423D39342F2B2928E3
:1028B000282724201A130D08040201010204080D20
:1028C0001216191A1B1C2129313A42495059636DBD
:1028D000757A80848891989FA5AAAFB3B7BABCBA1D
:1028E000B9B7B7B9BCC1C4C5C4C2C0C0C3C6C9CCDE
:1028F000CFD1D3D4D4D2CEC9C4BFBBB9B7B6B7B683
:10290000B5B3B0ADAAA7A4A2A3A9B2BDC5C9C9C693
:10291000C2C0BEBAB6B0ABA7A3DBD2C7BAA9968174
:10292000706259555453504A423B35302E2F34383B
:102930003B3B38312A21170F0803010104090F1707
:102940001E2326292A292A2E32383E4245474C5832
:102950006A7F93A6B3BABEC1C2C5C7CDD1D7DBDCEF
:10296000D7D0C8C4BFB9B5B0A9A29E9B9B9FA4AA4B
:10297000B1B7BBBDBCBAB7B2ACA49788786C625E85
:102980005C5E5F5F5E5D6066717F94AFC8DCEBF696
:10299000FBF9FBFAF8F5F0EBE4DB9F9C98938B8155
:1029A000756A605A565554524F4A433D37312D2B64
:1029B000292725211D18130D090503010104080EFF
:1029C000151C22262A2B2A29292A2C2E303234386B
:1029D000425265798B979D9E9D9D9FA4ACB3BABED4
:1029E000C0BFBFBFC1C3C4C4C1BEB9B6B4B5B8BD12
:1029F000C3CBD2D7DBDBDAD7D4D3D3D2D0CCC5BCD0
:102A0000B2AAA4A09D9D9DA1A6ADB4BCC3C8CACACC
:102A1000C9C5C0BDB9B6B2ACA7A39F99958F89822D
:102A20007A70655B524B46413D38322C27231F1A82
:102A300017120F0C09060403020101020205060821
:102A4000090A0A0A0B0E1215181B1D1F21252B320D
:102A50003A4452616E7A858D93979BA0A5AAAFB533
:102A6000BABEC2C5C8CBCDCECECDCBCACACACBCEDC
:102A7000D1D5DADEE2E4E4E2E0DDDAD8D7D5D3D2AC
:102A8000CFCCCAC9C9CACBCCCDCECFD0D3D4D4D168
:102A9000CECAC5BFBAB5B0ACA7A39E99ADA8A39F37
:102AA0009A9286786A5D544E4A453F3730292520F0
:102AB0001D1A1613100E0B0805030101010205086B
:102AC0000C0F1316191D232A30363B40464D555E18
:102AD000656C737C87919CA5AAABAAA7A7A7AAAE91
:102AE000B3B8BBBCBDBDBEBDBCB9B4AFA9A4A1A0A9
:102AF000A2A5A9ADB1B2B2B0ADAAA6A4A2A09FA052
:102B0000A2A4ABB4BFC9D2D7D7D5D2CFCED1D3D55B
:102B1000D4D1CCC7C2BFBCBAB9B8B5B2ADA89F9723
:102B2000928F8982776A5C50453A3128201A1513B2
:102B30000F0D0D0C0C0B0A08050301010204090E10
:102B400013191F23262B323C474F575C61666B736A
:102B50007C83898F959A9EA2A6A8A8A7A4A1A0A0CD
:102B6000A1A4A6A8A8A7A6A5A4A4A3A19D9996924E
:102B70008F8E8E9195999A9A989795959AA2A8ADCD
:102B8000B2B5B6B8BEC6CFD5DADADAD9D9D9DCDF74
:102B9000E0E0DEDAD6D2D0CCC9C5C1BAB2A8988CF2
:102BA0008278716A61564B40352A2018100C0C113E
:102BB000161A1C1D1A1714100D0A08060402010229
:102BC000060A0C0D0D0B0A0C131C26323C454C5109
:102BD0005356585A5D626970767D8184868B939EC8
:102BE000ABB7C0C5C7C8C9CCCFD2D4D6D4CEC6BF68
:102BF000B6B0ACAAAAA9A9A8A7A6A3A09E9EA3A95D
:102C0000B3BDC6CED6DEE5EDF5FAFDFDFBFAF8F86C
:102C1000F7F5F2EDE6E0D9D2CCC6BFB8AFA59890F3
:102C200087807872695F55483F37302A251F1A150B
:102C30001312111112100D080402010304060708F3
:102C40000A0E121820272D3339404750575D616313
:102C50006463646566676A707981888B8C8B898D03
:102C6000939AA1A7ABAFB2B6B8B8B7B3AEA9A39EBB
:102C70009B98969594959596989EA5ACB3B7BBBF37
:102C8000C2C8D1D9E0E7EDF2F5FAFDFDFBF9F5F1A7
:102C9000EEECE9E6E4DFD9D2C9C1B9B1A9A19A90B5
:102CA0007F78736E6A6660595149423C36312921FA
:102CB0001A141111111212120F0A0703020203044F
:102CC000070C131A24313C464F575D6165686A6CE6
:102CD0006E6F6F706F6D6B6A6B6F737574727171FD
:102CE000757E868C90949AA2AAB1B6BAB8B3AEA9F2
:102CF000A39F9B979492929294969AA1ACB7C1CAC3
:102D0000D1D5D8DDE2E8EEF4F8FAFEFFFFFDFBF8DE
:102D1000F4EEE8E0D9D4CECAC4BCB2A99F968D86A1
:102D20007F8D847B746F69625C544D4640393026D8
:102D30001B120C0A0D101313120E0A0705050503CA
:102D4000020103070E1720262C33383E464F5961E7
:102D50006A717677797B7E81858B90949695949431
:102D60009497999B9A9998999BA0A2A2A29F9B97AE
:102D70009391919394969697959594979CA2A9B1C7
:102D8000B7BCC0C6D0D9E2E9EFF0F0F1F2F4F5F744
:102D9000F8F6F3F0EBE6E0D9D4CEC6BFB9B1A9A0FE
:102DA000978D94867769615B5955514B433C352E1D
:102DB00026201A191A1E2123211F1C18151311125F
:102DC0001415181C21252C3744515F6C7780878E91
:102DD00096A0A9B1B5B9BAB9B7B7BABDC1C3C4C293
:102DE000BEB5A99D92877E7A797978736C635A52C1
:102DF0004D494A4F545C616566635F5C5C616B780A
:102E000085919AA2A9B2BDC9D5DFE7EEF4F9FDFE1E
:102E1000FFFFFDFBF8F1E9E1D8D1CBC5C0BBB6AFF0
:102E2000A79E949C9690877B6F615349423E3F409A
:102E30003F3C38312B2725242422212121242627F9
:102E40002725211D1A191A1F2935424F5A62696E0A
:102E500076818F9FACB6BFC3C5CAD0D9E0E5E7E69F
:102E6000E1DCD5CDC7C1BAB1ABA49C948A817667A9
:102E700058493C312C2A2D2F302E28231E1D212C61
:102E80003D5266788894A1AFBFD0DFEBF3F8F8F835
:102E9000F9FAFDFFFEFCF6EEE5DCD5D1CBC6C0B8F5
:102EA000B0A9A29C87807B756E665D544E494644EE
:102EB000413D3733302F3135383A3C3C3B3A38349A
:102EC0002F2820191412100F0E0D0D0B0B0B0D0FC8
:102ED0001319222B343D44494E556170808E9AA2BD
:102EE000A8B0BBC6D1D9DDDBD6D2CECBC9C8C8C647
:102EF000C2BAB0A69D97949594908A8178726F72A9
:102F000079828C959B9FA3ACB6C3D1DCE4E7E7E75D
:102F1000EAEFF5FBFFFEF8EEE4D9D0C8C2BCB7B0CB
:102F2000A89F968E876B5F54483D342B221B150F4C
:102F30000C090706070A0E12171D22282B2F3335FE
:102F40003737373633312D29241F1A15120F0B0A44
:102F50000A0A0B0D1013171B21262B3139444D582B
:102F6000636E7B86939DA7B2BAC3CBD3DADFE4E866
:102F7000EAEBEBE9E8E5E1DEDBD6D1CCC7C2BFBDC9
:102F8000BCBFC1C5CACFD5D9E0E5EAEFF3F7FAFD7A
:102F9000FEFFFFFEFEFBF9F5EFE8E0D8CFC6BCB1BF
:102FA000A69B9083786B766859493B302820180F90
:102FB0000703010104070B0F13181F242B2E3237B0
:102FC0003B3F3E3E3D3E3D3D3A362D251F1D1D1EDD
:102FD0001F211D1916181D23292E2F2F2F3239407E
:102FE000484F5A6876858F9BA5AEB9C2CFD7DDE42E
:102FF000E9EEF2F4F2F1EAE3E0DFDFDBD4CDC3BDCA
:10300000BBBDC2C6CBCED1D3D5D8D9DADDE1E8EB92
:10301000EEEFF0F0F0F2F3F2EEE7E0D8D2CDC7BD7C
:10302000B3A59A938B837684715B45342B27231E3B
:10303000120701020710171D1D1D1F252D36383AD6
:103040003E41423F3C3A3B3C3E3E372A1C12111463
:103050001C24282319111017232F3739342E2D3112
:1030600036393E4A5B6E808C979FA4AFBCCCD8DECD
:10307000E6EBF1F6F9F9F6EADFD8D8DCDBD5C9BA28
:10308000B1B2BAC5CED4D7DADBDBDBD8D4D4D7DE45
:10309000E2E7ECF0F4F6F7F8F6EFE6DDD4D0CDC7D2
:1030A000BDAF9F9694949184927A5E432E282C2FE4
:1030B0002F22140F1321323E434039353A424C4FF0
:1030C0004D4E4D4B453D393A3B403F38281606069C
:1030D0000C1A28302A1B0C0A132439484B443A3462
:1030E000323333343F536A7D89929697A0AFC4D26E
:1030F000DAE1E4E7EDF2F2EFDDCBC0BDC6C9C4B75B
:10310000A69BA1AFC0CFD7D8DBDADBD9D1C7C4C863
:10311000D1D5DCE7F4FBFFFFFEF7ECE2D7CEC8C564
:10312000C1B5A3928B949DA0929A7F6045312E36B3
:1031300040443A2D2931455C6C71695D5658616B8C
:103140006D6966635D554A444445494941311C0BEC
:103150000A1122343C35210F0B152943575C564B7D
:10316000423D3936343D51687C878D8D8A91A1B6B8
:10317000C5CCD1D2D3D8DDDED9C5AF9F9BA5ACA934
:103180009D8C818B9EB2C4CCCCCECECFCBC2B7B2FD
:10319000B5BDC3CEDEEFFBFFFDF9EFE1D6CAC0BB84
:1031A000B9B3A593827F8C9EA59A9D8161473433E4
:1031B000404F574F44414C658093978D7E73737C8D
:1031C0008687807A746C62544C4B4B4F4D46341E4C
:1031D0000B0A1124374038230E09142A475F67630E
:1031E000594D47413B3840546C7E888D8A8489987C
:1031F000AEBDC3C6C5C4C7CBCCC7AF98867F8A92C5
:103200009186776D7990A6B9C2C1C3C3C4C1B8AA6B
:10321000A5A9B2B8C5D9EEFBFFFAF5E8D7CCC0B680
:10322000B0ADA698847574859BA69D9075563D2B70
:103230002D3F54615C5354647E9BAFB2A79485814B
:10324000889191877E756A5F4F4643424441392792
:103250001201010A1F3440392513121F37567078A6
:10326000756B5C52483D353C5167798184807B8227
:1032700093A9BBC6CCCBC9CED4D4CCAF947E737F3C
:103280008889807268758EA3B4BBB9BBBABDBDB85E
:10329000ABA3A2ABB1BFD4E9F9FCF5EEE2D5CDC248
:1032A000B7B0ACA4937C6A67768D98907559402F1F
:1032B0001F223754666460687E99B2C4C4B8A39074
:1032C000888C918E80736B615849413E3A3D3A3308
:1032D000231001020B1E3543403123273652718BD8
:1032E000939084726457483B3D4F616F7375727061
:1032F0007C8EA2BACEDCDEDAE4EBE7DBB99D837428
:103300007D848682766E7A8FA1ABB1AEAEABB0B75C
:10331000B5A89C989EA1ABC0D4E4E8E1DDD4CDCBA8
:10332000C3B9B1AEA79276615962727D75543D30D2
:10333000281D1F304E64696D7C93ABBBC3C1B5A320
:103340008E8080837D6B5E564F493F3D3F3D3F3AC7
:10335000342C2118181D2D3F4C4B45404758718C7B
:10336000A1A8A79E8B7B6A5C4D4B585E676866651B
:1033700065758696B0CEE5E9E7F7FFF9ECCAB39933
:10338000858B8D8E8E86808797A1A0A19C9C9B9F0C
:10339000ADB2A59990939092A0AEBCC0BBBEBABA94
:1033A000BFBEB7B1B0A993796454535A5E54453443
:1033B0002E2D25232D475D6974869AA9AFAFA89F4E
:1033C000917F716E6E67564A4542403D3F44474982
:1033D000444142403E40434B535B5B5B5E677789B1
:1033E0009CAAB0B3AD9F91807264606664676663A7
:1033F000626678868DA3C1DCE1E0F4FFFBEFD4C503
:10340000B09D9E9B9B9D9691929CA0989692919028
:1034100094A4AA9F9285857F7C848B969A979C9C86
:10342000A1A9AAA6A2A4A2927F705F555150453AC5
:103430002C2A2A2421283D5363728598A1A3A098A1
:103440009186776A64635C4C423E3E4143485056E5
:103450005854515457595B5D606367696E757E8B34
:1034600099A6AEB3B7B6ADA192877C797C74736F21
:1034700069676D808A8B9DBBD7DDDCF2FFFBEDD6E3
:10348000CAB9A6A6A0A1A49F9A979C9C8E8B87855B
:10349000838698A19B8D7F7B757175787F817E82F5
:1034A000848C9597959498988B7D71615249443A94
:1034B0003B2F2C2A25262B3C505F6C7E939E9E9C96
:1034C000989387796C6665605248414246474C56EE
:1034D0005E605B58595B5F605E606266676C7581B9
:1034E0008E9DAAB2B7BBBCB5ACA1989090948C87C6
:1034F0007F77767E939B96A5C3DDE0DBF2FFF9E74D
:10350000CDC3B19B9C98979D9995929899898381F9
:103510008181879CAAA59582766A666867686A66D3
:103520006566717D8383868C8C847B7263564C4583
:103530003B4C433F3C3A3D3F47535F667790A3A4E3
:10354000A1A19B88796D68676457493C3B3D3D3D2F
:103550004854554E464241474B494B535C5C606E64
:103560008393A8BBC4C8CACBC5BDB6B2ABB0B7AB1A
:10357000A191878894ADB2A7B1CEE9E5DCF3FFF362
:10358000DABBB09A808382838F9292939EA6928AAE
:103590008E9398A1BCCDC3AF92755C5758514847E4
:1035A0003F38333E4F595C6672797A7B7A70696036
:1035B000574C6B6A6B6D717978726E6D6D7C9BB5D3
:1035C000BBB9BBB396847C77747264513B2F2F26B2
:1035D0001A202C2A1B0E02010E1D22293F55585E6F
:1035E0007498B0CAE4F0EFE7E1D6CFCFCFC9CDD21F
:1035F000C2A98D7F8495AFB4A3A6C0DACFC4DEEA9A
:10360000DCBF9D937D606A6C6A7D888E93A2B19BBE
:103610008D99A1A8B7D5E8D9C6AF835C585A4D3B60
:103620003B311D101420292B384A59687884878B28
:1036300086756B93989B9EA7AEA99A8C81787C9295
:10364000AAB0AFB2AA9185828181807868554B4833
:103650003C2B2B30291A0E03010C1D2830475C61CE
:10366000667A9AB2CAE2EAE4D6CDC3BFC4C9C6C775
:10367000C8B79E83777B869597888693A0978E9C04
:10368000A59D8C77766A58606566747F878C9AAB47
:103690009D929CA3A8B1C5D0C4BDB38F706C6F655B
:1036A00055564F3B2D2A2B2926303F4F637A8F9951
:1036B000A2A29793ADB5B9BDC7CFC6B09A887A78A4
:1036C000889EA4A3A59D83777777787A76695A52E6
:1036D0004F433432362F1F1206010C1C252E415445
:1036E000575C7091ACC5DEE9E1D2C8C0BFC7CFD08E
:1036F000D1D0BFA487797B838C8E817C80867D75B9
:103700007D837E7061625D4F575D5E6B76808A9AC5
:10371000B1A9A0ACB4B8BFCCD4C7C3BF9C7B7678EA
:103720006C58595541332B28201A2333445D7D961C
:10373000A7B4B6ADAD98A0A7A1A1B8CCC7985C4E70
:103740006880938E97A5B29D919A9A9F9367444FF4
:1037500071766444547684624F4C5575632B090C22
:103760002E4A5355718EBCC7A57E54616B797785FF
:103770009CC8FFF4C4A3787FA09D917A8CC6E8D53D
:10378000D7DFC9BFA671674F445D7587A9A18B9428
:10379000A6BC8F574F503F3F62747C8F9C79464642
:1037A0005C61465352515353636C5E637871677A20
:1037B000A2B2AE9A8D989F9174849AA09A8658442A
:1037C0004340466A9CC2C6A5767AA6B8BA916D54A3
:1037D00076B3CA9349386C935A3D2F486C79522D71
:1037E000060E3D666147578AAAA67F47506F8D8FA8
:1037F0008C8EB5E2E9B67E627BC0CC9D6A87DAFF2B
:10380000CF7F58669ABEB39F6E4A667A7A6F5B63C3
:103810008B9EAB989BA291725C7394A8C0B46528F0
:103820003D61695B61708C93837A6C3F375D8099F1
:103830009E9BA3B0B3A99FA0A2989598948E7D6EED
:103840006765676E79899FB0BCA699A1B3BAA88E47
:103850006C76868273594F62715D4931323D4436D0
:103860002A2C363B4148505B686A5A535C6D848F02
:1038700090959FA8B7B8A496949EA3B0BBB8C2E198
:10388000FFFCE9D6BCB0B4B4AF9C8794A7AFA595B4
:103890008D9BA8A88F797278787D7B665668735B5C
:1038A0003F36353E404647494F5F69665F637576F0
:1038B000787E858A888C90A0939F948C8380808268
:1038C0007263637381888F9DB8D6DED3CADBE9EC5F
:1038D000D4AFA8AAA290736163706C553C33303AA0
:1038E00033302C26211D222836464A47474F5D6833
:1038F0006D778392A3AEADA5A4B3C1BFBEC3CFE223
:10390000F1F9FFF3EBDDC9B7ACB1B3AAA89F989268
:1039100087849192856F6F757E7B726D57382C2EE0
:1039200027202B35392D303E4E4E50545D61687B3B
:103930007F80838A8E7D748193879E9490816C773B
:103940007A6E584B616E808B85A6CAE1DCC7D2E7E0
:10395000E6D8B3AFA79E8C6B5A58676D604E47444C
:103960004E4D53513D282326252D414B4B5162731B
:10397000706E76868F9BA29C97A2AEB7B7B2B6C187
:10398000D5E3EEFFFFF6E9D5C3B1AEA89A958F8ACD
:103990008C8B8E8E8981747A8684746B71613821E8
:1039A0001E1C1A2337474441495D5F5C5A67757B8B
:1039B0007E7376838D8F7E717C87778C8783715B36
:1039C0006472705145576D797C7395C1E1D6BFC45F
:1039D000E9EAD8B1A49F9C8770605A6E7A71594BFE
:1039E00044505864655035323837384553575A700B
:1039F000837C737C8D979F9F9591A1BCCCD0CAC3CB
:103A0000CEDEE4EAF8FFF7EAE2D0C0B5AFA59D94B8
:103A10008A888F91928A7F6F717A7C6C6A69603C28
:103A2000201317161A2C3D38353E585E59546175CF
:103A3000817F6A6A74837E7569747785948B826EE0
:103A400053607570544F627483827A9ECCE8E4CDE3
:103A5000D5EFF4E8C4ADA59F907F6B5C6C837A6171
:103A6000483A475B6C6F5739333C3A3A424D4E52B5
:103A70006A817968738796A19A898699B9D1D7D0D6
:103A8000C7D1E2E5E3F3FFF5EBE1CDB9B4B2AA9615
:103A90008880828B8C8A85796668737065605D54D6
:103AA0003613070A0B0F2335302836525F5D5561F8
:103AB000798C886D6A788886737077858199978C00
:103AC000724D54787658475E7A8583748EC3F0F1D0
:103AD000D4C6EAFAF1CAACA09F8F796C5E74827C7E
:103AE0006451444E5D6C7365483A413C3C425457C6
:103AF000596C827C6D7687939994828290AFCDD1F8
:103B0000C6BBC5D9D6D1E5F8F0E6DAC2AFA8A9A5FB
:103B10009180747785888681765E6072716A5C5761
:103B2000543A1501040A0D2837312D395F6F6A6246
:103B30007185989179757B8689797B7C814C7A73C4
:103B4000543C163A7D856B685231223E4B7591B7D5
:103B5000B09272ADB5B37F6B6F746B648697BEBA6B
:103B600098665B5979928D877E79829E9B91888534
:103B70007D91BDD4B7A0AFB7AABFBE9071132E7808
:103B8000B7B8DAAB92869CDCFFE5BEAC826582C337
:103B9000EACE9D6C56627CA2B19F5A4C668BAABE3F
:103BA000B091520F063252566063413C427C8B907A
:103BB0007778686369748E9B89533745384C030165
:103BC0000413222F50737F6C43231611171F355394
:103BD0007593A19F936F50352A2D3D546A7E8EA018
:103BE000A593704D373C527396AFBFD2E8E6C497A9
:103BF0007A798B9BA0AAC0DCF4F9EFCD9D7D7D8204
:103C0000919CABCCE6F1F6F1E7D0B5A9A39DA2B3A8
:103C1000CEE3E7E4D7C0A085787269606C8AAABC5D
:103C2000BDAE926645373B4144567491A19A8D755D
:103C300057382E333A3F4B6681887A5B401F030921
:103C4000111D2C405975868168432416161B21339B
:103C500058839B988365462C1E1A22324B688392A8
:103C600097907D5B37273353728EAAC2D3D4C19FFE
:103C70007D6866717E8A9DBEE4F4E7C9A3836F7197
:103C8000737C90B0D9F6FFFAEDD7BDA69B9595A2AF
:103C9000BBD7EDF5F2DCB7907770706F768BAAC268
:103CA000CBC6B1947259504F576B8CAABAB9A88F32
:103CB0007256413A3C4453677F8D8A7C5E381609C0
:103CC000121C2737506E868A74502F1C181E253000
:103CD000445F798476593A231811101A2F49637971
:103CE0008178654D382C30425B748DA5B7BEB29497
:103CF00074626068768594AAC1D2D3BFA48A7971B0
:103D0000747E8EA5C4E6FBFBF1E1CCB5A5A2A8B1FB
:103D1000C0D7F0FFFCE8CBB0978988898892ADCDF9
:103D2000DBD2BCA28C7667656C7C95B1C6C7B9A0A6
:103D3000876D55484853616E7E8E908063432A1686
:103D4000122F384353657173664F341E191F2E3A74
:103D50004251616D6954361C0E101C27303C495984
:103D600066614E37262026394D627386989E98826A
:103D700068565460707F8C9AADBBBEB29B857676D8
:103D80007F7F8DA0BBD6EDF6EEDDC6B2A9AAB3BE8D
:103D9000C6D3E5F8FFF1D7B9A79F9FA3A6AEBCD0C5
:103DA000DFDCCCB5A2938A888B929FB2C2C8C1AE29
:103DB00090776660636A6F76808C91886D50382F3B
:103DC0002D2F4B565D646A6B625038251C223040A3
:103DD0004D5155575548341C07010B1C2C363F4696
:103DE0004C4C412C181016273E505E6A7780827822
:103DF000634F484F627889939BA3A49F93806F6A17
:103E0000728392A7B8C9D8E5E6D9C4B1AAB0BECD2D
:103E1000D9E3EEF7F9EED9C2AEA6ABB7C2CAD1D993
:103E2000E1E3D7C2AA99959CA9B3B9C0C7CCC9B9D7
:103E3000A1887973777F85888F94958A75584135E5
:103E400036404B616C72706D63513E2C23253345B7
:103E50005760615C5348351E0B01071A303F4444DC
:103E60003E383224140A0C1B324A5E686D716C6451
:103E700057484146556B83919796938A7F72645E4B
:103E80006477929CB3C0C8D0D3CBBAA9A0A7B9CC51
:103E9000E0ECF2F4F3EBDAC5B3A8AAB5C7D4DDE0E1
:103EA000DEDAD4C4B2A39CA1B0C3CFD5D7D4D0C5D9
:103EB000B098837C818E9CA2A19E978D7A624A3CA9
:103EC0003B455461727671655849392F2A2D38481F
:103ED00057605F56473728180903051327383D39BF
:103EE00030271C140B0406122740545F625F584DA4
:103EF000433D3C41516578878F8D857B6D625C5A6F
:103F000061728DA6B2C2C9C8C5BFB6ABA4ABBED7DD
:103F1000EBF9FFFCF5EBDECEBCB4B6C1D1DFE7E9CF
:103F2000E4D9CCC0B3ABA9B0BECDDCE5E5DFD4C8E5
:103F3000B9A89990959FACB3B1A79A8B7B6655476A
:103F4000444C5B6B72716F66584A3C312F333D486D
:103F50005259594F3D281913100D0F162431383678
:103F60002A1C100706070C182A3B4951504E48439B
:103F70003A35373F4D606F798080786C615A5B636A
:103F80006D7A8C9FACB6BCB9B3B0AFADACB0BDD49C
:103F9000E9F8FFFEF4E7DBCEC3BFC5D0DBE4EAEC13
:103FA000E9DED0C2B8B2B3BECAD7E1E7E8DFD3C713
:103FB000BEB5AAA3A1A9B2B8B7AFA08F7D6E5F5955
:103FC000575F697173716A6055483F39393F454B96
:103FD00050524F493B2A1C12101012161D2629263A
:103FE0001B0E060201050B1321303C4344403C38B4
:103FF000363538414D5A666D70706B62595658614E
:104000006D798694A2A9B0AEA9A4A5AAB1B8C3D56A
:10401000EAF7F9F4ECE4DCD5D0CED1DBE5ECEFEF58
:10402000EAE1D5C9C2C2C7CDD6DEE6EBEBE4D7CB19
:10403000C2BCB9B6B5B8BEC0BCB1A29283766D663B
:1040400063666D7376726A61574E464343464A4CC7
:104050004F4F4A43382B2019151516181B1D1E1BD0
:10406000150D040101050D161F283033373735347F
:1040700033353A414A525A6061605E5956565A6029
:1040800068747E88929A9BA3A19FA1A7B0BBC8D653
:10409000E3EEF2F0EBE4DFDBD9DADDE1E8EDEEEDC3
:1040A000E8E1D7CECACACFD5DBE1E6E9E7E2DBD16A
:1040B000CBC6C4C3C3C5C5C4BEB5A89B8D81797525
:1040C0007273747474716B615E59545151504F4DD9
:1040D0004946413C352D26201D1B191815120F0C81
:1040E0000905030102060A10151A1E202325272A96
:1040F0002C31363C41464A4C4E4F4F505153585E3E
:10410000666D737A80868C90989DA3AAB4BFC9D33C
:10411000DAE1E5E7E7E7E6E7E7E9ECEEEFEFEFED19
:10412000EAE5E1DEDDDDDFE1E4E6E5E6E5E2DEDA73
:10413000D6D3D1D0CFCDC9C3BDB6AEA49C948E8901
:1041400085827F7A76716C665E6B6764605D5A56B5
:10415000504B47423E39332D28241E1A140F0B08AA
:10416000050402020102030407090C0F11151A1EAF
:104170002124282C30333537393D4043474A4D51AF
:10418000555C5F656B727981889298A1A9B1B9C0BD
:10419000C7CDD2D8DDE1E4E7E9EBECEDEDEDECECF9
:1041A000EDEDEDEEEEEEEFEFEFEFEFEDEEEEEDEB32
:1041B000E8E6E3E0DDD8D2CDC7C1BBB5AFA9A39D8A
:1041C00097918B86807B7673706B7691736789ACE1
:1041D0008A765DA99889869591626B775D5F46388E
:1041E0002F34502437314025163F2727221E2D2FEC
:1041F0002B222539616D625E5A516867526E624F9B
:10420000464A7F5C5650717E764FC7B5C9A3C0C879
:10421000B0BFBDD0DCE5D5D1E8FFD5E1DAC4D6B575
:10422000D8E3EBBAD7A3C3A9AD9CC8B5818781AC4D
:104230009580898A76848F7F4B7F766769648283D5
:104240006D8C9C7C8087A08C8A78766C4D5D5B5FE2
:104250006451554B6F54444A414132324F36251A0E
:104260002D012141212010141D1E342E29202B4305
:104270005E5E444845649EA2967C67828AA3B0AE87
:10428000927292A3968B8596ABAA8B8D9B9B99B2CB
:10429000AD918D9FA39EA3A0A2D7F8E7DDC2AFD4B6
:1042A000D2D7EFEDD2D5BDE1CECDCBE7CFB8A4A02C
:1042B000C4B49F9E9FA8B3AC9F7C94888D92808746
:1042C00079676973696B75705B59566C5A37534FD0
:1042D0003E3C39494D53343C31272A252734291E89
:1042E000192C011D2C2930211A252E40323A344236
:1042F0005B757C62525171C2C5B2967C92A9C6CEE2
:10430000C7BB9AB5CDC09A95AED2D7C27A758396FF
:10431000BEC29E7A8196A3959991CEF9EFE5C6AD7E
:10432000C6DAE8F7EAD4CDC8DED3D6D3E5CBC7B436
:10433000ABBDB1979195A29E93937A7B6F778B7F5C
:10434000725A5E45455562644C2E30455A391D3AC5
:1043500044332827353B3527453B221F1C212E2B74
:10436000262F2B01172D35352C292C39493A503F52
:10437000486B8E91725F627FDFE3D2B594A7C4DF92
:10438000E5E0D9B4C2F0DEA995BDEEF1D98864802C
:1043900090C5D6AA7B80A1A88E9B89B5EBEFE1BD25
:1043A0009DAAD1FFFBF1D8BDC3DFDBD3C9D8BCBD0B
:1043B000B2A7AEA38F929695737A806E6A6262728C
:1043C0006950466043324050503B21254139251900
:1043D0002F3C342B2A2E34373D4F46332D2A283597
:1043E0003E39392A1729353E423E3C3F4D514D60FA
:1043F0005754729A9F7F6E7493E6ECE3D3ADAFD0BF
:10440000ECEDE8E7D2C5EFE9BC9EBFEFF8E48C58CD
:104410007583B5C9A273789F91799A8599D8E7D6A3
:10442000AD8C96D0FFEFE4CEB4B5D2D5C7C2C7AC41
:10443000AAAE9D9A918889887E62616B626361569B
:1044400059584D4D5849373A45483C29293125148A
:1044500011212E2F2B27252C3947564F3F352D293B
:104460003744403828212E373F494844475459574C
:10447000656560749FAB917E83A7EBFBFAEFCABFC3
:10448000DCFFFEFDFBEDD7F1FBD6ACBFECFDE59507
:10449000556A799BB79D6B6F92836C878387C2E463
:1044A000D2A88590CCFFF2E4D2B7B1CDD3C4C1BFBE
:1044B000A7A0A79C8E8A84837F6F524B52545A596F
:1044C0004B43464B50554A3A31363B3A2D231F1445
:1044D0001B1A26343D3E3933374452605F52433B0A
:1044E0003A434C4C453B383E484F565854565E6410
:1044F000676D6F6D7996A8A39292ABD8F5FDF0D653
:10450000C7D3F0FFFEF5EADEE6EED9B7B4CBDCCEDA
:104510009E6A63718296907368797A6C71777EA2D5
:10452000C6C3A88F91B8E1E2D4C4B3ADBAC0B9B2E2
:10453000ACA09C9D94857D7E7D796850464A5259F9
:10454000585047454C585B53463934373C3A33282A
:104550001B1A171F2E3E45433C3B43526163584A8A
:104560003E3C434A4C4A433E444C535B605F60646C
:104570006B6F7374768299ADB0A6A3B3D5F1FEF5D7
:10458000E2D3D5E7F9FFF6F0EAEDF0E3C7B8BFCB29
:10459000C6AB7D6A6E7B8A8B7B6B6E74706D6E763C
:1045A00092B4BFB09E9CB3D3DFD6C7B5ABAEB7B5A0
:1045B000AEA59D97978E7F7372736F614E40404B8F
:1045C00056585248424550575246352929303432C0
:1045D000271A0101050D16222D3840484D4F4D4830
:1045E000423A342D28262525282E3740484E555C42
:1045F00062676B6F747B838D98A2ABB6C0CACFD451
:10460000D6D7D7D7D6D4D2CCC7BFB7ADA2948781DF
:104610007D7B7A76797D818483817F7D7C7E8289B2
:1046200092A1B4C5D2DDE7F0F6F7F5F2EDE7E1DDF2
:10463000D9D3CCC5BDB7ADA3978B7F766E686361C8
:1046400062666A6D707274726D655B4E40322419D9
:104650000D050107010614263B4E5E6E7D888F8E88
:10466000867A6B5B4B3B2E2622262E38434C545EBB
:104670006A7378736A615B5B626A71777E8795A300
:10468000B1BDC2BEB5A5927B635143392E24181625
:1046900022416993ADBFC5CAD2DBE3E7E1D0BAA638
:1046A0009EA2B0C3D1D7D7D8DBE1E6EBEDE9DED1EE
:1046B000C5B9B3ADA9A59F968B80777474747270D9
:1046C00072767C818990989EA09D948774624F3FFA
:1046D000312213074E44465365778694A1ABB2B896
:1046E000B8B2A89B8B77645249464B545E656A6E9C
:1046F00076818C95958C7C6A5D5B6474828D9399D0
:10470000A1AFBFD0DBDAC8A77B513327272A2514F6
:1047100002011E5596C9E4E7DCD0CCD2DCDCC7A28E
:1047200075513E41536774767572747A86959F9D74
:104730009281736C6C747D858886807D7F858A8D7F
:104740008D8B88838081868E959A9C9891887F78BE
:10475000716C655B4E75716E6B6764615E5C595818
:10476000575655555555565758595A5C5D5E5F60BA
:104770005F5F5F5E5C5A5755514D4A45413D383445
:10478000312E2B29272627272A2D30353B424A5305
:104790005C66707C88949FABB6C1CBD5DDE6EDF24C
:1047A000F7FBFDFFFFFEFDF9F5F1EBE5DED7CFC826
:1047B000C0B9B2AAA49D98938F8B8885838281818A
:1047C0008182838485868888898A8A8A8A8987867D
:1047D00084817F7C79757C77716C68635F5B5856E8
:1047E000545353535456585B5E6265696D707375CC
:1047F00077797A7A797875726E69635D5750484136
:104800003A332D27221E1A181718191C21262D3568
:104810003F4955616E7B8996A4B0BDC9D4DEE7EFF0
:10482000F5F9FDFFFFFEFCF9F4EEE7E0D8CFC5BCDB
:10483000B3AAA29A938C86827E7B79777778797BEC
:104840007D8083878A8E919497999B9C9C9B9A9854
:1048500095938F8B86817C81818180807F7E7C791E
:104860007773706D696663605E5D5C5C5C5D5F6202
:1048700065686C7074777A7D7D7E7D7B78736D65FD
:104880005E554C42382E251D16100D0A0A0C1017C5
:10489000202A36455565768899A9B9C9D7E2ECF43E
:1048A000FAFEFFFFFCF8F2EBE3DAD0C6BCB3AAA233
:1048B0009B958F8C8987868687888A8C8E9091932A
:1048C000939494939391908E8C8987858381807F34
:1048D0007E7E7E7E7F7F80819B978B7A6E6A6E78EC
:1048E0008187857E756E69676563615F6164696DE7
:1048F0006D6B67666B75808A8D877C6F67676D7679
:104900007A776A574130231D1B1B1C1C1E20222254
:10491000201D1D23344E6D8AA0ABADACAEB7C7DBF6
:10492000EEFBFFFCF6EFE9E4DED6CDC3BBB6B1ABE0
:10493000A2968A827F838B91928D8379757A8796EE
:10494000A4A8A59A8E84808185898D8F91918F8A64
:1049500081756B666A7686959B92A3A79D8B7B7308
:1049600076808B92928D857F7A7671696059585DD9
:10497000676F726C6258565D6C7B838174635650AE
:10498000555F66665C4A37261B1513100F10151EFF
:10499000293234312A2A354E7297B4C4C6C1BCBEFE
:1049A000C9DBEEFBFFFCF6F0EAE5DCD0C2B6B0AF47
:1049B000B2B4B0A59587828693A1A9A89C8E848461
:1049C0008D9CA9AFAA9E8F847C7A79777575787D46
:1049D00083847E72625757637A928FB9CFCBB59931
:1049E000868390A4B5BDBBB2A79E948876614F46DE
:1049F0004B59686D634B32222336526970624A30DC
:104A000023293A505D5D4E392517100E0B090B1402
:104A1000253A4C5146311F1D325E95C4DFE1D0BAB4
:104A2000ABAEC0DAF0FDFFFAF4EFEAE1D2C0B1AC10
:104A3000B3C3D4DBD2BDA39496AAC5DCE1D3B99F9E
:104A40009193A3B6C0BDAB927B695F58514A474B67
:104A50005767737363493129395E8F84A3B2AC9869
:104A6000878595B1C8CDBDA084777E909F9E8968CB
:104A70004A3D455A6D716248312A38536C74674E0D
:104A800037303C53686B5A3C20141D3246493A1F5C
:104A90000904153351605B4C41466088ABBEBDAF25
:104AA000A2A4B9D9F5FFF3D9C1B8C2D8EBEDDABBEE
:104AB000A0959FB7CBD1C3A9938D9CB7CFD6C9AED4
:104AC000968E98AEC0C1AD8C6E5F64768686725449
:104AD00039303C577079715D4C4D62848092A2B23E
:104AE000C1CDD8E0E6EAEAE8E5DFD7CDC3B8ACA0AF
:104AF000958B827A736E6A67666768696B6D6F7093
:104B000071706E6B66605950473C32281E150D0758
:104B1000030202050A121D2A394A5B6E8295A7B963
:104B2000CAD9E5EFF7FCFFFFFDF8F2EAE1D8CDC303
:104B3000B9AFA7A09A959391909091939597999AD0
:104B40009A9896928C857D74695E52463B312820F6
:104B50001A1615161A202933404F5F6F808196AAC6
:104B6000BED0DFEBF5FCFFFFFCF6EDE2D5C8B9AB3C
:104B70009C8F8379716B676666696D737980888EA7
:104B800094989A9A99958F867C7063544537291D1D
:104B9000120A040101050C16223244576C8196AAB0
:104BA000BED0DFEBF5FCFFFFFCF6EDE2D5C8B9ABFC
:104BB0009C8F8379716B676666696D737980888E67
:104BC00094989A9B99958F867C7063544637291DDB
:104BD000120A040101050C16223244576C817B95A0
:104BE000A7ADABA9ADBCD1E4ECE6D5C1B4B1B4B8C6
:104BF000B3A48D786D6E79858A8274655F64727FE7
:104C0000858072655F65727C7E725C453631363BAD
:104C1000392E1C0E0A14283E4E52504E5568839E63
:104C2000B1B9B8B6BCCCE2F6FFFAE9D7CAC8CCD065
:104C3000CDBDA792888994A0A59E8F807A7F8C99FC
:104C40009F998B7D767B879191856E564540434732
:104C5000443725150F182B404E524E4B50617B7434
:104C600092A8B3B3A898887C777C8898A7B1B3AC96
:104C70009E8A7563554F4F545E69727879766D637D
:104C8000564C454347505C676F6F67584129130581
:104C90000108182D41505652483B302E384E6E9325
:104CA000B5D2E3E8E2D5C9C0BEC5D2E3F2FCFDF659
:104CB000E6D1BBA6978F8E939BA6AFB5B6B3ACA239
:104CC000988E89898F99A6B3BBBDB5A58E745D4CAE
:104CD00046495464727B7A715F4A392F313F587468
:104CE000758E9FA39A876E5748454E62798F9EA511
:104CF000A0958679706D7179838D9395948F887F57
:104D000074695D52494342454B5256544C3C2914F8
:104D10000601081A324E636F706554433A3D4E6C7B
:104D200090B1CCDADACEBAA99E9FAABDD5EAF7F93E
:104D3000F1E1CDB9ABA3A2A5AAAFB2B2AEA7A0973D
:104D40008E857D767170747D89959EA19C91816F11
:104D5000615C6271869CABB1A9967B614D454B5DF0
:104D60007579A2B9B8A17D5A443D455567778491BC
:104D70009A9F9B8D79645A5E718A9FA9A3928175CF
:104D800074797C76664F3A3238495C66614F341BE1
:104D90000801030A1625394F64727060442B212FD5
:104DA000578CBFE3EDE0C5AB9B9AA7BACDDEEBF520
:104DB000FBFBF2DEC3A897949FB2C2C6BCA894883E
:104DC000868B908E816F605D69819BACAFA28D7880
:104DD0006964676F7A8695A7B6BBB096704B353716
:104DE00051797EB1CECAAA7B533D3E4F647781870D
:104DF0008E97A1A298846D5F61748EA09F8B6B4F7C
:104E000046526D868F80613E2725344A585441268C
:104E10000F02020911181F2D435E757B6C4C291679
:104E2000204B8AC6EEF5DEB9988A91A7C1D5E2E992
:104E3000F0F8FFFEF0D8BDAAA7B6CAD8D4BC997CBA
:104E4000717C97B1BCB0937461637791A4A6967F8F
:104E50006A60616970767B8496AABAB9A2784A2C96
:104E60002C4B7E86B8D7DBC7A3806860636A7072FC
:104E7000747880888A81715D5051607689908877D6
:104E80006864708599A199846D5F5E6A787E7561AA
:104E9000462F2220242A2F323843515C5B4D341D8B
:104EA0001425518DC8F1FFF2D7BBAAA6AEB8C0C376
:104EB000C4C8CDD1CFC2AC92807A8494A2A4978387
:104EC000716C768BA0ABA59381777C8DA1ADAB9CEB
:104ED00086736A6B727A7E81858D969C957F5E3D26
:104EE0002C33558618191B1C1D1F20212224252612
:104EF00028292A2C2D2F303133343637393A3C3D8E
:104F00003F404243454648494B4C4E5051535456FE
:104F100058595B5D5E6062636567686A6C6E6F714D
:104F2000737577787A7C7E8082838587898B8D8F75
:104F300091939597999A9C9EA0A2A4A7A9ABADAF77
:104F4000B1B3B5B7B9BBBDC0C2C4C6C8CACDCFD155
:104F5000D3D5D8DADCDEE1E3E5E8EAECEEF1F3F50F
:104F6000F8FAFDFF18020202020202020202020225
:104F70000202020202020202020202020202020211
:104F80000202020202020202020202020202020201
:104F900002020202020202020202020202020202F1
:104FA000020202020280FFFFFFFFFFFFFFFFFFFF81
:104FB000FFFFFFFFFFFFFFFFFFFFFFFFFFFFFFFF01
:104FC000FFFFFFFFFFFFFFFFFFFFFFFFFFFFFFFFF1
:104FD000FFFFFFFFFFFFFFFFFFFFFFFFFFFFFFFFE1
:104FE000FFFFFFFFFF0200060D13191F262C3237AB
:104FF0003D43484D52575C6064686C6F7275787AB7
:105000007C7E7F808181828181807F7E7C7A7875C1
:10501000726F6C6864605C57524D48433D37322C68
:10502000261F19130D0600FDF6F0EAE4DDD7D1CCFA
:10503000C6C0BBB6B1ACA7A39F9B9794918E8B893A
:1050400087858483828282828283848587898B8E0E
:105050009194979B9FA3A7ACB1B6BBC0C6CCD1D748
:10506000DDE4EAF0F6FD008080808080808080B002
:10507000B0B0B0B0B0B0B0DADADADADADADADAF59B
:10508000F5F5F5F5F5F5F5FFFFFFFFFFFFFFFFF580
:10509000F5F5F5F5F5F5F5DADADADADADADADAB0DD
:1050A000B0B0B0B0B0B0B080808080808080804FE1
:1050B0004F4F4F4F4F4F4F25252525252525250A95
:1050C0000A0A0A0A0A0A0A00000000000000000A90
:1050D0000A0A0A0A0A0A0A25252525252525254F13
:1050E0004F4F4F4F4F4F4F807F868C92989EA5AA6F
:1050F000B0B6BCC1C6CBD0D5DADEE2E6EAEDF0F35D
:10510000F5F8FAFBFDFEFEFFFFFFFEFEFDFBFAF8E1
:10511000F5F3F0EDEAE6E2DEDAD5D0CBC6C1BCB6F7
:10512000B0AAA59E98928C868079736D67615A5556
:105130004F49433E39342F2A25211D1915120F0CD2
:105140000A0705040201010000000101020405072D
:105150000A0C0F1215191D21252A2F34393E4349F7
:105160004F555A61676D73797F808080808081831D
:105170008487898D91959AA0A6ADB3BAC2C9D0D7BC
:10518000DEE4EAEFF4F8FBFDFFFFFFFDFBF8F4EFD0
:10519000EAE4DED7D0C9C2BAB3ADA6A09A95918D84
:1051A000898784838180808080807F7F7F7F7E7CF1
:1051B0007B7876726E6A655F59524C453D362F2872
:1051C000211B15100B0704020000000204070B103E
:1051D000151B21282F363D454C52595F656A6E726A
:1051E00076787B7C7E7F7F7F7F80808080808080E0
:1051F00080808181828486898D91969CA3AAB2BB8E
:10520000C4CCD5DEE6EDF3F8FCFEFFFEFCF8F3EDD2
:10521000E6DED5CCC4BBB2AAA39C96918D898684C8
:1052200082818180808080808080807F7F7F7F7F7F
:105230007F7F7E7E7D7B7976726E69635C554D449F
:105240003B332A2119120C070301000103070C123A
:1052500019212A333B444D555C63696E7276797B24
:105260007D7E7E7F7F7F7F7F7F7F800004080C10A4
:1052700014181C2024282D3135393D4145494D5104
:1052800055595D6165696D7175797D82868A8E92E9
:10529000969A9EA2A6AAAEB2B6BABEC2C6CACED2CE
:1052A000D7DBDFE3E7EBEFF3F7FBFFFFFBF7F3EF12
:1052B000EBE7E3DFDBD7D2CECAC6C2BEBAB6B2AE28
:1052C000AAA6A29E9A96928E8A86827D7975716D23
:1052D0006965615D5955514D4945413D3935312D1E
:1052E0002824201C1814100C08040000181A1D2073
:1052F0002225282A2D303336393C3F4245484B4E33
:105300005155585B5F6266696D7074777B7F8386E9
:105310008A8E92969A9EA2A6AAAEB2B6BBBFC3C808
:10532000CCD1D5DADEE3E7ECF1F5FAFF181A1D204F
:105330002225282A2D303336393C3F4245484B4EF2
:105340005155585B5F6266696D7074777B7F8386A9
:105350008A8E92969A9EA2A6AAAEB2B6BBBFC3C8C8
:10536000CCD1D5DADEE3E7ECF1F5FAFF180404045A
:1053700004040404040404040404040404040404ED
:105380000404040404040404040404040481FFFF6A
:10539000FFFFFFFFFFFFFFFFFFFFFFFFFFFFFFFF1D
:1053A000FFFFFFFFFFFFFFFFFFFFFFFFFF040404FE
:1053B00004040404040404040404040404040404AD
:1053C0000404040404040404040404040481FFFF2A
:1053D000FFFFFFFFFFFFFFFFFFFFFFFFFFFFFFFFDD
:1053E000FFFFFFFFFFFFFFFFFFFFFFFFFF04000DB9
:1053F0001A26323E49535D666D747A7E81838483BA
:10540000817E7A746D665D53493E32261A0D00FA2C
:10541000EEE1D5C9BEB4AAA19A938E89868484840C
:1054200086898E939AA1AAB4BEC9D5E1EEFA000D81
:105430001A26323E49535D666D747A7E8183848379
:10544000817E7A746D665D53493E32261A0D00FAEC
:10545000EEE1D5C9BEB4AAA19A938E8986848484CC
:1054600086898E939AA1AAB4BEC9D5E1EEFA0080CE
:10547000808080B0B0B0B0DADADADAF5F5F5F5FFB1
:10548000FFFFFFF5F5F5F5DADADADAB0B0B0B080A3
:105490008080804F4F4F4F252525250A0A0A0A0094
:1054A0000000000A0A0A0A252525254F4F4F4F8084
:1054B000808080B0B0B0B0DADADADAF5F5F5F5FF71
:1054C000FFFFFFF5F5F5F5DADADADAB0B0B0B08063
:1054D0008080804F4F4F4F252525250A0A0A0A0054
:1054E0000000000A0A0A0A252525254F4F4F4F8044
:1054F000808C98A5B0BCC6D0DAE2EAF0F5FAFDFEE1
:10550000FFFEFDFAF5F0EAE2DAD0C6BCB0A5988C51
:105510008073675A4F43392F251D150F0A05020165
:10552000000102050A0F151D252F39434F5A6773D5
:10553000808C98A5B0BCC6D0DAE2EAF0F5FAFDFEA0
:10554000FFFEFDFAF5F0EAE2DAD0C6BCB0A5988C11
:105550008073675A4F43392F251D150F0A05020125
:10556000000102050A0F151D252F39434F5A677395
:105570008080808083878D95A0ADBAC9D7E4EFF88D
:10558000FDFFFDF8EFE4D7C9BAADA0958D87838004
:1055900080807F7F7C78726A5F524536281B1007B7
:1055A00002000207101B283645525F6A72787C7F22
:1055B0007F80808083878D95A0ADBAC9D7E4EFF84E
:1055C000FDFFFDF8EFE4D7C9BAADA0958D878380C4
:1055D00080807F7F7C78726A5F524536281B100777
:1055E00002000207101B283645525F6A72787C7FE2
:1055F0007F80808080808182868D96A3B2C4D5E62C
:10560000F3FCFFFCF3E6D5C4B2A3968D86828180BD
:105610008080807F7F7F7E7D7972695C4D3B2A1917
:105620000C0300030C192A3B4D5C6972797D7E7F67
:105630007F7F808080808182868D96A3B2C4D5E6EC
:10564000F3FCFFFCF3E6D5C4B2A3968D868281807D
:105650008080807F7F7F7E7D7972695C4D3B2A19D7
:105660000C0300030C192A3B4D5C6972797D7E7F27
:105670007F7F800008101820283139414951596135
:10568000697179828A929AA2AAB2BAC2CAD2DBE3BB
:10569000EBF3FBFFF7EFE7DFD7CEC6BEB6AEA69EB5
:1056A000968E867D756D655D554D453D352D241C69
:1056B000140C04000810182028313941495159614F
:1056C000697179828A929AA2AAB2BAC2CAD2DBE37B
:1056D000EBF3FBFFF7EFE7DFD7CEC6BEB6AEA69E75
:1056E000968E867D756D655D554D453D352D241C29
:1056F000140C04007A6E6254473B31271C120C0ACA
:1057000008060203070E13181C232A313840484D9F
:105710005155585B5D5E5D5A56524D48433D372F9B
:1057200029221C1915110F0E0F14181E252D374094
:105730004D5B69778793A2AFBCC9D3DCE5EDF4F983
:10574000FCFFFFFDF9F5F2EEE8E0D6CFC9C3BDB529
:10575000AFAAA6A2A0A1A4A5A7AAAEB4BCC4CAD051
:10576000D4D9E1E7EAECEDECECE9E6E1DBD3C7BB49
:10577000B0A6998A7A8575645446372A1E130A049E
:10578000020103050A131F2B37445362707F8E9C5E
:10579000A7B2BCC5CACDCFCECCC6BFB7AEA2958985
:1057A0007A6C5D4F42362C221B161413151A2028D2
:1057B000323F4E5D6D7D8D9EAEBCCBD7E3ECF3F9F1
:1057C000FDFFFDF9F4ECE3D8CBBEAF9F9082746689
:1057D000584D433B34302F3033373F48535F6D7B58
:1057E0008895A3B2BFCAD3DBE2E7EAEBE9E6DFD6EE
:1057F000CCC1B4A596857B6E5F4F42352A1E130C33
:10580000050101040508101F2A353F4D5C697685A6
:1058100095A0AAB4BEC4C7CACACCC7C3BDB5ABA005
:10582000978C7E7062564B423B342E2B2A2C2F33A2
:105830003B44505D6B7A8995A4B4C1CDD7E1EAF1C0
:10584000F8FCFFFDF8F5EEE5D9CFC4B6A7998B7D3E
:105850006E60554A403934343434363B434D5863D6
:105860006E7983909FABB5BCC1C8CED2D2D2D0CB1B
:10587000C3BBB2A798897B3A3E36251E1D1C120A6F
:10588000090501071719121D3B505355687B7F7E90
:1058900091B3BEC4CCDBE3E0DDE4F2F1F1EFE8DE8E
:1058A000D9DDD8CCBAB0ADA49F9F9D8F87878D8F4F
:1058B0008C91969FA5B5C6D0CBD0E2EBEEE6E5EC99
:1058C000EFF5FBFCEFE3DEDBCDBDB5B1A896887E3E
:1058D0006D5141382F241A141A180D0908111F2C64
:1058E0002E2E30323F4E5C605955586769676B7396
:1058F000746C6A69634E3D3A5968675C5F6A767298
:105900006F7474727583877B85A5BAB6A7A4AAA1A4
:1059100099ADDBE8E6E0DFDCD5D0D8E9E5E2DCD71D
:10592000CFCCCBC6B9AEB2B9B3ABA7A0918C939F85
:10593000A097908B8B8A99A7A89B9BB1C0BAA19185
:105940008B8B97A7AFA28B7F7A6E64677273686048
:105950005C4E362B272628292B372F180801102AB2
:105960003F3D352C22272E3C45403B404F5551555D
:105970005C635E626F726256594C4C45404C5C6F82
:105980006E68675F5C56565E6380A3B5A9835A3B19
:10599000262A528EAEB09779616169788A848581B2
:1059A0008C94907F6A585D77929785684D435272C8
:1059B00096A59C8D7B7D8293A6AFB6C6E7FFFED9E8
:1059C000B3948FADD2F3FCE7D0B8A5A1AABCC4C8EC
:1059D000CAC9BAA38F817D91AAB9BE9D673D2F4FD9
:1059E00083ABAC946842322C3A44424243525E5BF1
:1059F0005B4C42393A4B575A564C7C807F78746FD7
:105A0000685B4B3B302D2D3543516876786C512FB8
:105A1000140101102534372E241C22292E352E2F57
:105A20002B302D271709040F273D4C4D474044507C
:105A30005F6E70655A50556275899CAEC3DAE8EAAC
:105A4000D5C0A69DA7BBD3E6EAEBE5E1E3E9F4FB0D
:105A5000FDFAF4E6D9CCC5C7D8EDFBFFF0D4BEB152
:105A6000BACBD6CFBDA38F8A8D969DA2A7AAAEAD85
:105A7000A69882705F5659616B787CB0C1C8C4B576
:105A80009E83654C393238455A7185969E9B8D7937
:105A9000624E3C312B2B2C2E2F3138414B5157531A
:105AA0004F45392B1C0D04010715243544505C6803
:105AB0006E6F6A5E5247434855697F93A7B7C5CA60
:105AC000C7B8A792858084909FADBBC7CFD9E0E5CA
:105AD000E4DED1C2AFA29998A0AFC1D0DDDFD9CFAB
:105AE000C2B6AC9F918780818993A0ABB2B8B9B69A
:105AF000B2A89B8B7A6C656872849AB0CDE8F1E7A6
:105B0000D0B08E694833303C526F8DA3B3BAB6AB78
:105B10009986786552423C363332323A434F5C665E
:105B2000655F4F3E291A110B010110233645576D51
:105B30007F83847F705E4F4A4D586B8297AAB8C6A8
:105B4000CAC0AC967C6B6567707F8C9FB1BCC8D3B4
:105B5000DAD7CBB7A28B7A6F717D90A7BACBCFC9BA
:105B6000BCAA9A8C7C6C6568748697A4B3BCC3C6C7
:105B7000C1BAAD9C897768626A7891AFCDBADCE42E
:105B8000D0BAA5978564515A6A80A2BCC2CCD7D23C
:105B9000C9BFB3BAAA806B6D685F56463A353D50AF
:105BA000564E4F3B230C1B565C1D01214B61555D2E
:105BB00090ADA2ADB9AE9C888C918C98A8ABAAAAE6
:105BC000BECCB7967B5A464E5D666B6B7583818102
:105BD00096ACA6978B746258474A545C7587969723
:105BE00088776763787A62565A698C9D99ACB0AFB2
:105BF000BAB2A69E8C827A6F696E7B8A9BBA97AC8A
:105C0000AAAEA6A4B2B3A496A8B2BAE2F2DAD9F3C5
:105C1000E1D5E9D9E6E1A89BA2A091836C3F2F31A1
:105C20003B42343D36160130A8C056244F7C988440
:105C300074AED0A6AACAC0B0B1BBB5A3A8A4968BB7
:105C4000758090755B4C3735455B605249454B46D6
:105C50003B576F665B675B444E423840404C4C6A32
:105C60005F3B533E39798A766C767B96AF929393FD
:105C70008A968F8C8E7C848F87828183817E97C564
:105C8000D3AEDADBBDD9D9D0C0D5D2C0E2E5C1B53B
:105C9000E2C099DDB39ABC9077757B5B504E2727A5
:105CA0001F12241D18201F1426606D3B3C594967A4
:105CB0007A54749B727DA59788B2B48BA8BF9CA2BE
:105CC000C2A49FBDAC979CA0968D9E9E8394867E19
:105CD0009378808C826C737D495C6E3E3A614C1780
:105CE0007753017743156A5F4F466F62488C715E48
:105CF000797A79707E8974769C9284A9A7A9A9C5BE
:105D0000D5E6C3EFF5CEEFF5E4DCEFE6D5E5E8D375
:105D1000BBE8CD93E4BA8ABE9E81787E624A503851
:105D20002923131C180D171E191930381E283B265D
:105D3000384A2D425C3B4C6B5B528482598EA2796F
:105D40008AB89C8EBAB79DA7C3A595C3AC8BBF9FDD
:105D50008CB69394A29D8282A16564935F41866D07
:105D6000148B6A0188561F67574E396B642C797102
:105D70004A70746A6C74887D7AA89C8FBDB8B9C368
:105D8000D5A7B297CDBE7ECED1AFB7CEA8A9CAC691
:105D90009B82C5BA56D8A16FC08C996F7180533E53
:105DA000643325023C47035A32265D4785623165DC
:105DB000675C5F5C6C6D29777D3665A15F54AF7958
:105DC000718B9F9469C2BF6C8FD96C6ED17E7CC081
:105DD0008268C99B83C6BD7B72D7925ACE9631C367
:105DE000C901A3C102B1754C835AA34662A2476D93
:105DF000AC715772786A4E7D6A76866B889392741E
:105E0000ABA77D7DA39C814C9DC78696C27D66A174
:105E1000AE5A4D90A723A381419669B1575DAA451B
:105E200031923F4201607E05993F409550BA935DA3
:105E30008D96858B87999A1AA5A32A8EB75075D00F
:105E40005E889873AE4BB9D64780E3474CCC637AF3
:105E5000B4624BC79F62D5C05A50E5AC4BDCB13041
:105E6000D0E21183D536A46F7C894AC75C57C27BC8
:105E70005ED0B03C74997C3C7180A06C62A0738A47
:105E800047BD7D7374726D66605A534A433E3C3C15
:105E90003C39322B241E1815131315161715110A29
:105EA0000401010205090E131514110F10141C2210
:105EB000282F3538393A3A3C3F49545E656A6C6F51
:105EC00070727A838D979FA9AFB1B0B1B2B7BEC6D9
:105ED000CFD6DCE0E1E0E0E1E4E8EDF3F8FAFAF750
:105EE000F4F2F0EFF2F7F9FAF6F0E9E3DFDCDADBEF
:105EF000DDDFDDD6CCC2BAB3ADABACACA8A29B9211
:105F0000877C76739B9D9D9FA2A9B0B7B9BABABB97
:105F1000BCC0C5C7C6C2BEBAB6B4B4B5B3ADA49909
:105F20008D86807D776E63594E433B35312F2A2312
:105F300019100E1015181A1A17161C26334250592C
:105F400061676F7E93A7B7C2CBD1D6DAE2EAF4FCE1
:105F5000FFFEF6EEE9E9E9E8E3D8CABBAFA59E98F3
:105F600091867A6A5C524D4A48453E362E29282948
:105F70002F373D403E3B3C424B56636B6F70727611
:105F80007D868F979B867E78747271706E68625D75
:105F90005A5A5C5C5A57524F4D4C4C4E4F4E4A43E6
:105FA0003E3A393837352F28221D19171614120D8D
:105FB0000904020205090D0F1111131A232F3B4684
:105FC0004E555D6777889AA8B1BAC1C8CFDAE4EEBA
:105FD000F5F7F9F8F7F9FCFFFFFDF8F1E9E5E1E085
:105FE000DEDAD6D0C7BFBBBABABAB8B3ADA9A7A7D5
:105FF000A9ABADAEACA8A3A1A2A5A7A7A59E999554
:10600000939392918D86857D777574737375797D81
:106010007E7E7B766D6050423A36373A3C3D404357
:106020004545444547494946423C37312B252427BD
:106030002D3234343332302D29251F1A150E070224
:1060400002071224426A97BFDDF1FCFFFBF1E6DC98
:10605000D7D5D6D6D7D9DCDEDEDDDBDAD9D8D5D0B8
:10606000C8BFB9B5B2AFAFB3B9BCBEBFC0C1C1C084
:10607000C0BFBFBFBBB2A69A908A868384878B8E2F
:106080008F90908F8E8C8585827E80858A89898E7F
:10609000969C9E9F9F998C7C6E68686C71737375DB
:1060A000797C7D7F848A8E8F91928E8476695F5B06
:1060B0005F666A696660584F484541382F29231A40
:1060C0001008070B17336093BFDFF4FFFEF3E4D82B
:1060D000CFC9C3BDBBBBBBB8B2AAA5A19E9E9F9FA3
:1060E0009A8E7E6F6866686B70777D8184878A8CF4
:1060F0008C8A8A8D91918B7E7066616264697074FE
:1061000077797D81838485857D94867F9FB898602B
:106110005575877F8AB4CAA35923204A829F875D19
:106120005C808E68434E6B6A5E79B6D5BD8F6848D9
:10613000364D87B0AD95805F332241604A1E25629F
:106140008E826351370C0146B0E7D9C4CFD2A36821
:1061500069A9E1DBB4A7BED1C8AC8C6B52567CAC4C
:10616000C6BE9965373159889A959DB3B4977C849A
:106170009C9C7F697BAFDDDBA25C3F4F667389AD82
:10618000B38552567A7F605A7D6B9C957E94B8A4F5
:1061900065475F77747DA3B89246100F3D778F7087
:1061A00042456F794B263B5E543E61AFD4AE734F90
:1061B00036223371A6A78B6F4B1A05285440080668
:1061C00051948E5F4132180F47A8E2DAC8D5DAA79A
:1061D0006468BAFFF4C0B3D8F4E4BE9A77595F910B
:1061E000C9DDCFB2844A325BA1BDACA7C5D4B58DA1
:1061F00093B5B9947587BEEEEEB66E4C5D7782931B
:10620000B6BE8A4B4D7E86553E6B679490777F9BDA
:106210009261414D5E5E60788569320A0B2B536056
:10622000462528474B270C1F3B301C377794744575
:106230002D1F111B497679644F3612011E443A0F07
:106240000B4782845D443F38355899C5C6BCC8CDDC
:10625000AA7A80C2FBF3CAC3E5FEF1D2B89F899047
:10626000B9E5F1E5D5B88A708EC9E3D0C7E0F1D9B8
:10627000B7B9D4D8B99FAAD1F2F1CA967B84969CBB
:10628000A3B9BE956161878C5F44676E8884707026
:106290007F7A5B44464E4C4B555947260F0F2034AE
:1062A00039281415252610010C1C1608193F4F3CDF
:1062B000211510090F2A464A403528150D213A3775
:1062C000211F456D715C4F515254688EABAFADB715
:1062D000BCAB9298C2E7E4CECCE4F5EFDED0C4B913
:1062E000BFD9F3FAF4EDDFC4B3C4E7F7EBE4F2FE91
:1062F000F0DAD9E8E9D6C5C9DDEDECD6B6A3A6AF8C
:10630000AEAEB7B89E7D7A8F8F705C6E787D776CFD
:10631000676863574B4846403C3C3A31231A181C87
:106320001E1D160E0D100E06010409060207131895
:10633000130C0A0A0A0D1722262524221F202A35AB
:1063400039353949595F5C5C60656B7586949B9FF4
:10635000A6ABAAA6ACBDCDD0CCCFDAE4E5E2E0DFB7
:10636000DDE1EBF5F9F8F8F5EEE9EEF9FEFAF7FB09
:10637000FEF9F1EFF1EFE8E0DFE2E4E2D8CCC2BFF2
:10638000BEBAB6B4B0A496929591827678787571BB
:106390006D696764615D5B595653504F4D4A47457F
:1063A00044423F3D3A383634312F2D2B2825221FC9
:1063B0001C1814100C08060505030202010204094A
:1063C0000E13191F28313A424B555F6A7784909C0F
:1063D000A6B0BAC2CAD3DBE3E9EEF2F6FAFDFDFDE0
:1063E000FDFBFBFBFAF9F6F3F0ECE9E6E3DFDCD7C3
:1063F000D4D1CECBC8C6C4C1BEBDBCBCBAB7B5B380
:10640000B1AFABA7A4A09A95918D88827C78757660
:1064100078797978777572706E6D6C6B6A69696975
:106420006A6B6A69676462605D5B5855524F4B479F
:10643000433D362E251E1814110E0B0906030303C7
:1064400005080B10161C22292F37404C5D72879AC5
:10645000ABB8C2CAD0D7DDE3E8EDF1F5F9FDFFFF37
:10646000FDF9F4F0EDE9E5E0D9D2CAC4C0BEBCBA8A
:10647000B6B2ADA8A4A09D9A969391919294979943
:106480009A9B9B9A9895928D88837F7A777575757C
:1064900080898E8F8E8A85807D7D81858A8E91937D
:1064A000979A9E9F9E9A958F8A87837F7C79797829
:1064B000767066594B3E332A231E19130E090705C1
:1064C0000506090D131B232829262220273D618B51
:1064D000B0CBD9DBD9D5D5D8DEE4E8EBEFF5FBFFBF
:1064E000FFFCF6EEE5DDD8D3CCC1B3A498908E8F37
:1064F00091908C867E7874706D67625F6062666C66
:1065000071777C81848584827E78736E6B696C750B
:1065100073828E92908D8A878586898E9193979AC1
:106520009EA2A6AAACA8A299918C898887888988FE
:10653000868076695B4F46413E3B362E251D1916F7
:10654000151413110F11192228271D0E01031D4EBA
:106550008CC5ECFEFBEDDFD7D7DEE5E8E7E6E7EA42
:10656000EDEDEBE5DBD0C7C3C2C0BBB2A6988C840F
:1065700081807F7E7B77726E6A645D565353575C71
:10658000636A6F7376797C8081807B736B656267E9
:106590007374838E8F89848385898F9495908C8B77
:1065A0008B8E92969A9A968F8984818184898E8F18
:1065B0008C84786B5F575556595D626460595452AC
:1065C00052504B453E352F31383C372814030117C4
:1065D0004A8AC7EFFFFAE9D6C7C3C8CDCDC6BDB654
:1065E000B2B0AFAFACA69E9A9DA3A9ACADACA59935
:1065F0008C817A7675777A7B7875716C6662626663
:106600006D747A7B7A7573747A8184827B736B661E
:1066100068746D83949799A3AFB1ACA9A394827A5F
:106620007F817A74797F7E7B82929FA4A7ABACA78F
:106630009E968D7F6D5E56524E484A58686F7078B0
:106640008A99947F6C6053433D41423420140A017F
:106650000A3D8ED5F2F2EEECE1CCBEC1C8C3B19FCB
:106660008E7A6A68798B8F8B90A3B4B6ACAAAFABE5
:106670009A867A72655754595C595B697A807B7740
:106680007C848A8B8C8A8171635E5D585358666FF7
:106690006B646D6D83949AA3B6C5C4BBB4AB957A95
:1066A0007177796F686E73706E7E99ACB2B6BEBF4B
:1066B000B4A49B91816B5B544F473E40536B7779F9
:1066C00084A1BAB7997C6E604C4043422F18100FDA
:1066D00003013190E2FCF0E9F0EAD2BEC0C4BAA5F1
:1066E000937E614747627E86848EA9BEBFB2ADB0FD
:1066F000AE9A83756D5E4A41474E4D4F637F8E8AD9
:106700008387919492929287705A504C433C455E95
:106710006F6D656D5250515256595D5F616364658E
:10672000656463605E5E5F626871787D7E7C7875AB
:10673000757574777B80858B8F92928F8980756950
:106740005D534D46423C37322E2925211D1A1A1F12
:1067500029384F6F92B2CEE3EFF7FAFAF7F2EBE394
:10676000DCD4CEC4BAAC9F8F7D6B5A4D433D393AD1
:106770003B3E434C5563707E8C9AA8B5C4D5E5F377
:10678000FBFFFDF6EBE0D3C5B6A99A8E837A726B58
:1067900066605B56524C525B5E5D59524B4B4E539A
:1067A000595F61666C73838F989FA2A29F9A928CA7
:1067B000837A71645B5A5A595954514E4D51585FFE
:1067C000646665646363625F564F463E3A3B3D4391
:1067D000494B4F5A69859DB0C0C7C7C9CBCED0D0F1
:1067E000C8BFB1A69F9C999D9B938B837B77756E49
:1067F000685A483F3C3E4F5F6D7D8A95A5B9CEE50E
:10680000F5FCFFFCF6F3F2EEE4D4BEA79380766AC3
:10681000605B524A4A4C5B5D6665594C3A272424BA
:10682000252E302D303743648097B0BDC3CBCFD1F8
:10683000D9D3C8BDA8948F89858477695F55545F83
:10684000676E71685C534D4D50463C301F192028CF
:10685000394C525B697896B5CCDEE4DAD5D2CFD428
:10686000D8CEC2B19A908F8C959B928A81747271A6
:106870006861513522170F1D2C34404B4F64829EA6
:10688000C6E3F0F8F9F5F9FFFDFAEED4BDA9969349
:106890008C807C6D5C5A5B78747B78685B452D27B7
:1068A000231D201B100E111A3A597392A4AFBFCCAE
:1068B000D6E6EAE6E4D5C5C5C0BDBDB0A093857DEA
:1068C00083868683746052454142372C1E09010736
:1068D00010233B48576A7A99B9D0E5EDE3DCDAD565
:1068E000D9E0D9CFC0A79B9890959A8D837868649A
:1068F000655D594F342115080D181A2228293D5974
:10690000759DBBC8D3D6D1D8E2E4E7E3D0C2B5A920
:10691000ABA9A19F917E7B78968F908E82786857E5
:106920005455545853433B39405D7B95B0C0C6CF56
:10693000D2D1D6CFC4B9A897969595988F867F76F1
:106940006D70706F6C6152484448514C413117066C
:1069500001010D1F2A394E6285ABC9E1EDE5E1E287
:10696000E4EDF8F7F1E7D3C8C2B7B7B7A7968673D7
:106970006E706E716E5C4E402F2B2B221E18111CF8
:10698000324B6C82898D8B858991949B9E979597CC
:106990009AABB5B8BCB1A09C96A69994908A89860A
:1069A000838B97A1A9A4948781869DB5CADDE6E76C
:1069B000E5DED3C7B49D866E5B5756585B5B5C5F64
:1069C0005F58565049433A312F374A5D635F4F361F
:1069D0002011080C161F2E435B7FA6C9E2EDE9E6E5
:1069E000E8EDF7FFFEFCF8EDE6E0D6D1CBB8A18BE1
:1069F000776F7278848D8D887D6E615541301D0D65
:106A00000D1B2C404C4A433E393A3D3F44494D56BC
:106A1000657997B0BFC7C3B9B1A6A9988B86878D92
:106A200095A0B2C6D9E4E2D6C8C0C4D2E3F2FCFF56
:106A3000FDF4E6D5BDA2846346312825272A313CE2
:106A4000474F4B43372C2019151A2D49647375692C
:106A5000543D281C191C2432445E80A5C9E2ECEB8D
:106A6000E9EBF1F6F8F7F5F3F2F0EBE5DED3BFA3CF
:106A700089766D707C8EA1AEB2AC9F8E7A61472D07
:106A80001810151F272921150E0B0B09090B0F17BD
:106A9000243A5A81A3BCC8C8C3B8A9AE9A8C8585CC
:106AA0008A929FB3CEE7F6F6E8D7CAC9D3E2F0F9E7
:106AB000FCF9F0E1CEB69A7D5F47362D2725252BD0
:106AC00037454E4B412F1E0E0401061C3D5C71786C
:106AD000705B442D1E17161B283D5D86B0D7EEF760
:106AE000F3F1F3F8FEFEFCF9F5F4F3F0EDE9E3D28F
:106AF000B99F897D7D8596A9B5B8AFA08B74573CA9
:106B0000210D070F1C26261E110A07080604020184
:106B100007132A4C7599B5C6CCC9BFAEB9A38F85EA
:106B200080838D9EB6D3EFFFFEEDD6C5C0C7D3E000
:106B3000E8E9E3D6C4B09A86776D686560574B4242
:106B40003E434D55524A3928190E090D203D5B73BD
:106B5000807E715D4834271E1C263C608CB4D2DEDA
:106B6000DCD2CCCED7E1E5E3DDD4CDC5C1C3CAD2FA
:106B7000D3C8B49D887D7F8B9BA8ABA2917A5F43DD
:106B80002B1A141B2E3F4A4739271916171A1C1D9A
:106B90001D20253246627E9BB5C7CFC9B9C5AF98C7
:106BA000887E7D8598B4D3F0FFFCE9CFBAB0B3BC42
:106BB000C6CDCDC6B8A48E7B71748193A2A49A87EA
:106BC00072615B5A5C5A554C433B36312F37475DF7
:106BD00075868E897D6C56412D20243A618FB3C60F
:106BE000C1B0998D8E99A9B5B9B5A797857D8192C8
:106BF000ABC2CBC3AC8E786D717D898D8879634AC9
:106C000033221D273C5A727E78644A362D2E364038
:106C1000484E5151515156627A9AB8CDD1C5C3AC44
:106C20009382777273829CB9D1E1E6DCCCC3C4CA8B
:106C3000D0D9E4E5DFD3C3AD94817B7D8288887FA2
:106C40006E5F544F4C4F575D5D62696B655F5F636C
:106C5000676F78787065553D240E0104194477A05C
:106C6000BABEB7A79D9FACBAC4CBC8B59A817470A1
:106C7000788B9EA69C8C7A6B636A7A8C969B98899B
:106C8000715C4C43424D606A6A6150351D161A248E
:106C9000303F515D61666D767F91ACC3D0CFC39FAD
:106CA0008A746964605C657B909FAFBFC2C2C8D8BC
:106CB000E2E0E1E7E6DBCEC2AF937B6E68615D5D4B
:106CC0005B5453585B5B6274828994A2A69A8D854B
:106CD0007A69605E53453B301E0C020106173D6C1D
:106CE00090A9B7BFB9B5BAC8CFCFCFCAB3927468AD
:106CF000616169797E79767879798498AAB5BFC21D
:106D0000B59C877A6C5D595B54473D342210102046
:106D1000313E536B7B7E85929DA1A7B3BAB6AD9FE2
:106D20007765534F53534C51616F77869FAFBBCDFF
:106D3000E7F3EAE0DFD9C8BCB5A78C716257493FD9
:106D40003F42465267757A8397A8ADB8C4C5B3A2CF
:106D50009581655247362319130901040E172445FE
:106D60006E8B9FB2C3C6C7CEDBD9CBC4BDA7876D20
:106D7000645C55576164646C7D8B94A5BBCAD1D9A2
:106D8000DDCFB5A196856C5D54422C2220190F19D8
:106D9000354D5A6D8596979DACB7B6B1B1A898861A
:106DA000776876776C5D432A365B7D99A29D948DDA
:106DB00099C7E8EADEC6A38A8695ABA78C714F35E2
:106DC0003A4F6C8589827969729FC5D6E0CCAA8DCD
:106DD0007B8493846D542301051022332C1E0E04F2
:106DE000266190B4C4BBA89BA1C5DEDED6B9875F7F
:106DF0004F5D7785837A62505E82A5BFCAC2B6AC0A
:106E0000B1C9D5C9B595684239414D4E42321903D1
:106E100015467595A29E938385A9CCD6CFB58D7066
:106E2000636872A2AC9A7D47273E6594B9AB8869C6
:106E30004E5A93BCCAC08E5D4A4E78AEBAAA8A54E6
:106E40003C516FA0C4B090724E5E9AC4E0E3B07D36
:106E500063587CADAA97732D0D1F3766856D4B2047
:106E600001235B8CBCBC997D666EA8D2DCD9A86975
:106E70004F4B6BA3B8AB9264465D86B1D5CAA28373
:106E8000686C9BBCC1B8864A2E2A45737F6F572C0D
:106E90001231679DC7C3A184656B9FC8D8D3A36B0C
:106EA00057557282CAD5BF9A502E4E72A5D1AE7573
:106EB0004B1F2E7198AEA6612A1E2866B2C4BC9BD9
:106EC00057456887C4ECC39167354C92BCDFDD95AC
:106ED0005E4B457EC3C7B88D3A213D5D9EC0986B21
:106EE0002D01275889BFAE795D414D9ACBDBDD9FDF
:106EF0005A4E527CC7DAC4A564406185B0D8BA7DC9
:106F00005631387AA5B3B2743426295095A49173BA
:106F1000391F4A7EB7E8D39D774D5594BCD0CE8FAC
:106F2000544D53825A523A414E485D8C9D9EB1B2A7
:106F3000999AAFAEA4AAA180778B9497AAA78674DA
:106F400072656A85877878633838555B70A9B7931E
:106F50008F9F837BB9D3A8A09B44072A2F1649692A
:106F60002A0D291C257BB0BCE6ECB7AEBCA2A7D28B
:106F7000C08C7C5919143B4657828971748082A653
:106F8000DDF2FBFFDCAD9D8C767F815D423616061F
:106F9000254353789C9E9FB2BDC4D4D9C9B9A0786B
:106FA000625D504C5A6C59475A5A46576F6A7896E8
:106FB000948EA5ADA4ADB29E96A3A6A8B3A98A72DD
:106FC000614E4F61665F5B4C342D3C537095AEB3A0
:106FD000A79792979EB1C1AB805B2B0109232C3FF1
:106FE0004E311321385693C8D6DDD6B59FA7A9AA2E
:106FF000B7AD825C412724496D7E919B8E838FA320
:10700000BDE0F7F7E8C8A28E847D837E675A533AC5
:1070100033433F3B5D797E98B1AAB0C5BEB6CAC2C4
:10702000A19C946E616C8C806960523522293E5817
:107030006D7C83807F8D9FA9B8C7CBC9C6BAA38A50
:10704000715F50413A311B0F0F0B1538587092ADDC
:10705000B4AF9E8F939CAACBD2A373502515314E0B
:107060005F6C501401172F5A98C2D5D9BC9897A8B5
:10707000B6D1DFB67650352439627C919A8262634C
:10708000768FB7E0F8FBDDB09B9E9CA3B7B49374FA
:107090005D45332B2F4B728483848E9DADBED5EE20
:1070A000EDD2BBA58E878CB0A18F837062656E71A7
:1070B0006F695C504D586A7C8A93949397A3ACAFE8
:1070C000AB9F876D5D4F4039392D1C17181C2F550C
:1070D000788C95958A838EAAC5D3CDB081523938E4
:1070E000434F564B290D0B17346AA2C0C8C6B6A72A
:1070F000ACC1D5E1D9B8885C3D35445E737E7A6811
:107100005B61789ED0F5FFF8E5C7AFAEB4B3AFA42E
:10711000876758585F6B797F7A737379859099A3E5
:10712000A397929A9C9DAAB0AC9382735A525757D8
:107130005E6D6A61696E676D786D5C5E65697C9392
:1071400096908E8A878F96938B7A54332419152ABA
:107150004447444A4138527A96B7D6CCAA937F6EB8
:1071600073807C6B4F2301010D2457839097A29865
:1071700098BDDEE7F6F7C898866E59687A7169653A
:10718000534B6282A2CAE6EBEBE7D7CDD1D0C3B8AE
:10719000A78367605A5A6F786A6B73697096A4A167
:1071A000B7C1A69CABA49DACAC9B958F918B7E7B0D
:1071B000808483827F6F606261585C5F4F4F646A36
:1071C00073919C99AFBBA7A3AB98877F654A4C414D
:1071D00024273B34334C5C6280A2AABACFC3B6C02A
:1071E000B393918864584A252D42232358533C7504
:1071F0009B8BB2E0CAD2FFE5B8BFAD7D766E443F4F
:10720000533A23486C697CA3AFBBDBD5BED4E3BF44
:10721000B2C09E787D73586A8075747D7072868066
:10722000768B937D767F79768B9B817F7A7E7C6D62
:1072300063645C54575344444A42465B5D55646CF6
:107240005E667765576C68443A371D192510011939
:10725000221A2A34293F625A54717B6E777E737AE0
:107260008063525D513E4B5045596E6066878785FD
:10727000A8B6ACC2CFB3B6D3C0A5B1AB8F92957E42
:1072800086A3998EAFC6BFC7DADCE7F8EBDBE2D79F
:10729000BABAC1AEA9B4A799AAB1AAB8C3BABDC8AF
:1072A000B8A4A9AB9A8E8D877E7C8196A994817FA4
:1072B0007468655B595E55536B7059616D4C364609
:1072C0003F232A3722141E1A0C0D1209030202064C
:1072D0000E131E2C22141F28171C3A3A2D4657490C
:1072E000556C5D546A675765706A7888848C907EA7
:1072F0007F95908DAEBCADBCD3C4B8CAD1CBD5E020
:10730000D9CCCCCAC0C4D6E0D8D6DFE3DFE2F0F4F3
:10731000EAE6EFF0E8F1FFFBF7FFFBE5D5D2C5AFFA
:10732000A5A18B7067614A4767787B9683736D7AF6
:1073300072646C72696A6347383C30283F4A373C54
:107340004B3C38596661737F66554F3B2829261997
:10735000161408040B13213A4E57636D6D71838A1E
:1073600089928E705F5A44394A4E495C665D687CEA
:107370008396B9C7C8D4D4C1BEC7BDB0B3A78982EC
:10738000877A7B98A3A0B8CDC8CFE5EBEEFEFFF0DF
:10739000E3D3BDB3B2A9AAB1A79CA6AAA3B1CAC799
:1073A000C0CEC9ADB1BAA08F9E907176838E8E8704
:1073B0007A6E6158555451493F352F2C2A28221591
:1073C0000B050207131C21221E181615171D1F1C62
:1073D000160F050102070F161C2022242B374351DC
:1073E0005E656767636064686D71716F6C6A6C7409
:1073F0007E8A98A2A7ACB2B7BFCAD4D9D8D4CFC816
:10740000C3C5C8CACDCECAC9CCD3DCE6F2FAFDFCEE
:10741000FCF9F6F8FDFAF4EFE4D6CECDCBCBCDCD2A
:10742000C5BDB9B7B8BDC2C2B9AEA3978F8E8E9590
:1074300097928877675B56575449403F3B393F3FA7
:107440002F1D1105010B1B252927221B151B2A3572
:107450003B3F3A291E1C1D222D36373029282B345C
:10746000485F6B70736C6368757F8A918F83756DED
:107470006F7784949E9B9797979CB0C7D4D8D8CFAA
:10748000C1BABEC6CBD2D3C7B8B2B2B4C0D2DFE1A4
:10749000DEDBD6D4DBEBF5F5F2E9D4C2C1C2C2C65D
:1074A000C9BEABA09A969CACB6B4ADA4968B8E9296
:1074B000908E8D8D8A85807A6E5C4C3D3534353367
:1074C0002D21150B04010306060809070705040B07
:1074D000141E2B343433312D2C32363B3C373230B2
:1074E0002C303C48536063636A70768493999D9C0A
:1074F000948E8C8E959B9B9D9E98959DA8B4C2CC96
:10750000D1D3D0CFD1D5DDE4E2DCD5CBC3C0C3C964
:10751000CFD2D3D0CBCDD6DEE6F2F5EFE8E1D8D5A9
:10752000D5D3CDC5B9AB9D969697999C9D989392CE
:1075300079797675797A797A79756D625952483F99
:10754000392E24211F1B18171513141615110B069D
:10755000020106101A252D3335383C434B50535445
:107560004F474545434A5455565D60636E7D889547
:10757000A0A4A6A5A4A8ABADAFB0A9A19E9D9DA2B5
:10758000ACB4B7BAC1C3C7D2DBDFE3E6E3DCD7D321
:10759000D1CFCDCCC7C0BCBDBFC1CBD3D5D8DCDA31
:1075A000D7DADBD6D2CDC3B8ADA39A928C89837CCF
:1075B000799C9B9187817B757577726557493A31C4
:1075C0002E2C282827211810090508111819171022
:1075D000070101070F1B262F36383430303337426E
:1075E0004C4E4C4D49454E5C657080848082878A44
:1075F000909CA4A5A4A09B97979CA5A9A7AAABA57E
:10760000A6B3BABDC8D1CCC8CBCBC8CDD3D3D1CC0F
:10761000C5C1BEBEC5CACACED2CCC8CFD3D2D9E1AD
:10762000DCD4D3CDC1BFC2BEB7B5B0A59C9A9998E2
:10763000989CA3988A8385847F7971604C403B37FE
:10764000373933251A130E0E11110E0B08050303DB
:10765000070804010409121F2D35302623262A3677
:107660004B57555455504F5D6E7982898378787D9C
:1076700084909CA19D958F909197A7B4B4B0B0AA27
:10768000A3ABBDC6CACFCDC0BABEC2C6CFD5D2CBC2
:10769000C4BFBEC3CDD9DCD5D1CFC7C8D5DCD9DDF9
:1076A000DCCDC2C3C3C1C8CEC8BDB5AFAAABB3B8E9
:1076B000B3AAA39B9B93877E786E6668675D554EE1
:1076C000433834312D2927251E11080501020D12DA
:1076D0000E0A0804020913181D242B2C2E353B3AE0
:1076E0003C474F5258605F5D6267686D777D7E8072
:1076F0008387878B949A9BA0A5A29EA4A9A9ACB3CB
:10770000B4AFAEB3B4B4BBC2C1C1C3C3C0C4CACEAC
:10771000CFCFD0CFC7C6CDCFCCD1D4CDC8CAC7C3A9
:10772000C8CECDCBC9C7C3BEC0C3C0BEBFBCB1AA43
:10773000A8A29C9BAAC2D6E5F0F5F3E7D5BDA2842A
:107740006B594F4C4D5053545451493E353231339F
:10775000363A3F41414141414144485057616A7284
:10776000787D848A8E919597958F8578695C524E45
:1077700052607795B4D1E9F8FFFCF3E5D5C3B1A227
:10778000968B80756C66626264686E7374726E69E3
:10779000635D5A5A5F646C757C7E7E7F7E7D7C80E3
:1077A0008994A0ACB8BDBCB7AD9F8E7E7169656889
:1077B0006F798494AA91A8BFD3E4F2F8F4E3C9A93D
:1077C000886B585256616F7A8285837B726C6A6AC5
:1077D0006C6D6F71706D6966615C5957585C636C54
:1077E00077828A9093938F8C88847F776958463507
:1077F0002826304A6F99C2E3F8FFF9E9D6C2AFA252
:107800009890887F746A6461646C78838C8F8E89A9
:1078100081776F696667686B6F7272716F6E6B6983
:10782000696D768392A2ADB1AC9E876D533E3331C4
:10783000394758697B91879DB3C8DDEFFAF9E9CEE6
:10784000AB896A554D536272828C92918B837E7D97
:107850007E80828485837E79726A615A57575C651F
:1078600071808D969A9A958E87817D787164523D4C
:107870002819131C37608EBDE1F8FFF7E5CFBAA8D1
:107880009C948F887F7369615D606A7887949C9D02
:107890009A91867C736E6B6A6A6D6F6F6E6E6D6A9D
:1078A000666567717E8FA1AEB3AD9A7F5F40291C7C
:1078B0001C283A4E6173877D8DA1B6CFE6F7FFF79E
:1078C000E1BE9368442C2328374C61737D81807E10
:1078D0007E838C97A3ABAA9F8A705642383C4D6A30
:1078E0008CADC7D6D9D0BFAB9889807A756C5C4710
:1078F0002E1706010C295486B6DCF4FDF6E4CDB64D
:10790000A3968E8A837767523E2C23283B587A9B16
:10791000B5C4C5B8A389725F575A636D777C7E7D05
:107920007A7A808EA2B8CDDBDDD2B89368401F0C86
:10793000070F20364B5E6D7D347870236036B2239E
:10794000816EF4237A2137242E507A2483FBBD24C0
:1079500060240225AECB462558F28B254A99D125C5
:1079600072C11726BF6B5E262399A526924AED2683
:10797000FF803527633D7E27B480C727EF4B112852
:107980000EA05B28107EA628F4E6F128BCDB3D297A
:107990006C5D8A290A6DD7299B0B252A2A3A732AFE
:1079A000C2F9C12A6F4B112B4130612B49A9B12B70
:1079B00099B7022C475C542C6998A62C196DF92CA8
:1079C00071DB4C2D8FE4A02D9189F52D99CB4A2E9A
:1079D000CAABA02E492BF72E3F4B4E2FD40CA62F0F
:1079E0003571FE2F8F7957301327B130F27A0B3172
:1079F000637666319B1AC231D4681E3248627B328C
:107A00003708D932DE5B3733825E96336611F63340
:107A1000D27556340F8DB734675819352BD97B354D
:107A2000AA10DF353700433627A9A736D30C0D3708
:107A3000952C7337C909DA37D0A541380B02AA381B
:107A4000DF1F1339B3007D39F0A5E7390411533A2C
:107A50005C43BF3A6B3E2C3BA5039A3B8294083CA7
:107A60007AF2773C0A1FE83CB21B593DF4E9CA3D63
:107A7000548B3D3E5A01B13E904D253F85719A3F52
:107A8000C76E1040EB46874086FBFE40328E774142
:107A90008900F1412C546B42BB8AE642DDA562436A
:107AA00039A7DF437A905D444E63DC4467215C452F
:107AB00078CCDC453B665E4669F0E046010001009B
:107AC00001000100010001000100010001000100AE
:107AD000010001000100010001000100010001009E
:107AE0000100010001000200020002000200020089
:107AF0000300030003000400040004000500050067
:107B00000600060007000800080009000A000B0034
:107B10000C000D000E0010001100130014001600E0
:107B200018001B001D0020002300260029002D0046
:107B3000310036003A00400046004C0053005A0025
:107B400062006B00750080008B009800A600B500F5
:107B5000C500D700EA00FF0000010001000100019C
:107B6000000100010001000100010001000100010D
:107B700000010001000100010001000100010001FD
:107B800000010001000100010001000100010001ED
:107B900000010001000100010001000100010001DD
:107BA00000010001000100010001000100010001CD
:107BB000000100010001000100010001000102803C
:107BC00028804F807880A180CC80F98026815581E3
:107BD0008681B881EB81208256828F82C88204839D
:107BE00041838083C183048449849084D98425851A
:107BF0007285C28514866886BF8619877587D38784
:107C00003588998800896A89D689468ABA8A308BEC
:107C1000AA8B278CA78C2B8DB38D3E8ECD8E608F3B
:107C2000F78F92903191D4917C922893D8938D9430
:107C300047950596C89690975D982F99069AE29A6F
:107C4000C49BAB9C989D8A9E829F7FA082A18BA2A1
:107C50009AA3AFA4CAA5EBA612A83FA972AAACAB7F
:107C6000ECAC32AE7FAFD2B02CB28BB3F1B45EB617
:107C7000D1B74AB9CABA50BCDCBD6EBF07C1A5C2F4
:107C80004AC4F5C5A5C75BC917CBD9CCA0CE6CD06B
:107C90003DD214D4EFD5CFD7B4D99DDB8ADD7CDFBC
:107CA00071E169E366E565E767E96CEB74ED7EEF2A
:107CB00089F197F3A6F5B7F7C8F9DAFBEDFD0000F7
:107CC0001302260438064A085A0A690C770E8310F4
:107CD0008D12941499169B189B1A971C901E852040
:107CE000762263244C263128112AEC2BC32D942FA5
:107CF00061312733E934A5365B380C3AB63B5B3D3E
:107D0000FA3E92402542B1433745B6462F48A24934
:107D10000F4B754CD54D2E4F8150CE5114535454AA
:107D20008E55C156EE571659365A515B665C755DD5
:107D30007E5E815F7F607661686255633C641E652C
:107D4000FA65D166A36770683869FB69BA6A736BB4
:107D5000286CD96C856D2C6ECF6E6E6F0970A0701B
:107D60003371C2714E72D5725973DA735774D0740D
:107D70004775BA752A76977601776877CC772D782C
:107D80008C78E87841799879EC793E7A8E7ADC7A49
:107D9000277B707BB77BFC7B3F7C807CBF7CFC7C43
:107DA000387D727DAA7DE07D157E497E7B7EAB7E2F
:107DB000DA7E087F347F5F7F887FB17FD87FD87F6E
:107DC000000001FF01FE01FD02FC02FB04FA06F9BE
:107DD00009F80CF710F615F51CF423F32BF235F126
:107DE00041F04DEF5CEE6CED7EEC91EBA7EABFE964
:107DF000D9E8F5E713E734E658E57EE4A7E3D2E2F5
:107E000001E232E167E09FDFDADE18DE5ADDA0DC56
:107E1000E9DB36DB86DADBD934D991D8F2D757D70C
:107E2000C1D62FD6A2D51AD596D417D49DD328D390
:107E3000B9D24ED2E9D18AD130D1DBD08DD044D065
:107E400001D0C4CF8DCF5CCF32CF0ECFF0CED9CE04
:107E5000C9CEBFCEBDCEC1CECCCEDECEF8CE19CFF0
:107E600041CF71CFA8CFE7CF2ED07DD0D3D032D1A4
:107E700099D108D27FD2FFD288D319D4B3D455D5A3
:107E800001D6B5D673D73AD80AD9E3D9C6DAB3DB67
:107E9000A9DCA9DDB2DEC6DFE4E00CE23EE37AE471
:107EA000C1E512E76EE8D4E946EBC2EC49EEDBEF40
:107EB00079F121F3D5F495F660F836FA18FC06FE50
:107EC00000000502180436066008970ADB0C2B0F29
:107ED0008711F1136716EA187A1B181EC2207A233D
:107EE0003F261229F22BE02EDC31E634FD37233B0E
:107EF000573E9941EA444848B64B324FBD52565618
:107F0000FF59B65D7D61536538692C6D30714375DD
:107F10006779997DFF7FFF7FFF7FFF7FFF7FFF7F77
:107F2000FF7FFF7FFF7FFF7FFF7FFF7FFF7FFF7F61
:107F3000FF7FFF7FFF7FFF7FFF7FFF7FFF7FFF7F51
:107F4000FF7FFF7FFF7FFF7FFF7FFF7FFF7FFF7F41
:107F5000FF7FFF7FFF7FFF7FFF7FFF7FFF7FFF7F31
:107F6000FF7FFF7FFF7FFF7FFF7FFF7FFF7FFF7F21
:107F7000FF7FFF7FFF7FFF7FFF7FFF7FFF7FFF7F11
:107F8000FF7FFF7FFF7FFF7FFF7FFF7FFF7FFF7F01
:107F9000FF7FFF7FFF7FFF7FFF7FFF7FFF7FFF7FF1
:107FA000FF7FFF7FFF7FFF7FFF7FFF7FFF7FFF7FE1
:107FB000FF7FFF7FFF7FFF7FFF7FFF7FFF7FFF7FD1
:107FC000FF7F000000000000000000000000000033
:107FD00000000000000000000000000000000000A1
:107FE0000000000000000000000000000000000091
:107FF0000000000000000000000000000000000081
:108000000000000010010005547154B58824249B21
:108010000001009C00F0B803540108004400100067
:10802000880088FC806044D840F0446444B444BC78
:10803000908044FC44F410010801A00044100802A0
:10804000908450FC44EC50F1009C10F1449C448C12
:1080500040BC446C10910078A40C001C806E206E13
:1080600000FC44CC20FC64CC44B41081007C880C1F
:10807000286CA80290028890009C200200F0280042
:108080000010000244F8241C44184870049C048C1E
:1080900040F2442C54104030B001100154285020BC
:1080A0004438848C64C4500040B2041C0038080872
:1080B0002828A80240720C100C921001E090440095
:1080C0000000A060080E80822810E0000C028003EF
:1080D0003800886088481800280000EC44281011F7
:1080E000200E08FC04FC00FE00FD80FC40FC20FC8F
:1080F00010FC00C000E0007000380018001C008C6C
:1081000000C4FCFF000000000000000000000000B0
:10811000000000000000000000000000000000005F
:10812000000000000000000000000000000000004F
:10813000000000000000000000000000000000003F
:10814000000000000000000000000000000000002F
:10815000000000000000000000000000000000001F
:10816000000000000000000000000000000000000F
:1081700000000000000000000000000000000000FF
:1081800000000000000000000000000000000000EF
:1081900000000000000000000000000000000000DF
:1081A00000000000000000000000000000000000CF
:1081B00000000000000000000000000000000000BF
:1081C000FCFF00810A81278159819C81F7816082AF
:1081D000E18273831984D3849D857E86708773883A
:1081E0008C89B48AF08B3D8D9E8E0E909091249355
:1081F000C7947D964298179AFC9BF19DF49F08A224
:1082000028A457A696A8DFAA39AD9DAF0EB28CB4AC
:1082100015B7AAB94ABCF2BEA8C165C42CC7FCC92F
:10822000D4CCB5CF9CD28CD580D87DDB7EDE83E1EB
:1082300091E49FE7B3EACAEDE4F0FFF31EF73EFADC
:108240005EFD7E00A103C106DF09FE0C1B10341386
:108250004B165F196E1C791F812281257E28722B97
:10826000622E4A3129340237D239983C583F0A42AB
:10827000B5445447EA49714CEF4E6251C6531D56FE
:108280006A58A65AD55CF75E0A610D630265E76617
:10829000BC68826A356CDB6D6E6FF0706172C073A2
:1082A0000E75497673778B788E79817A5F7B2C7C1B
:1082B000E57C8B7D1E7E9C7E097F607FA77FD57FBE
:1082C000F57FFE7FF57FD57FA77F607F097F9C7E4E
:1082D0001E7E8B7DE57C2C7C5F7B817A8E798B7812
:1082E000737749760E75C0736172F0706E6FDB6DD7
:1082F000356C826ABC68E76602650D630A61F75EE9
:10830000D55CA65A6A581D56C6536251EF4E714C41
:10831000EA495447B5440A42583F983CD23902379B
:1083200029344A31622E722B7E2881258122791FC1
:108330006E1C5F194B1634131B10FE0CDF09C106AF
:10834000A1037E005EFD3EFA1EF7FFF3E4F0CAEDE6
:10835000B3EA9FE791E483E17EDE7DDB80D88CD5B4
:108360009CD2B5CFD4CCFCC92CC765C4A8C1F2BE81
:108370004ABCAAB915B78CB40EB29DAF39ADDFAA0D
:1083800096A857A628A408A2F49FF19DFC9B179AD3
:1083900042987D96C794249390910E909E8E3D8D29
:1083A000F08BB48A8C89738870877E869D85D38490
:1083B00019847383E1826082F7819C8159812781CE
:1083C0000A81008102800280028002800280028095
:1083D000028002800280028002800280028002808D
:1083E000028002800280028002800280028002807D
:1083F000028002800280028002800280028002806D
:108400000280028002800280038003800380038058
:108410000380038003800380038004800480048041
:10842000048005800580058006800680078008801E
:10843000088009800A800B800C800E800F801180DC
:108440001380158018801B801E80228026802B8040
:10845000308037803E8046804F80598064807180B4
:1084600080809180A480BA80D280ED800D8130819F
:1084700058818581B981F38134827E82D2823183B1
:108480009C8314849D843685E485A78683877A88B7
:108490009089C88A268CAE8D648F4C916D93CB9554
:1084A0006A98529B869E0BA2E8A51FAAB5AEABB3F5
:1084B00004B9BFBEDAC452CB22D241D9A7E047E803
:1084C00015F003F80000FD07EB0FB917591FBF2681
:1084D000DE2DAE34263B4141FC46554C4B51E15517
:1084E000185AF55D7A61AE649667356A936CB46E1E
:1084F0009C705272DA733875707686777D78597908
:108500001C7ACA7A637BEC7B647CCF7C2E7D827D77
:10851000CC7D0D7E477E7B7EA87ED07EF37E137F52
:108520002E7F467F5C7F6F7F807F8F7F9C7FA77FC2
:10853000B17FBA7FC27FC97FD07FD57FDA7FDE7FF0
:10854000E27FE57FE87FEB7FED7FEF7FF17FF27FDA
:10855000F47FF57FF67FF77FF87FF87FF97FFA7F6A
:10856000FA7FFB7FFB7FFB7FFC7FFC7FFC7FFC7F38
:10857000FD7FFD7FFD7FFD7FFD7FFD7FFD7FFD7F1B
:10858000FD7FFE7FFE7FFE7FFE7FFE7FFE7FFE7F04
:10859000FE7FFE7FFE7FFE7FFE7FFE7FFE7FFE7FF3
:1085A000FE7FFE7FFE7FFE7FFE7FFE7FFE7FFE7FE3
:1085B000FE7FFE7FFE7FFE7FFE7FFE7FFE7FFE7FD3
:1085C000FE7FFE7FFE7FFF7FEB6E626BF2680567CA
:1085D0006665FC63B962936185608A5F9E5EC05D7B
:1085E000EE5C255C665BAE5AFD595359AF58105886
:1085F0007557DF564D56BF553455AD542854A753C3
:108600002853AB523152BA514451D0505E50EE4FC4
:10861000804F134FA84E3F4ED74D704D0A4DA64C7C
:10862000434CE14B804B204BC14A634A074AAB495C
:108630005049F5489C484348EB4794473E47E84635
:1086400093463F46EB4597454545F344A144504486
:108650000044B04361431243C34275422742DA41AA
:108660008D414141F540A9405E401340C83F7E3FE7
:10867000343FEA3EA13E583E0F3EC73D7F3D373D69
:10868000EF3CA83C603C1A3CD33B8C3B463B003B58
:10869000BA3A743A2F3AEA39A4395F391B39D638D5
:1086A00092384D380938C53781373D37FA36B636F6
:1086B00073362F36EC35A93566352335E0349D34D5
:1086C0005A341834D533923350330E33CB32893287
:1086D00046320432C23180313D31FB30B93077301F
:1086E0003530F22FB02F6E2F2C2FEA2EA72E652EAD
:1086F000232EE02D9E2D5B2D192DD62C942C512C44
:108700000E2CCB2B882B452B022BBF2A7C2A382AF8
:10871000F529B1296D292A29E628A1285D281928DB
:10872000D4278F274A270527C0267A263426EE2508
:10873000A82562251B25D5248D244624FF23B72395
:108740006F232623DD2294224B220122B7216D21A3
:108750002221D7208C204020F31FA71F591F0C1F58
:10876000BE1E6F1E201ED01D801D2F1DDE1C8C1CEA
:10877000391CE61B921B3D1BE81A911A3A1AE219A2
:108780008A193019D6187A181D18C01761170117E1
:108790009F163C16D81573150C15A3143814CB135B
:1087A0005D13EC12791204128B111011921010103B
:1087B0008B0F010F720EDE0D450DA40CFC0B4A0B46
:1087C0008D0AC309E808F607B2FF9AB16C84EF88F6
:1087D00077BB2107214FDE79A8794B50070D64C67E
:1087E0006D9203802393C8C4F605914473705E7F35
:1087F000F16E7244CF0A8CCF869F45845C82FE98CE
:10880000BAC2FFF6FD2B8E58AA75617F21756F598C
:108810003131B0028DD4D3AC3690A6811F82CE9078
:1088200055AB46CE9BF5391D5741D95E81730A7E03
:10883000287E6C7421621749732B780B5AEB1DCD7F
:1088400075B2B59CC88C2D8302800C83C68B74993D
:1088500030ABFDBFD7D6BEEEBE06001EC4336F4799
:108860008558AF66B3717979017E627FC77D6B7978
:1088700093728E69AD5E4652AB4430362227C917DB
:1088800068083AF975EA46DCD5CE41C2A5B614AC03
:108890009DA24A9A2093208D49889584FF817C80EF
:1088A00002808580F8814E8479876A8B1390679562
:1088B000569BD3A1D1A843B01BB84DC0CEC890D110
:1088C00089DAAEE3F3EC4DF6B2FF17097212B71B6B
:1088D000DB24D42D9736173F4947214F9356915D9E
:1088E0000F64FE69516FFB73EC77167B6C7DDF7E46
:1088F000627FE87E657DCF7A1C774572456C1B658B
:10890000C85C5153C048233D8F301E23EF142A0604
:10891000FDF69BE742D834C9B9BA1FADB7A0D795C9
:10892000D18CFA859E8103806481EB85B18DB698E8
:10893000DFA6F6B7A1CB65E1A6F8A7108D28673FA3
:108940003554F0659E73587C627F387C9D72AF62AF
:10895000EF4C47320A14EDF3F1D34DB6449DF88A3B
:108960003C815A81E38B8BA00DBE2CE2C9091E31DC
:108970000F54976E457DBF7D2E6F9152D72AB4FC60
:1089800033CEF5A5448A0380BA89D7A667D3660893
:10899000AA3C6666087D1F7BDF5FD82F95F4F2BA8C
:1089A00074900680F18ED3BA6EF99D3A426C617F65
:1089B000F76C00395DF21AAFBC85868543B043F889
:1089C000ED437576F87ACB4DCB4D000816082C0890
:1089D00043085A0871088908A108B908D108EA08AB
:1089E00003091C0935094F09690983099E09B8095A
:1089F000D309EF090B0A270A430A5F0A7C0A9A0A7D
:108A0000B70AD50AF30A120B310B500B6F0B8F0B01
:108A1000AF0BD00BF10B120C340C560C780C9B0CDA
:108A2000BE0CE20C060D2A0D4F0D740D990DBF0DF5
:108A3000E60D0C0E330E5B0E830EAC0ED40EFE0E46
:108A4000280F520F7D0FA80FD30F00102C105910B4
:108A50008710B510E310131142117211A311D41134
:108A6000061238126B129E12D21206133C137113A7
:108A7000A713DE1316144E148614BF14F9143415FC
:108A80006F15AB15E71524166216A016DF161F1713
:108A90005F17A117E21725186818AC18F1183719D5
:108AA0007D19C4190C1A551A9E1AE81A331B7F1B1C
:108AB000CC1B191C671CB71C071D581DA91DFC1DCC
:108AC000501EA41EFA1E501FA71F00205920B320BD
:108AD0000E216A21C72126228522E5224623A923C9
:108AE0000C247024D6243D25A5250D267826E326C2
:108AF0004F27BD272C289C280D297F29F329682A78
:108B0000DE2A562BCE2B482CC42C412DBF2D3E2EB9
:108B1000BF2E422FC52F4B30D1305931E3316E3249
:108B2000FB3289331834AA343C35D1356736FE36EA
:108B300098373338CF386E390E3AB03A533BF93B59
:108B4000A03C493DF43DA03E4F3F0040B24066414D
:108B50001D42D5428F434C440A45CA458D46524773
:108B60001848E148AD497A4A4A4B1B4CF04CC64D77
:108B70009F4E7A4F585038511A52FF52E653D054F4
:108B8000BD55AC569D5791588859825A7E5B7D5C85
:108B90007F5D845E8B5F9660A361B362C663DC64B5
:108BA000F665126731685469796AA26BCE6CFD6D07
:108BB000306F66709F71DC721C746075A776F277F7
:108BC0004079927AE87B417D9F7E008042FF48FF9A
:108BD0004DFF54FF5AFF64FF6AFF71FF7BFF80FF68
:108BE00087FF8EFF92FF96FF99FF9AFF99FF9AFFEA
:108BF00095FF91FF8CFF84FF7CFF73FF68FF5FFF91
:108C000052FF47FF3BFF32FF26FF1EFF15FF0FFFFE
:108C10000AFF07FF07FF08FF0DFF12FF1EFF27FFD8
:108C200039FF47FF5CFF71FF88FFA3FFBCFFD8FF40
:108C3000F4FF11002F004900650080009700B0008C
:108C4000C200D500E300EF00F800FD00FF7FFC004C
:108C5000F800EF00E400D400C300AF0097008100EB
:108C600064004A002E001100F5FFD7FFBDFFA2FFF0
:108C700088FF72FF5BFF48FF38FF28FF1CFF14FFCF
:108C80000DFF07FF08FF06FF0BFF0EFF15FF1FFF7D
:108C900025FF32FF3BFF48FF52FF5EFF68FF73FF77
:108CA0007DFF83FF8CFF92FF95FF98FF9BFF9AFF4C
:108CB00098FF97FF91FF8EFF87FF81FF7AFF72FF7A
:108CC0006AFF62FF5CFF53FF4EFF47FF43FF3DFF1C
:108CD0003BFF39FF38FF37FF39FF3AFF3FFF41FFC6
:108CE00046FF4CFF51FF56FF5FFF62FF6AFF6FFFB9
:108CF00075FF79FF7DFF81FF84FF85FF85FF86FF7C
:108D000085FF82FF81FF7CFF7AFF73FF6FFF6AFFA1
:108D100065FF5FFF59FF56FF4FFF4DFF48FF45FFBF
:108D200043FF43FF40FF42FF43FF45FF46FF4BFF2A
:108D30004EFF52FF58FF5BFF62FF67FF6AFF71FF44
:108D400073FF79FF7CFF7DFF81FF82FF80FF83FF40
:108D50007FFF7FFF7BFF78FF75FF70FF6BFF66FF74
:108D600061FF5DFF57FF52FF4EFF4BFF47FF44FF80
:108D700043FF42FF40FF43FF43FF45FF49FF4CFFD6
:108D80004FFF56FF59FF60FF64FF69FF70FF74FFDC
:108D900079FF7DFF7FFF84FF84FF85FF87FF85FFCD
:108DA00083FF80FF7FFF78FF75FF6FFF6AFF63FF20
:108DB0005DFF58FF50FF4CFF46FF42FF3DFF3CFF69
:108DC00038FF37FF38FF39FF3BFF3EFF42FF02808D
:108DD0005680AD8008816681C58126828782E782C0
:108DE0004583A083F68347849184D5841285488582
:108DF0007985A685D185FD852C866486A886FC8626
:108E00006687E887888848892A8A318B5B8CA78D9A
:108E1000118F94902992C8936695F8967298C99983
:108E2000F19ADF9B8B9CEF9C079DD39C599CA09B48
:108E3000B59AAB9995988D97AE961496DD95259633
:108E400004979298DD9AEF9DC9A164A6B0AB91B149
:108E5000E6B782BE34C5C2CBF3D18BD751DC10E06C
:108E60009AE2CFE398E3EEE1DCDE7DDAFBD494CE48
:108E700092C74CC022B979B2B8AC3FA86AA584A405
:108E8000CAA560A954AF9BB70CC267CE4FDC54EBA8
:108E9000F2FA990AB0199F27D233C43D01452E49F1
:108EA000104A8C47AB419B38AD2C531E1E0EB4FCB0
:108EB000CCEA28D988C8A5B92AADA8A3919D369B2C
:108EC000BE9C26A241ABBBB718C7BDD8F7EB0000CC
:108ED00009144327E8384548BF54DA5D4263CA6441
:108EE0006F62585CD6525B467837D82634154C03EF
:108EF000E2F1ADE153D365C755BE74B8F0B5D2B653
:108F0000FFBA3CC22ECC61D850E667F50E05AC1412
:108F1000B1239931F43D6548AC50A056365A7C5B7C
:108F2000965AC1574853874DDE46B43F6E386C3170
:108F3000052B83252421121E681C311C661DF01F81
:108F4000AF2375280D2E3E34CC3A7E411A486F4E21
:108F500050549C59375E116223656E67FC68DB696B
:108F6000236AEC69526973686B6755664B65606488
:108F7000A7632D63F9621163756321640F6537661A
:108F80008E6708699A6A386CD76D6C6FEF7059728A
:108F9000A573CF74D675B876787718789A780479EF
:108FA00058799C79D479037A2F7A5A7A877AB87A61
:108FB000EE7A2B7B6F7BB97B0A7C607CBB7C197D56
:108FC000797DDA7D3B7E9A7EF87E537FAA7FAA7FE9
:108FD00000007EFF3DFF98FF15000E0083FF34FF69
:108FE0008CFF18001A008BFF2AFF7EFF19002A0051
:108FF00094FF1FFF6DFF1A003D009EFF13FF58FFF7
:109000001C005300ACFF02FF41FF1C006F00BCFFBF
:10901000EFFE22FF1D009200D3FFD5FEF9FE1D00DA
:10902000C300F2FFB3FEBBFE1F000A0123007DFE5A
:109030005BFE1F00830176001CFEA9FD1F007C0261
:10904000300136FDD0FB1F00DD054F04DDF7A2E740
:10905000FE7FA2E7DCF75104DC051F00D0FB35FDE5
:1090600031017C022000A7FD1DFE77008101200058
:109070005BFE7EFE22000A011E00BCFEB3FEF2FF74
:10908000C3001D00F9FED5FED3FF92001D0022FF94
:10909000EFFEBCFF6F001C0041FF02FFACFF53005E
:1090A0001B005AFF11FF9FFF3D001A006DFF1FFFBD
:1090B00094FF2A0019007EFF2AFF8BFF1A00180078
:1090C0008CFF34FF83FF0D00170097FF3DFF7EFFED
:1090D00000001400A3FF45FF79FFF5FF1200ADFF6C
:1090E0004CFF75FFEBFF0F00B6FF54FF71FFE0FF71
:1090F0000F00BDFF5BFF6DFFD8FF0C00C4FF63FFD7
:109100006AFFCFFF0A00CAFF6AFF68FFC6FF0800B8
:10911000D1FF6FFF66FFC0FF0300D8FF76FF63FF3C
:10912000B9FF0100DDFF7BFF64FFB0FFFEFFE2FF40
:1091300083FF61FFAAFFFBFFE6FF89FF61FFA3FF3B
:10914000F7FFEBFF90FF60FF9DFFF2FFF0FF96FF40
:1091500060FF96FFEFFFF4FF9CFF60FF90FFEBFFC7
:10916000F7FFA3FF60FF8AFFE7FFF9FFABFF61FF97
:1091700084FFE0FFFFFFB1FF62FF7CFFDDFF020025
:10918000B7FF64FF76FFD8FF0300C0FF66FF6FFFE5
:10919000D1FF0700C8FF67FF69FFCCFF0800D1FFC0
:1091A00069FF63FFC4FF0B00D9FF6DFF5BFFBDFFCD
:1091B0000F00E0FF71FF54FFB6FF0F00EBFF75FFDC
:1091C0004CFFADFF1200F5FF79FF45FFA2FF150030
:1091D0000000001C001C001CC01C801D401E001F45
:1091E000C01F802040210022C0228023402400256F
:1091F000C02580264027002800280028C028802974
:10920000402A002BC02B802C402D002EC02E802FFA
:1092100040300031C0318032003400340034283412
:10922000283428349E3514378A38003A003A003AF8
:10923000E83AD13BD13BD13BDD3CE83DF43E004038
:10924000004000402840284028409E4114438A4462
:10925000004600460046E846D147D147D147C048BE
:10926000B049B049B049D84A004C004C004C284C99
:10927000284C284C194D0A4E0A4E0A4EE84EC64F4D
:10928000A55083518351835100520052005205531F
:1092900005530553D153D153D153A9548255825507
:1092A0008255C156005800580058055905590559AE
:1092B000ED59D65AD65AD65ADC5BDC5BDC5BEE5CE9
:1092C000005E005E005E805F00618062006400649A
:1092D00000640064B0FFCAC1797A7C7B5FC5030873
:1092E00009232220B11EC9B9BA535036C3C42A2952
:1092F00024252621B21FC7B8A5524F564E2D2E2F1A
:109300002B2C2827C0C6C8B7A451191A7E7D00018E
:1093100002061716BFB3E3E4A654550E7F80818280
:10932000838407D1BE86E2E5FDCC370C0F0A0BA380
:10933000A2A7ABD0BD85E1E6FED8D7D69D9E9FA063
:10934000A1A8A9AAAEEAE9E7DAD9CECDD538F4F2D8
:10935000747372F3BCEBEEE8DBCFD2D3C291CBF5E2
:109360006F70716C3F1B9CED059594F68F90D43413
:109370006E6D68ACBB1C11EC789693328E8D3E3CC2
:109380003B666739B61D0DEF7797878A8B8CF8633C
:109390006264653D151304F076988889FAFBF9F745
:1093A0006035696AAF1810F175999A9B92335E5DCA
:1093B00031613A6BB5FC12DCDD40595A5C5B5857A1
:1093C00041424344AD14E0DFDE30B44D4C4B4A49DA
:1093D000484746450000B20065011802CB027E03F3
:1093E0003104E40497054A06FD06B0076308160930
:1093F000C9097C0A2F0BE20B950C480DFB0DAE0E34
:10940000610F1410C7107A112D12E0129313461435
:10941000F914AC155F161217C51778182B19DE1939
:10942000911A441BF71BAA1C5D1D101EC31E761F3C
:109430002920DC208F214222F522A8235B240E253F
:10944000C12574262727DA278D284029F329A62A43
:10945000592B0C2CBF2C722D252ED72E8A2F3D3048
:10946000F030A33156320933BC336F342235D53551
:1094700088363B37EE37A1385439073ABA3A6D3B54
:10948000203CD33C863D393EEC3E9F3F5240054157
:10949000B8416B421E43D14384443745EA459D465B
:1094A00050470348B64869491C4ACF4A824B354C5D
:1094B000E84C9B4D4E4E014FB44F67501A51CD5161
:1094C00080523353335321530F53FD52EB52DA5230
:1094D000C852B652A452925280526F525D524B52B1
:1094E0003952275216520452F251E051CE51BC511A
:1094F000AB519951875175516351515140512E5182
:109500001C510A51F850E750D550C350B1509F50EC
:109510008D507C506A505850465034502250115053
:10952000FF4FED4FDB4FC94FB84FA64F944F824FBF
:10953000704F5E4F4D4F3B4F294F174F054FF34E26
:10954000E24ED04EBE4EAC4E9A4E894E774E654E90
:10955000534E414E2F4E1E4E0C4EFA4DE84DD64DF9
:10956000C44DB34DA14D8F4D7D4D6B4D5A4D484D62
:10957000364D244D124D004DEF4CDD4CCB4CB94CCB
:10958000A74C954C844C724C604C4E4C3C4C2B4C34
:10959000194C074CF54BE34BD14BC04BAE4B9C4B9E
:1095A0008A4B784B664B554B434B314B1F4B0D4B06
:1095B000FC4AEA4AD84AC64AB44AA24A914A7F4A71
:1095C0006D4A5B4A494A374A264A144A024AF049D8
:1095D000DE49CD49BB49A949974985497349624943
:1095E00050493E492C491A490849F748E548D348AB
:1095F000C148AF489E488C487A4868485648444815
:10960000334821480F48FD47EB47D947C847B6477D
:10961000A447924780476F475D474B4739472747E5
:1096200015470447F246E046CE46BC46AA46994650
:10963000874675466346514640462E461C460A46B6
:10964000F845E645D545C345B1459F458D457B4524
:109650006A4558454645344522451145FF44ED4489
:10966000DB44C944B744A6449444824470445E44F5
:109670004C443B44294417440544F343E243D0435C
:10968000BE43AC439A4388437743654353434143C6
:109690002F431D430C43FA42E842D642C442B34230
:1096A000A1428F428F428F428F428F428F428F4220
:1096B0008F428F428F428F428F428F428F428F4222
:1096C0008F428F428F428F428F428F428F428F4212
:1096D0008F428F428F428F428F428F428F428F4202
:1096E0008F428F4200009BFF11FEC4FFEAFF0CFE79
:1096F00078FF31001CFE21FF6A0046FEC3FE8E008B
:1097000089FE64FE9B00E0FE0BFE8D0048FFC2FD5B
:109710005E00BEFF8CFD1200390070FDA9FFB10094
:1097200078FD22FF1F01A6FD86FE770100FED7FD12
:10973000B1018AFE1CFDC20149FF5CFC9E013F0095
:10974000A1FB36017601F2FA7200040358FA22FFF7
:109750001E05D6F9DFFC550878F92EF8240F3AF9E2
:10976000D6E6BF39FE7FBE39D5E63CF9230F2FF888
:1097700076F95708DEFCD7F91C0524FF57FA0503D4
:109780007000F4FA75013601A2FB3E009E015DFCFB
:1097900048FFC2011CFD8AFEB201D5FD02FE760122
:1097A00086FEA7FD1D0124FF77FDB100A9FF71FD15
:1097B000380013008BFDBEFF5E00C2FD49FF8B0029
:1097C0000DFEDFFE9C0063FE89FE8E00C3FE47FE99
:1097D000690021FF1DFE2F007AFF0CFEE8FFC5FF88
:1097E00012FE9AFF00002EFE49FF28005AFEFFFEDF
:1097F000390097FEB9FE3900DAFE84FE220021FF0F
:109800005EFEFDFF65FF4BFEC9FFA4FF49FE8DFF15
:10981000D6FF5CFE4CFFFAFF7DFE0DFF0E00ABFE97
:10982000D3FE1000E3FEA2FE03001EFF7DFEE7FF55
:109830005AFF68FEBCFF92FF65FE87FFC2FF70FE05
:109840004FFFE5FF8BFE15FFFBFFB3FEDDFE0300C0
:10985000E2FEB0FEF8FF1AFF8AFEE1FF52FF74FE3F
:10986000BAFF8AFF6BFE8BFFB9FF74FE53FFDFFF69
:109870008BFE1BFFF7FFB0FEE3FE0100DFFEB2FE32
:10988000FBFF16FF8AFEE5FF50FF6FFEC2FF88FF59
:1098900064FE92FFBCFF68FE5BFFE6FF7DFE1EFFDD
:1098A0000400A1FEE2FE1200D2FEABFE0F000CFF90
:1098B0007DFEFAFF4DFF5BFED6FF8DFF4AFEA3FF44
:1098C000C9FF4CFE64FFFDFF5EFE21FF220085FE06
:1098D000D9FE3900BAFE95FE3B00FEFE5AFE280076
:1098E0004AFF2DFE00000000C9015A03AA04B0057A
:1098F0006806CA06D4068206D205C8046003A00121
:1099000091FF32FD8FFAB2F7A4F470F127EED0EA9E
:109910007EE740E423E135DE8BDB2ED92BD798D5CB
:1099200077D4DBD3C9D34ED46BD52AD78CD991DC6D
:109930003BE084E469E9E0EEE6F466FB5F02B90926
:1099400069115A198021C12909324B3A6842544A97
:10995000F45138590C605D661B6C36719F754E79F9
:10996000367C4C7E927FFE7F927F4C7E367C4D799A
:10997000A17535711B6C5C660D603859F551524A02
:109980006A42493A0B32C0297F215B196911BA0931
:109990005D0268FBE4F4E1EE69E984E43AE093DC1B
:1099A0008BD92AD76BD54ED4C9D3DAD379D496D5EF
:1099B0002DD72DD98ADB36DE23E140E47EE7D1EADC
:1099C00025EE71F1A4F4B2F78FFA32FD91FFA001F8
:1099D0006003C704D3058206D406CB066706B0052C
:1099E000AA045903CA01000008FEE8FBB1F966F7B2
:1099F00015F5C9F28CF064EE60EC84EAD9E864E70E
:109A00002EE638E586E419E4F7E318E47DE427E57B
:109A10000DE62DE77FE8FEE9A4EB64ED3CEF1FF1D6
:109A200008F3EAF4C0F681F823FAA5FBFAFC1DFE60
:109A300010FFC7FF4300840083004A00D2FF21FFCC
:109A40003AFE22FDDEFB74FAE9F846F793F5D7F308
:109A500017F260F0B6EE24EDADEB5AEA31E934E8E6
:109A60006FE7DCE685E666E685E6DCE66EE736E887
:109A700030E95AEAADEB23EDB7EE60F018F2D6F319
:109A800092F547F7E9F874FADEFB22FD3AFE22FF71
:109A9000D1FF4900840084004300C7FF0FFF1FFE71
:109AA000F9FCA4FB25FA80F8C0F6EAF407F320F1EC
:109AB0003CEF65EDA2EB00EA7EE82DE70CE628E539
:109AC0007DE419E4F5E31AE486E438E52EE664E77C
:109AD000D9E884EA60EC64EE8CF0C8F217F565F71B
:109AE000B0F9EAFB07FE00000080008000800080E3
:109AF0000080008000800080008000800080008066
:109B0000008000800080008000804D782D71916A77
:109B10006F64BD5E70598154E84F9E4B9D47DE4394
:109B20005E40163D043A22376D34E3317F2F3F2DDE
:109B3000222B232942277C25CF233A22BB20501FEA
:109B4000F91DB51C811B5D1A4819411848175B1691
:109B50007915A314D61314135B12AA110211621003
:109B6000C80F360FAA0E250EA50D2B0DB60C470CEF
:109B7000DC0B750B130BB50A5B0A040AB10961090A
:109B80001509CB08850841080008C10784074A0762
:109B90001207DC06A906770646061806EB05C0057F
:109BA00097056E0548052205FE04DB04B9049904F7
:109BB00079045B043D0421040504EB03D103B803DD
:109BC000A003880372035C03460332031E030A03E7
:109BD000F702E502D302C202B202A102920282029D
:109BE0007402650257024A023C0230022302170245
:109BF0000B020002F501EA01DF01D501CB01C10131
:109C0000B801AE01A5019D0194018C0184017C0184
:109C100074016D0165015E01570150014A01430164
:109C20003D01370131012B01250120011A011501E8
:109C300010010B0106010101FC00F700F300EE002A
:109C4000EA00E600E200DE00DA00D600D200CF0033
:109C5000CB00C700C400C100BD00BA00B700B4000B
:109C6000B100AE00AB00A800A500A200A0009D00BE
:109C70009B0098009600930091008F008C008A0052
:109C8000880086008400820080007E007C007A00CC
:109C9000780076007400720071006F006D006C0037
:109CA0006A0068006700650064006200610060008F
:109CB0005E005D005C005A005900580056005500D7
:109CC00054005300520051004F004E004D004C0014
:109CD0004B004A0049004800470046004500440048
:109CE000430042004200410040000000F7FDE6FB57
:109CF00011FB00FC2FFE520017010100A6FD70FBB6
:109D0000BAFA00FC8AFED8007A01FFFF3EFDD8FABD
:109D10004AFA00FC04FF8701FC010000B0FC07FACE
:109D2000B1F9FFFBADFF8302B6020100E0FBD1F801
:109D3000C8F801FCB1000E04E203FFFF8AFAC5F681
:109D40003AF7FFFB8B02E80617060100D2F779F21B
:109D5000CCF300FCFF06380E2A0C0000FEEEE4E215
:109D600091E500FCFB22774FA572FD7FA572784F2D
:109D7000FA2200FC92E5E3E2FEEE00002B0C370E27
:109D8000FF0600FCCCF37AF2D2F7FFFF1906E706D4
:109D90008B0200FC38F7C7F689FA0000E1030E04D5
:109DA000B20000FCC8F8D1F8E1FB0000B602830263
:109DB000ADFF00FCB0F907FAB0FC0100FB0188011F
:109DC00003FF00FC4AFAD9FA3CFD01007A01D600F3
:109DD0008BFE01FCB9FA71FBA5FD000019015100D1
:109DE00030FEFFFB11FBE7FBF6FD0000CC00E7FFB8
:109DF000E6FD00FC57FB45FC3BFEFFFF8C008FFFA0
:109E0000AAFD00FC90FB98FC72FEFFFF560045FF88
:109E100074FD00FCC4FBDDFCA4FEFFFF260002FF76
:109E200047FDFFFBF1FB1DFDCFFE0000FAFFC6FE64
:109E30001DFD00FC19FC57FDF8FEFFFFD4FF8DFE51
:109E4000F6FC00FC3FFC8EFD1DFF0100ACFF5AFE3E
:109E5000D0FC00FC65FCC0FD43FFFFFF8AFF26FE2F
:109E6000ABFC01FC89FCF3FD66FFFFFF66FFF4FD20
:109E700088FC01FCACFC25FE8AFF000041FFC2FD0E
:109E800064FC00FCD1FC59FEADFF00001DFF8EFDFF
:109E90003FFC01FCF5FC8DFED4FF0000F7FE57FDF2
:109EA00019FC01FC1CFDC6FEFAFF0100CEFE1DFDE3
:109EB000F1FB00FC46FD02FF26000000A3FEDEFCD5
:109EC000C3FBFFFB76FD45FF5400010072FE96FCCC
:109ED00092FBFFFBAAFD8FFF8C0000003AFE46FCC0
:109EE00056FB00FCE6FDE8FFCB0000000A000A007C
:109EF0000A002F007400B800FC0041018501C80170
:109F00000C0250029302D7021A035E03A103E4037A
:109F100027046A04AC04EF0432057405B705F9059B
:109F20003B067E06C006020744078607C8070A08E4
:109F30004C088D08CF08110952099409D509170A50
:109F4000580A9A0ADB0A1C0B5E0B9F0BE00B210CD4
:109F5000620CA30CE50C260D670DA80DE80D290E6B
:109F60006A0EAB0EEC0E2D0F6E0FAE0FEF0F301012
:109F70007010B110F21032117311B411F4113512C6
:109F80007512B612F61237137713B813F813381484
:109F90007914B914FA143A157A15BB15FB153B164A
:109FA0007B16BC16FC163C177D17BD17FD173D1818
:109FB0007D18BE18FE183E197E19BE19FE193F1AEB
:109FC0007F1ABF1AFF1A3F1B7F1BBF1BFF1B3F1CC3
:109FD0007F1CBF1CFF1C3F1D7F1DBF1D001E3F1EA1
:109FE0007F1EBF1EFF1E3F1F7F1FBF1FFF1F3F2083
:109FF0007F20BF20FF203F217F21BE21FE213E2266
:10A000007E22BE22FE223D237D23BD23FD233D244F
:10A010007C24BC24FC243C257B25BB25FB253A263F
:10A020007A26BA26F92639277927B827F827372834
:10A030007728B628F62835297529B429F429332A32
:10A04000732AB22AF12A312B702BAF2BEF2B2E2C37
:10A050006D2CAC2CEC2C2B2D6A2DA92DE82D272E48
:10A06000662EA52EE42E232F622FA12FE02F1F3066
:10A070005D309C30DB301A3158319731D531143294
:10A0800052329132CF320D334C338A33C8330634D7
:10A0900044348234C034FE343C357A35B835F53535
:10A0A00033367036AE36EB3628376637A337E037AF
:10A0B0001D385A389738D33810394C398939C53951
:10A0C000013A3E3A7A3AB63AF13A2D3B693BA43B23
:10A0D000DF3B1B3C563C913CCC3C063D413D7B3D2F
:10A0E000B53DEF3D293E633E9D3ED63E0F3F00000D
:10A0F0000A00150020002B00360041004C005700DC
:10A1000062006D00780083008E009900A400AF000B
:10A11000B900C400CF00DA00E500F000FB00060142
:10A1200011011C01270132013D01480153015E016B
:10A13000690173017E01890194019F01AA01B501A2
:10A14000C001CB01D601E101EC01F70102020D02D1
:10A15000180223022D02380243024E025902640201
:10A160006F027A02850290029B02A602B102BC0233
:10A17000C702D202DD02E702F202FD020803130366
:10A180001E03290334033F034A03550360036B0393
:10A19000760381038C039703A103AC03B703C203C7
:10A1A000CD03D803E303EE03F90304040F041A04F8
:10A1B000250430043B04460451045B046604710426
:10A1C0007C04870492049D04A804B304BE04C9045B
:10A1D000D404DF04EA04F50400050B051505200589
:10A1E0002B05360541054C05570562056D057805BB
:10A1F00083058E059905A405AF05BA05C505CF05EC
:10A20000DA05E505F005FB05060611061C0627061E
:10A2100032063D06480653065E06690674067F064A
:10A22000890694069F06AA06B506C006CB06D60682
:10A23000E106EC06F70602070D07180723072E07AD
:10A24000390743074E07590764076F077A078507E1
:10A2500090079B07A607B107BC07C707D207DD0712
:10A26000E807F307FD07080813081E082908340843
:10A270003F084A08550860086B08760881088C0872
:10A280009708A208AD08B708C208CD08D808E308A7
:10A29000EE08F90804090F091A09250930093B09D4
:10A2A000460951095C09660971097C098709920907
:10A2B0009D09A809B309BE09C909D409DF09EA093A
:10A2C000F509000A0B0A160A200A2B0A360A410A67
:10A2D0004C0A570A620A6D0A780A830A8E0A990A9A
:10A2E000A40AAF0ABA0AC50AD00ADA0AE50AF00ACD
:10A2F000FB0A060B110B1C0B270B320B3D0B480BFB
:10A30000530B5E0B690B740B7F0B8A0B940B9F0B2B
:10A31000AA0BB50BC00BCB0BD60BE10BEC0BF70B61
:10A32000020C0D0C180C230C2E0C390C440C4E0C8A
:10A33000590C640C6F0C7A0C850C900C9B0CA60CC1
:10A34000B10CBC0CC70CD20CDD0CE80CF30CFE0CF1
:10A35000080D130D1E0D290D340D3F0D4A0D550D21
:10A36000600D6B0D760D810D8C0D970DA20DAD0D51
:10A37000B80DC20DCD0DD80DE30DEE0DF90D040E87
:10A380000F0E1A0E250E300E3B0E460E510E5C0EB1
:10A39000670E720E7C0E870E920E9D0EA80EB30EE7
:10A3A000BE0EC90ED40EDF0EEA0EF50E000F0B0F17
:10A3B000160F210F2C0F360F410F4C0F570F620F46
:10A3C0006D0F780F830F8E0F990FA40FAF0FBA0F79
:10A3D000C50FD00FDB0FE60FF00FFB0F06101110AB
:10A3E0001C10271032103D10481053105E106910D9
:10A3F00074107F108A109510A010AA10B510C0100C
:10A40000CB10D610E110EC10F71002110D1118113D
:10A4100023112E11391144114F115A1164116F116A
:10A420007A11851190119B11A611B111BC11C711A0
:10A43000D211DD11E811F311FE11091214121E12CE
:10A44000291234123F124A12551260126B12761200
:10A4500081128C129712A212AD12B812C312CD1231
:10A46000D812E312EE12F91204130F131A13251364
:10A4700030133B13461351135C13671372137D1390
:10A48000871392139D13A813B313BE13C913D413C8
:10A49000DF13EA13F51300140B14161421142C14F3
:10A4A000371441144C14571462146D147814831427
:10A4B0008E149914A414AF14BA14C514D014DB1458
:10A4C000E614F114FB14061511151C152715321589
:10A4D0003D15481553155E15691574157F158A15B8
:10A4E0009515A015AB15B515C015CB15D615E115ED
:10A4F000EC15F71502160D16181623162E1639161A
:10A5000044164F165A1665166F167A16851690164B
:10A510009B16A616B116BC16C716D216DD16E8167F
:10A52000F316FE16091714171F17291734173F17AC
:10A530004A17551760176B17761781178C179717DF
:10A54000A217AD17B817C317CE17D917E317EE1711
:10A55000F91704180F181A18251830183B18461840
:10A5600051185C18671872187D18881893189D1870
:10A57000A818B318BE18C918D418DF18EA18F518A7
:10A5800000190B19161921192C19371942194D19CF
:10A59000571962196D19781983198E199919991912
:10A5A0008E19831978196D19621957194C194119A7
:10A5B00036192B19201915190A19FF18F418E9185A
:10A5C000DE18D318C818BD18B218A7189C1891180F
:10A5D00086187B18701865185A184F1844183918BF
:10A5E0002E18231818180D180218F717EC17E11772
:10A5F000D617CA17BF17B417A9179E17931788172E
:10A600007D17721767175C17511746173B173017DE
:10A6100025171A170F170417F916EE16E316D81692
:10A62000CD16C216B716AC16A11696168B16801646
:10A6300075166A165F16541649163E1633162816F6
:10A640001D1612160716FC15F115E615DB15D015AB
:10A65000C515BA15AF15A41599158E15831578155E
:10A660006D15621557154C15411536152B1520150E
:10A6700015150A15FF14F414E914DE14D214C714C6
:10A68000BC14B114A6149B14901485147A147A1473
:10A690007A147A147A147A147A147A147A147A144A
:10A6A0007A147A147A147A147A147A147A147A143A
:10A6B0007A147A147A147A147A147A147A147A142A
:10A6C0007A147A147A147A147A147A147A1480FD2B
:10A6D00029FD11FF95008EFF5EFD15FD29FFB900D4
:10A6E0008CFF35FDFFFC44FFE4008AFF07FDE0FC22
:10A6F00065FF1A0188FFCCFCBCFC8DFF5D0186FF65
:10A7000082FC8FFCBFFFB10185FF24FC52FC0200DC
:10A710001F0285FFA5FBFFFB5C00B90285FFF1FA74
:10A7200088FBDF009D0384FFDFF9CFFAAD01100540
:10A7300083FF0CF885F92703D40782FF2FF4A3F6D3
:10A74000BA06320F82FFAEE61DEA321C3A60FE7F87
:10A750003A60321C1EEAADE682FF310FBC06A1F65C
:10A7600031F481FFD407270386F90BF883FF100526
:10A77000AD01CFFADFF984FF9D03DF0089FBF0FA1A
:10A7800084FFBA025D00FEFBA5FB85FF1F020300EC
:10A7900051FC24FC85FFB001C1FF8EFC82FC87FFC9
:10A7A0005B018EFFBCFCCCFC88FF1A0165FFE1FC5D
:10A7B00006FD8AFFE40045FFFDFC36FD8CFFBA0074
:10A7C00028FF15FD5EFD8EFF950011FF29FD81FD1F
:10A7D0008FFF7600FDFE39FD9DFD93FF5C00EAFED4
:10A7E00047FDB7FD95FF4600D9FE52FDCFFD97FF0F
:10A7F0003200CBFE5CFDE2FD9BFF2000BDFE65FD4F
:10A80000F4FD9FFF1000B0FE6BFD06FEA3FF0100EC
:10A81000A5FE70FD16FEA5FFF7FF98FE76FD23FE50
:10A82000ABFFEAFF8EFE79FD30FEB0FFE2FF80FE57
:10A830007DFD3DFEB6FFD7FF76FE7FFD49FEBBFFE7
:10A84000D0FF6BFE80FD54FEC2FFC8FF60FE80FD9E
:10A8500060FEC8FFC2FF54FE80FD6CFECFFFBAFF52
:10A860004AFE7FFD76FED8FFB4FF3EFE7DFD81FEF1
:10A87000E1FFAFFF31FE7AFD8CFEEBFFACFF22FE65
:10A8800076FD98FEF6FFA7FF14FE72FDA3FE0300FF
:10A89000A2FF06FE6BFDB0FE10009FFFF4FD65FDFC
:10A8A000BDFE20009BFFE2FD5CFDCBFE320097FF6A
:10A8B000CFFD52FDD9FE460095FFB7FD47FDEAFEEC
:10A8C0005C0093FF9DFD39FDFDFE760090FF80FD4D
:10A8D00011001200130014001600170018001A00CF
:10A8E0001B001D001F002100230025002700290058
:10A8F0002C002E003100340037003A003E004200A8
:10A9000046004A004E00530058005D006300690095
:10A910006F0075007C0084008C0094009D00A600F0
:10A92000B000BB00C600D200DE00EB00F900080159
:10A93000180129013A014D01610176018C01A40140
:10A94000BD01D701F30111023102520275029B02CF
:10A95000C202EC02190348037A03AF03E70323049E
:10A960006204A404EB0436058505D9053206910678
:10A97000F5065E07CF074508C3084909D6096C0AE2
:10A980000A0BB20B640C210DE80DBC0E9C0F891054
:10A9900085118F12A913D41410165F17C118391A14
:10A9A000C71B6C1D2A1F0121F52205253527842987
:10A9B000F62B8C2E48312C343A37743ADD3D7641F3
:10A9C000424544497D4DEF519E568B5BB960F6611F
:10A9D000F661F661F661F661F661F661F661F661BF
:10A9E000F661F661F661F661F661F661F661F661AF
:10A9F000F661F661F661F661F661F661F661F6619F
:10AA0000F661F661F661F661F661F661F661F6618E
:10AA1000F661F661F661F661F661F661F661F6617E
:10AA2000F661F661F661F661F661F661F661F6616E
:10AA3000F661F661F661F661F661F661F661F6615E
:10AA4000F661F661F661F661F661F661F661F6614E
:10AA5000F661F661F661F661F661F661F661F6613E
:10AA6000F661F661F661F661F661F661F661F6612E
:10AA7000F661F661F661F661F661F661F661F6611E
:10AA8000F661F661F661F661F661F661F661F6610E
:10AA9000F661F661F661F661F661F661F661F661FE
:10AAA000F661F661F661F661F661F661F661F661EE
:10AAB000F661F661F661F661F661F661F661F661DE
:10AAC000F661F661F661F661F661F661F661F661CE
:10AAD000F66100002FEA9373110DBF72FEB7EB71A0
:10AAE00022E81971B29A4970E5CC7A6FF87BAD6EA5
:10AAF0002FA5E16DD145176D2A5B4E6C8DE2866BFB
:10AB00004ED9C06ACB3CFC69630A39697B3F7768E0
:10AB10007ED9B667D9D5F76600323A666CEB7D65AB
:10AB200099FFC264086C0964402E5163CA439A625B
:10AB300037AAE461185F306108607D60A1AACB5F2D
:10AB4000853C1B5F5A136C5EC72CBE5D7D86115D14
:10AB50002C1E665C8AF1BB5B54FE125B46426B5A4C
:10AB600025BBC459B7661F59C8427B58264DD857D4
:10AB7000A58336571CE49556666CF655631A5855EE
:10AB8000F5EBBA5404DF1E547AF183534721EA529D
:10AB90005C6C5152AFD0B9513C4C2351FFDC8D500D
:10ABA000FA80F94F3336664FB1FAD34E81CC424E1C
:10ABB000B4A9B24D5D90234D937E954C7072084CB4
:10ABC000126A7C4B9C63F14A335D674AFE54DE494E
:10ABD00029495649E437CF48611F4948D6FDC34744
:10ABE0007DD13F479198BC4652513A4603FAB84549
:10ABF000EB9038455214B94485823A44D4D9BC43C9
:10AC000091184043123DC442B0454942C730CF413C
:10AC1000B5FC5541DCA7DD40A23066406F95EF3FA3
:10AC2000ACD4793FC8EC043F33DC903E61A11D3EBB
:10AC3000C83AAB3DE1A6393D28E4C83C1CF1583C7C
:10AC40003ECCE93B14747B3B22E70D3BF423A13A55
:10AC50001629353A17F5C9391E00200022002400B4
:10AC6000260028002B002D0030003300360039006C
:10AC70003C004000440048004C00510056005B007E
:10AC8000600066006C00720079008100880090000E
:10AC90009900A200AC00B600C100CC00D800E500CD
:10ACA000F3000201110121013201450158016C013B
:10ACB00082019901B101CB01E701040222024302A2
:10ACC00065028A02B002D9020503330363039703C6
:10ACD000CE03080445048604CB0414056105B305BE
:10ACE0000A066606C7062F079C0710088B080D0981
:10ACF0009609280AC30A330B330B330B330B330B80
:10AD0000330B330B330B330B330B330B330B330B53
:10AD1000330B330B330B330B330B330B330B330B43
:10AD2000330B330B330B330B330B330B330B330B33
:10AD3000330B330B330B330B330B330B330B330B23
:10AD4000330B330B330B330B330B330B330B330B13
:10AD5000330B330B330B330B0000000000000000FB
:10AD600000000000000000000000000000000000E3
:10AD700000000000000000000000020002000300CC
:10AD80000300040005000600070008000A000C008C
:10AD90000E0011001400180000000300040005005C
:10ADA0000600070009000A000C000F001200150041
:10ADB0001A001F0025002D000000040005000600F9
:10ADC000080009000B000D001000130017001C0004
:10ADD0002200280031003A000000050006000700AC
:10ADE00008000A000C000F001100150019001E00D9
:10ADF00024002C0035003F00000004000500060080
:10AE0000080009000B000D001000130017001C00C3
:10AE10002200280031003A00000003000400050071
:10AE20000600070009000A000C000F0012001500C0
:10AE30001A001F0025002D00000002000200030080
:10AE40000300040005000600070008000A000C00CB
:10AE50000E001100140018000000000000000000A7
:10AE600000000000000000000000000000000000E2
:10AE700000000000000000000000FEFFFEFFFDFFDC
:10AE8000FDFFFCFFFBFFFAFFF9FFF8FFF6FFF4FF01
:10AE9000F2FFEFFFECFFE8FF0000FDFFFCFFFBFF10
:10AEA000FAFFF9FFF7FFF6FFF4FFF1FFEEFFEBFF0C
:10AEB000E6FFE1FFDBFFD3FF0000FCFFFBFFFAFF33
:10AEC000F8FFF7FFF5FFF3FFF0FFEDFFE9FFE4FF09
:10AED000DEFFD8FFCFFFC6FF0000FBFFFAFFF9FF40
:10AEE000F8FFF6FFF4FFF1FFEFFFEBFFE7FFE2FFF4
:10AEF000DCFFD4FFCBFFC1FF0000FCFFFBFFFAFF2C
:10AF0000F8FFF7FFF5FFF3FFF0FFEDFFE9FFE4FFC8
:10AF1000DEFFD8FFCFFFC6FF0000FDFFFCFFFBFFF9
:10AF2000FAFFF9FFF7FFF6FFF4FFF1FFEEFFEBFF8B
:10AF3000E6FFE1FFDBFFD3FF0000FEFFFEFFFDFFAA
:10AF4000FDFFFCFFFBFFFAFFF9FFF8FFF6FFF4FF40
:10AF5000F2FFEFFFECFFE8FFFFFFFFFFFFFFFFFF48
:10AF6000FFFFFFFFFFFFFFFFFFFFFFFFFFFFFFFFF1
:10AF7000FFFFFFFFFFFFFFFFFFFFFFFFFFFFFFFFE1
:10AF8000FFFFFFFFFFFFFFFFFFFFFFFFFFFFFFFFD1
:10AF9000FFFFFEFFFEFFFEFFFEFFFEFFFEFFFDFFC9
:10AFA000FDFFFDFFFCFFFCFFFCFFFBFFFBFFFAFFCB
:10AFB000F9FFF9FFF8FFF7FFF6FFF5FFF3FFF2FFE8
:10AFC000F0FFEEFFECFFEAFFE7FFE4FFE1FFDDFF4C
:10AFD000D9FFD4FFCFFFC9FFC3FFBBFFB3FFA9FF5A
:10AFE0009FFF93FF86FF77FF66FF53FF3EFF26FF1D
:10AFF0000CFFEEFECCFEA7FE7DFE4DFE18FEDCFD36
:10B000009AFD4FFDFAFC9CFC32FCBBFB36FBA0FA20
:10B01000F8F93CF969F87CF773F64AF5FDF388F224
:10B02000E6F012EF05EDBBEA2BE84DE519E284DE10
:10B0300085DA0FD616D18BCB60C585BEE8B676AE65
:10B040001CA5C79A608FD4820E75FB658A55AD43E7
:10B050005C30951B5E05000000000000EBB20108AB
:10B0600005B601080038574156450000F8B10108FF
:10B07000000642495453000090B1010800065241B5
:10B0800054450000D4B10108000F8F54494D000011
:10B090005CB601080001545352430000F0B10108AE
:10B0A000000654444C590000A4B7010800014D4566
:10B0B000544100005CB00108000352414E470000BB
:10B0C000CCB6010800044F4354560000ACB101084F
:10B0D0000030514E545A0000E0B601080001464CC1
:10B0E000415400005CB00108000444524654000082
:10B0F000C0B1010800045349474E0000C0B1010827
:10B1000000024252494700000CB60108000F8F416F
:10B11000545400005CB60108000F8F444543000002
:10B120005CB60108000F8F464D2000005CB6010898
:10B13000000F8F434F4C00005CB6010800018F5692
:10B14000434100005CB0010800014E56525400001B
:10B150005CB00108000B524F4F5400009CB6010830
:10B1600000044D454E55000048B60108000043411B
:10B170004C2E0000000000000000202020200000D5
:10B1800000000000000076322E30000000000000B9
:10B1900071B4010876B401087BB4010880B40108D9
:10B1A00085B401088AB401088EB401083AB30108D5
:10B1B0003DB30108B3B50108B8B50108BDB5010834
:10B1C000EBB20108B5B50108BAB50108BFB5010871
:10B1D00000B601084EB4010853B4010858B4010880
:10B1E0005DB4010862B4010867B401086CB40108D9
:10B1F00040B3010859B3010893B4010898B4010899
:10B200009DB40108A2B40108A7B40108ACB40108B8
:10B21000B1B40108B6B40108BBB40108C0B4010858
:10B22000C5B40108CAB40108CFB40108D4B40108F8
:10B23000D9B40108DEB40108E3B40108E8B4010898
:10B24000EDB40108F2B40108F7B40108FCB4010838
:10B2500001B5010806B501080BB5010810B50108D4
:10B2600015B501081AB501081FB5010824B5010874
:10B2700029B501082EB5010833B5010838B5010814
:10B280003DB5010842B5010847B501084CB50108B4
:10B2900051B5010856B501085BB5010860B5010854
:10B2A00065B501086AB501086FB5010874B50108F4
:10B2B00079B501087EB5010883B5010888B5010894
:10B2C0008DB5010892B5010897B501089CB5010834
:10B2D000A1B50108A6B50108ABB501084462004557
:10B2E00062004762004162004262004F4646200011
:10B2F0002020357320002031307320002031357339
:10B300002000203230732000FF20202000FFFF208B
:10B310002000FFFFFFFF004E4F4E450031323575D4
:10B320000032353075003530307500316D732000D6
:10B33000326D732000346D7320002D32002D3100EA
:10B340004558542E00465245450058544E4400344A
:10B35000343020004C464F20004155544F00534597
:10B360004D4900494F4E4900444F52490050485200
:10B3700059004C594449004D49584F0041454F4CE4
:10B38000004C4F435200424C552B00424C552D006F
:10B3900050454E2B0050454E2D00464F4C4B004A19
:10B3A0004150410047414D450047595053004152DB
:10B3B000414200464C414D0057484F4C00505954B3
:10B3C000480045422F340045202F340045412F349A
:10B3D00000424841490047554E41004D41525700F7
:10B3E0005348524900505552560042494C41005969
:10B3F000414D41004B414649004248494D004441BE
:10B4000052420052414745004B48414D004D494D85
:10B410004100504152410052414E470047414E4782
:10B42000004B414D450050414B41004E41544200BC
:10B430004B41554E00424149520042544F44004353
:10B4400048414E004B544F44004A4F474500344B4F
:10B45000485A00384B485A0031364B200032344BA2
:10B46000200033324B200034384B200039364B203B
:10B470000032424954003342495400344249540096
:10B480003642495400384249540031324200313684
:10B4900042200043534157005E888D5F00888A8CAC
:10B4A0008D00464F4C44008E8E8E8E005355428C3C
:10B4B00000535542880053594E8C0053594E880012
:10B4C00088887833008C5F7833002F5C78330053A2
:10B4D0004978330052494E470088884348008C5FC2
:10B4E0004348002F5C4348005349434800575443A6
:10B4F000480088887836008C5F7836002F5C783674
:10B500000053497836005754783600888988890076
:10B5100088888E8E00544F592A005A4C5046005A43
:10B52000504B46005A425046005A48504600564F2B
:10B53000534D00564F574C0056464F460048415217
:10B540004D00464D2020004642464D005754464D82
:10B5500000504C554B00424F574400424C4F57004F
:10B56000464C55540042454C4C004452554D004BFE
:10B5700049434B0043594D4200534E4152005754EA
:10B58000424C00574D415000574C494E0053414DDD
:10B59000310053414D32004E4F49530054574E51E4
:10B5A00000434C4B4E00434C4F5500505254430007
:10B5B00020202030002020203100202020320020B8
:10B5C000202033002020203400202020350020209F
:10B5D0002036002020203700202020380020202086
:10B5E000390020203130002020313100202031323C
:10B5F000002020313300202031340020203135005C
:10B6000046554C4C004F4E200000000008B3010886
:10B610000DB3010812B30108000606000001000086
:10B620000200000000020005000000000000000011
:10B6300032000000293C000000080000000000006B
:10B640000080008000000000EBB20108F0B20108A9
:10B65000F6B20108FCB2010802B30108B0B5010856
:10B66000B5B50108BAB50108BFB50108C4B50108F0
:10B67000C9B50108CEB50108D3B50108D8B5010890
:10B68000DDB50108E2B50108E7B50108ECB5010830
:10B69000F1B50108F6B50108FBB50108AEB5010822
:10B6A000DCB20108A5B40108DFB2010848B3010803
:10B6B00022B50108E2B201081FB40108E5B2010891
:10B6C00029B40108E8B201088CB4010840B30108AC
:10B6D00045B301084AB301084FB3010854B3010848
:10B6E000EBB201085EB3010863B3010868B3010857
:10B6F0006DB3010872B3010877B301087CB3010888
:10B7000081B3010886B301088BB3010890B3010827
:10B7100095B301089AB301089FB30108A4B30108C7
:10B72000A9B30108AEB30108B3B30108B8B3010867
:10B73000BDB30108C2B30108C7B30108CCB3010807
:10B74000D1B30108D6B30108DBB30108E0B30108A7
:10B75000E5B30108EAB30108EFB30108F4B3010847
:10B76000F9B30108FEB3010803B4010808B40108E5
:10B770000DB4010812B4010817B401081CB4010883
:10B7800021B4010826B401082BB4010830B4010823
:10B7900035B401083AB401083FB4010844B40108C3
:10B7A00049B4010817B301081CB3010821B301080B
:10B7B00026B301082BB3010830B3010835B30108E3
:10B7C0000006010204050E0F1003111207080914E8
:10B7D0000A0B0C0D151316171800000002000400C8
:10B7E00006001000200030000001800300068001E8
:10B7F00080030005800180030006800180030007AC
:10B80000800180038008800300068009800303060E
:10B8100085090002800380080002800300070002FF
:10B82000800300060002800380058002800300067A
:10B830000400800300060400040600060400040659
:10B8400000060000010700000205070001060000D5
:10B8500002050600020608000306080A0305070A97
:10B860000108000002060A0002060C0001070000A1
:10B8700001060000020608000206080003080A0686
:10B88000000000009DA1ABBCBDBFC0C1C4C6C9EAD9
:10B89000E8E5E2E00102030405080C20242A2FFC5D
:10B8A000FE8D8B87AE0000003E433220003E4334C5
:10B8B000200020202020000000000000881300004D
:10B8C00010270000983A0000204E000020004000A1
:10B8D0008000000138846B19C66318867398C6B15E
:10B8E0001CCA318CC73188C23098463118C6350C15
:10B8F000CA310CC62110246912C23114C471084A1D
:10B900002249AB6AA8AC495132D55288936C942233
:10B910001554D22596D450A5462108856B18C463CA
:10B9200010CE6B188C71198C63350CC63399CC6CA6
:10B93000B54EA29946212882952EE3309CC5309CB5
:10B94000A2B19C67318866592C5318846750CAE3AA
:10B950000AACAB30AC62308C63109462B18C82283C
:10B96000963398D6B54C6229A54AB59CC63114D6F3
:10B97000389C4BB4866518AE671CA66319962319CC
:10B98000841308A652ACCA22896EAB198C6234C4E7
:10B990006219866318C42358D6A35042544AAD4A4C
:10B9A00025116B64894A63398A23312AEAA2A944A2
:10B9B000C512CD42348C62188C63114866319D44A7
:10B9C000331D46319CC6B10CCD3288C473188673C2
:10B9D00008D663580781E0F03C0787903C7C0FC78E
:10B9E000C0C0F07C1E078080001C7870F1C71FC0AB
:10B9F0000CFE1C1F1F0E0A7AC071F2838F030F0FFB
:10BA00000C0079F861E0430F83E718F9C113DAE914
:10BA1000638F0F838387C31F3C70F0E1E1E387B836
:10BA2000710E20E38D48781C938730E1C1C1E47822
:10BA3000218383C3870639E5C387070E1C1C70F476
:10BA4000719C603632C31E3CF38F0E3C70E3C78F8F
:10BA50000F0F0E3C78F0E38706F0E307C199870FDC
:10BA600018787070FCF310B18C8C317C70E1863CDE
:10BA7000646CB0E1E30F238F0F1E3E383C387B8FA0
:10BA8000070E3CF4171E3C78F29E7249E3253638C7
:10BA90005839E2DE3C7878E1C761E1E1B0F0F0C30B
:10BAA000C70E38C0F0CE73731834B0E1C78E1C3C9B
:10BAB000F838F0E1C18B868F1C7870F078ACB18FCC
:10BAC0003931DB3861C30E0E387873171E391E38D2
:10BAD00064E1F1C14E0F40A202C58F81A1FC1208A2
:10BAE00064E03C22E045078E0C3290F01F2049E0D4
:10BAF000F80C60F0171A41AAA4D08D12821E1E0302
:10BB0000F83E030C73807044260324E13E044E0487
:10BB10001CC109CC9E902107904364C00FC6909C25
:10BB2000C15B03E21D81E05E1D0384B82C0F80B170
:10BB300083E030411E43898350FC242E1383F17C23
:10BB40004C2CC90D83B0B582E4E8069C07A0991D72
:10BB5000073E828F70307440CA10E4E80F92143FA1
:10BB600006F8848843810A343941C6E31C4703B090
:10BB7000B8130AC264F818F960B3C0652060A68CD7
:10BB8000C3812030261E1C38D301B02640F40BC3DD
:10BB9000421F8532266040C9CB01EC112840FA04CF
:10BBA00034E0704C8C1D07690316C80423E8C69A5C
:10BBB0000B1A03E0760605CF1EBC5831716600F8FB
:10BBC0003F04FC0C74278A8071C23A2606C01F0508
:10BBD0000F9840AE017FC007FF000EFE0003DF801C
:10BBE00003EF801BF1C200E7E018FCE021FC803C81
:10BBF000FC400E7E003F3E000FFE001FFF003EF0A7
:10BC000007FC007E103FFF003F380E7C01870CFCD4
:10BC1000C7003E040F3E1F0F0F1F0F028387CF0385
:10BC2000870F3FC0079E603FC003FE003FE077E103
:10BC3000C0FEE0C3E001DFF80307007E70007C383F
:10BC400018FE0C1E781C7C3E0E1F1E1E3E007F83BD
:10BC500007DB878307C7071071FF003FE201E0C1E0
:10BC6000C3E1007FC005F020F8F070FE7879F8029B
:10BC70003F0C8F030F9FE0C1C78703C3C3B0E1E14F
:10BC8000C1E3E071F000FC707C0C3E380E1C70C308
:10BC9000C70381C1C7E7000FC7871909EFC433E0A5
:10BCA000C1FCF870F078F8F061C7001FF8017CF86B
:10BCB000F078703C7CCE0E2183CF08078F08C187B7
:10BCC0008F80C7E30007F8E0EF0039F7800EF8E156
:10BCD000E3F8219FC0FF03F807C01FF8C404FCC4A9
:10BCE000C1BC87F00FC07F05E025ECC03E8447F063
:10BCF0008E03F803FBC019F8079C0C17F807E01F28
:10BD0000A1FC0FFC01F03F00FE03F01F00FD00FF4F
:10BD1000880DF901FF007007C03E42F30DC47F801B
:10BD2000FC07F05EC03F00783F81FF01F801C3E8E7
:10BD30000CE4648FE40FF007F0C21F007FC06F8037
:10BD40007E03F807F03FC0780F8207FE227770026B
:10BD50007603FE00FE67007CC7F18EC63BE03F84A1
:10BD6000F319D80399FC09B80FF8009D2461F90D67
:10BD700000FD03F01F903F01F81FD00FF83701F8C6
:10BD800007F00FC03F00FE03F80FC03F00FA03F0BA
:10BD90000F80FF01B807F001FC01BC80131E007F7B
:10BDA000E1407FA07FB0003FC01FC0380FF01F8070
:10BDB000FF01FC03F17E01FE01F0FF007FC01D07C3
:10BDC000F00FC07E06E007E00FF806C1FE01FC039D
:10BDD000E00F00FC00000000000000000000000078
:10BDE0000000000000000101020203030404050535
:10BDF00006060707000102030405060708090A0BE7
:10BE00000C0D0E0F000103040607090A0C0D0F109C
:10BE10001213151600020406080A0C0E101214164E
:10BE2000181A1C1E000205070A0C0F111416191B04
:10BE30001E202325000306090C0F1215181B1E21B6
:10BE400024272A2D0003070A0E1115181C1F23266C
:10BE50002A2D313400FCF8F4F0ECE8E4E0DCD8D42E
:10BE6000D0CCC8C400FCF9F5F2EEEBE7E4E0DDD994
:10BE7000D6D2CFCB00FDFAF7F4F1EEEBE8E5E2DF46
:10BE8000DCD9D6D300FDFBF8F6F3F1EEECE9E7E4FC
:10BE9000E2DFDDDA00FEFCFAF8F6F4F2F0EEECEAAE
:10BEA000E8E6E4E200FEFDFBFAF8F7F5F4F2F1EF64
:10BEB000EEECEBE900FFFEFDFCFBFAF9F8F7F6F516
:10BEC000F4F3F2F100FFFFFEFEFDFDFCFCFBFBFACC
:10BED000FAF9F9F8909090909090909090909090BE
:10BEE0009090909090909090909090909090909052
:10BEF0009090909090909090909090909090909042
:10BF00009090909090909090909090909090909031
:10BF10009090909090909090909090909090909021
:10BF20009090909090909090909090909090909011
:10BF30009090909090909090909090909090909001
:10BF400090909090909090909090909090909090F1
:10BF50009090909070707070707070707070707061
:10BF600070707070707070707070707070707070D1
:10BF700070707070707070707070707070707070C1
:10BF800070707070707070707070707070707070B1
:10BF900070707070707070707070707070707070A1
:10BFA0007070707070707070707070707070707091
:10BFB0007070707070707070707070707070707081
:10BFC0007070707070707070707070707070707071
:10BFD00070707070181A17171700000010101010EA
:10BFE00010102020202020203030303030303040E1
:10BFF0004040404040405050505050505050606081
:10C0000060606060606060606060707070707070D0
:10C010007070707070707070707070707070707020
:10C020007070707070707070706060606060606080
:10C0300060606060605050505050505050404040E0
:10C040004040404030303030303030202020202000
:10C05000201010101010100000000000F0F0F0F0A0
:10C06000F0F0E0E0E0E0E0E0D0D0D0D0D0D0D0C040
:10C07000C0C0C0C0C0C0B0B0B0B0B0B0B0B0A0A080
:10C08000A0A0A0A0A0A0A0A0A0A090909090909010
:10C0900090909090909090909090909090909090A0
:10C0A000909090909090909090A0A0A0A0A0A0A020
:10C0B000A0A0A0A0A0B0B0B0B0B0B0B0B0C0C0C0A0
:10C0C000C0C0C0C0D0D0D0D0D0D0D0E0E0E0E0E060
:10C0D000E0F0F0F0F0F0F00000000000A20000003E
:10C0E000A7000000A70000007F0000008000000003
:10C0F000E20000003C0000003C00000000000000E6
:10C1000000000000E10000003C0000003B000000D7
:10C110000000000000000000C80000000000000057
:10C12000000000003600000037000000C7000000DB
:10C130000000000000000000360000003600000093
:10C140001A1E2A0210200E04020E011007120211FC
:10C1500008100211091201110110020F010E010D48
:10C16000040C024901460542013C01360130012A16
:10C17000062401230122012101200B1E041D041CA1
:10C18000025D015C055B015E01620166016A066E8B
:10C19000016A01660161015D0858015701560155A8
:10C1A000015401530152015104502962020001045B
:10C1B000090D080B020D0B0F040D040B0200010307
:10C1C000050B010901080106010507040105010627
:10C1D000010809090208020602050404020001021E
:10C1E0000604010302020A011300027C2700344CFA
:10C1F0003C022C382A020812021108100211021205
:10C200000110010E010C010A0108090606120213B1
:10C2100003140110010B06060108010B030E010DAA
:10C22000010C010A0109010808060642013C013619
:10C230000130012A0624012A01300136013C024264
:10C2400001450148014B014E015101540153015177
:10C25000064F043201310130012F012E032C012F32
:10C2600001320636013C01420348014A014C014EAD
:10C27000015001520854065B015E01620166016AC9
:10C28000066E016B01670163015F035B025C025D87
:10C29000015E016001620665043C01410147014DF8
:10C2A000015303590163016E067901700167085D4E
:10C2B000085E49620A0D0A0B020D0109010601041C
:10C2C0000103010209000B09010801060605010628
:10C2D0000108030B01080105010401030102080024
:10C2E000060B010901080106010506040105010606
:10C2F00001080109020B0108010501040103010203
:10C30000090008060C0501060308010601040103E3
:10C3100002020300010604000704010302020601F1
:10C3200002020203030401030302090004030302DF
:10C3300001010B00020203040203030203000103D4
:10C34000040049002222220220220C0609120113B5
:10C350000115011601180A1A01150110010B070633
:10C36000010C0113071A01150110010B0606093211
:10C370000130012E012C012A0A2801250121011E6C
:10C38000071A011E01230728012E0135013B064231
:10C39000093C01410147014D01530A59015701551B
:10C3A0000153075101530156075901610169017198
:10C3B000067933620A09020B010D0A0F0109010512
:10C3C00001030502020001030106070F0109010430
:10C3D000010206000A06020801090A0B010601040F
:10C3E000010204000101020001020104070B010621
:10C3F0000104010206000A0303020D0109000A01FB
:10C4000006002F00021902000C0C0C02060A0202A0
:10C410000308010B010E011101141D180352014EF6
:10C42000014A014601421D3E036E016A0166016137
:10C43000015D1D582462050B020D1D0F0406010845
:10C440000109010B1D0D24042400202020221614B4
:10C450001204020E01140A1A01190118011701161B
:10C46000011501140612010E010A0106010A010E4E
:10C470000912024901390A280129012A012C012D3A
:10C48000012F01300632013301340136013401320B
:10C490000930025D015B0A5901560152014E014A01
:10C4A00001460142063E01510165017901660152D2
:10C4B000093E036201610160015F015E015D015C93
:10C4C000055B025C025D015E025F02600161036266
:10C4D00006630662020001040D0F030D060B010541
:10C4E0000103010001020104090902000103100B0C
:10C4F0000609010401020100010201040908030008
:10C500000B010402070302020100010101020903F9
:10C51000027C2500202020021A2016080206010AAB
:10C52000010F011303180114010F010B010A010986
:10C53000010805060109010C010F0812021A012366
:10C54000012C0135033E01400143014601450144F0
:10C5500001430542013E01390135083002510152C3
:10C56000015401560358015A015D01600166016CD6
:10C5700001720579016B015C014D083E1E620200EB
:10C58000010201040108030F01090104080201006E
:10C59000010201030105080902000102010401066C
:10C5A000030D010801040302010103000101010060
:10C5B000010201030104080802000202010303044E
:10C5C000010303020201050001010202080302D374
:10C5D000080002F112001A0E1C021A1C16060906A7
:10C5E000010A010E0412010F010C020901080107E2
:10C5F0000506010A010E0912091A012701340F422A
:10C60000013C01360930095101540157045B0162B4
:10C61000016A0171017301750177057901660152A3
:10C62000093E25620702020001020105040D01080E
:10C6300001040302010105000102010409090600C9
:10C640000101020001020104040B010601040302BE
:10C6500001010500010201040908090001020103AA
:10C6600004040103030202010500010101020903A0
:10C67000160002190D0018262A02282016040A06A0
:10C68000061202130B140111010D010A0D06010916
:10C69000010C010F08120149014608420432012E23
:10C6A000012A012601220B1E012C013A01480456E1
:10C6B00002550754014B0142013908300163016EF4
:10C6C0000879043C01410147014C01520B58015BC0
:10C6D000015E01610365016401620160075E01564C
:10C6E000014E0146083E3862020008010509020BAE
:10C6F000010D0B0F010D01090108030501040103E0
:10C7000001020401010202000102010301050809FE
:10C710000A00060602080B090108010501040403CA
:10C7200002020400010102000102010301040808E1
:10C730000A000403030201010E00050201010700C3
:10C7400001010202080302F1360026243002282CDF
:10C750000E060806010A010E03120110010E010C5B
:10C76000010A01080A06010A010E0A12011101104C
:10C77000020F010E010D040C0D4201450148014B51
:10C78000014E01510154014F014A01450140013B55
:10C790000436012E01260C1E041D041C0879016FAD
:10C7A0000165045B025C025D015E01620167016B71
:10C7B000017001740479016E016309580157015633
:10C7C00001550154015301520151045032620800D5
:10C7D00001020105030D0109010601040103010223
:10C7E0000100010102020103010404050108010B1B
:10C7F0000C0F040D040B080001020104030B0108D7
:10C80000010501040103010201000101020201030B
:10C8100001040405010601080A09020802060205CE
:10C8200004040800010201030404010303022000C0
:10C83000040002192C003A54401C343E260A0B0610
:10C84000010A010E01120A160112010E010A110657
:10C85000010703080109010A010B100C020B010A70
:10C860000309010A010B010C010D020E010D010C5F
:10C87000010A0109010808060B1A011E01230127FC
:10C880000A2C01360141014B045603550354014162
:10C89000062E014002520149013F0136012C0422BB
:10C8A00001210120021F011E011D051C012001257F
:10C8B0000129012E03330137013B013F01430248A7
:10C8C000014A014C014E0150015208540B510152D2
:10C8D000015401550A57015A015E01610265016464
:10C8E0000163016201610160035E01580651015F4D
:10C8F000026E01690163015E015806520451055040
:10C90000015201550157015A0E5D085E0C6201612A
:10C910000160015F015E015D015C075B015C015D1F
:10C92000035E025F01603B620B000102010401082B
:10C930000A0F010D010901080205010402030202A8
:10C94000030001030709170B020905080209020B7E
:10C950000108010501040103010208000B000102A6
:10C96000010301050A09010801050104030303028B
:10C97000010103000101060201030406020510047F
:10C980000203050201030104010502080106010476
:10C99000010302020300010604000E000B0107025E
:10C9A00002010A0001020304010302021600010150
:10C9B0000202010302040203030203000103040054
:10C9C0000800021B3A00060112001C1C1C021A1E61
:10C9D0001604020E0113041801150112010F010CB7
:10C9E000010907060108010A010D010F0812024999
:10C9F0000144043E014101450149014C01500754E5
:10CA0000014D0146013F01380830025D015B0458C9
:10CA10000159015A015B015C015D075E0158015239
:10CA2000014B0145083E1F6202000104040F010B87
:10CA300001060104010301020700020201040105CD
:10CA4000080902000104040D0109010601040103A3
:10CA500001020300010603000202010301040808A9
:10CA600002000102050401030302030001030300A5
:10CA7000010103020803027C1D00101818021A1C91
:10CA80000E040706010A010F011307180112010C19
:10CA90000806074201410140013F073E013C0139C0
:10CAA0000436013A013F01440149077901710169E6
:10CAB000016107580163016E04790174016E016917
:10CAC00001631B6206020100010201040108070F55
:10CAD000010B010804050104010301020100050026
:10CAE00001010100010201040106070D010B01080B
:10CAF0000405010401030102010007000202010311
:10CB00000704010301020800190002F18E8E8C2433
:10CB10006A765612051801150112010F010C010B5E
:10CB2000010A0109010805060108010B070E010DA4
:10CB3000010C010B010A0408010A010C010E01108D
:10CB4000081202110210020F020E010C010A010864
:10CB500006060108010B050E010F01100111091253
:10CB600002110210020F020E010C010A0108010657
:10CB70000109010C010F06120110010E010C010A3E
:10CB800001080306040A010C010F01120115071820
:10CB90000112010C0606010A010F04140110010B19
:10CBA0000606053E014101450149014C014A014883
:10CBB0000146014405420144014607480142013C47
:10CBC0000135012F0428012E0134013B01410848A1
:10CBD0000247024602450344024306420136012A47
:10CBE000041E0126012E0137013F09480247024673
:10CBF0000245024401450146014701490143013D07
:10CC000001370630013A0144014E01580162036DBB
:10CC10000156036D0164015B01510148073E013C6F
:10CC20000139063601330130042C012F013206365A
:10CC300005580159015A015B015C01610167016DF1
:10CC40000173057901700167075D015A01570153AE
:10CC50000150044C014E015101540157095A035B24
:10CC6000025C025D0164016B01720679017601725A
:10CC7000046E016A01660162015E0A5A035B025C8E
:10CC8000025D015E016001610163015A01510148C9
:10CC9000063E0144014B01510158015E04650370D9
:10CCA000016C01670162015D07580163016E06793D
:10CCB000016F016404590163016E067940620161EC
:10CCC000015F015D045B025A015902580257015687
:10CCD0000C550157015A015C025F0260026131622A
:10CCE000050F010B01060104010303020101050008
:10CCF00001020104090B020905080209010B100DCC
:10CD0000010801040102060001020104080B110DD3
:10CD100001080104010201000102010301050609E5
:10CD200001060104010302020300010903000102DC
:10CD3000010301050109070F010B010806050106A2
:10CD400001080409010801060605050D010901068F
:10CD500001040103030201010500010201040708A7
:10CD60000106020401030402010301040105010894
:10CD70000A0D040B0209010501030102060001026C
:10CD80000103040401050106010801090B0D040B50
:10CD9000020901050103010201000102010301046E
:10CDA0000608010601040103020203000106030054
:10CDB0000102010301040108070D010B010814051C
:10CDC0000604010305020101050002020704020333
:10CDD0000202040001010102010301040A05060424
:10CDE00001030202080004010202010301040B0511
:10CDF000060401030202010001010202070303020B
:10CE00000101030001040300010102020103070400
:10CE10000103010214000E0002190D00070318009F
:10CE200002191F0002F136003230361E303C260255
:10CE30000B06010A010E0A1202110210020F060E61
:10CE4000010C010A0108070601070108050A01098A
:10CE50000108010707060109010C010F0812021160
:10CE600007100B1A012901380A48024702460245F9
:10CE70000644013A012F0125071A012D01400F54E4
:10CE8000014B014201390630012E012C01290127F5
:10CE900007240B51015401570B5A035B025C065DDA
:10CEA000015A015701540751015A0164056E016A84
:10CEB00001660162075E0156014E0146063E0147CA
:10CEC0000151015A0164076E0C5B015A0159025865
:10CED000015701561155015601580159015B015D79
:10CEE000015E016028620902020001020105160DBF
:10CEF0000108010401030502020001020104050BFF
:10CF00000106010401020401010202000102010301
:10CF100001050A09070B08000101020001020105D1
:10CF20000C0D040B060901050103010204000101B7
:10CF300002000102010305060104010301020400CD
:10CF400001010200010201030104070802060105B4
:10CF500007040B00010201030C050A04010302028D
:10CF60000700010201030504010302020700010199
:10CF7000020207030302070152005E6C6A1A4C4E5C
:10CF80003E0A0A060108010A010D010F05120113EC
:10CF90000114011506160112010E010D010C010A02
:10CFA000010901080306050A010B010C010D050E1C
:10CFB000020F0610010E010B010905060109010C03
:10CFC000010F0312010F010C0109010808060612E6
:10CFD000021307140113011202110110010F030EB5
:10CFE0000A54014E01470140013904320131013038
:10CFF000012F012E062C0134013D0145014D015543
:10D00000015D0165036D0156036D0166015F015706
:10D01000015003480141013A0133012C0624012B40
:10D020000133013A0B4201430145014701450842E2
:10D030000432012E012A01260122061E01220127A7
:10D04000012C01310135013A013F03440A5E0158C8
:10D050000151014A0143043C01410146014C015187
:10D060000657015B026001610162016301640465AE
:10D070000370016D016901650161035D0160016378
:10D080000167016A066E017001730176057901720C
:10D09000016A0163035B015D015F0161016D087954
:10D0A000043C01410147014C015207580259015A01
:10D0B000025B015C035D136201610160025F015E5E
:10D0C000015D015C025B015C025D015E015F4C621F
:10D0D0000A000202010401050509020B010D060FF9
:10D0E0000109020401030302030001090300010214
:10D0F0000103010401060D0B0108010401030402F0
:10D100000100010201040106030D010801040202ED
:10D1100008010509020B010D0D0F030D06000106A4
:10D1200003000202010301040606020806090105C4
:10D1300002030302010103000106030002020103CE
:10D1400001040408020601050604010302020300AB
:10D1500001010100010201030105030B01060104A5
:10D160000202080006060208100906000103030077
:10D1700001010302050303020D0103000104030082
:10D180000101020201030304020302020901050076
:10D190000202010303040103020201010800040367
:10D1A000030201010D0003041E0002E22B0002F144
:10D1B00020001C1C16021A1E10040206010701089A
:10D1C0000109020A010C010F0112011507180114CF
:10D1D000010F010B07060249013D0131012502182B
:10D1E000011F0127012E0136073E01430149014E6F
:10D1F000075402630161015F015D045A0259075837
:10D200000159015B015C075E1C620200010201031F
:10D210000105040B020D070F0109010401030401BC
:10D2200001020200020002020103020401050106DC
:10D2300001080109070D01080104010204000101B0
:10D2400002000700010102020103070401030202B8
:10D25000070002F11A00262E2402162218060918C9
:10D2600001150112010F010C0709030A010B010C42
:10D27000010D010E06100111011201130114051612
:10D28000010E0606093E013C013A0138013603331E
:10D29000013901400146014D0354014B0141013860
:10D2A000012E0624012501270128012A052C012D24
:10D2B000062E09580159015A015B015C035D0160AA
:10D2C00001630167016A0D6E016A01650161015C1C
:10D2D00005570154065131620A0F010D010B010976
:10D2E000050802090F0B020D050F010D0609090DB6
:10D2F00001090106010401030402010302040506F9
:10D3000002050704010501060108050901040602DA
:10D310000A040103020203000101020201030404E2
:10D3200001030202100106000B00060120004C560A
:10D330005602444A2C0A0A060108010A010D010F8F
:10D34000021201110110010F030E010C010A010864
:10D350000A06010C01130B1A01150110010B070637
:10D360000109010C010F011201130114011501162D
:10D3700003180114010F010B01060107010801093F
:10D38000050A0A54014E01470140013901320136B4
:10D39000013A013F01430348013D01310126021AD0
:10D3A0000124012E01380542013A01310B280133D5
:10D3B000013E01490754014C0143013B0132013454
:10D3C00001360139013B033E0135012C0123011ACD
:10D3D00001280137014505540A5E01580151014AEF
:10D3E0000143013C01420149014F0156035D015ACD
:10D3F000015701540251015B0165016F0579016F0D
:10D4000001640B59015A015B015C075E0156014D35
:10D410000145013C01410147014C015203580157AC
:10D420000155015301510158015F0166056E5162BA
:10D430000A000202010401050509030B01060104AB
:10D4400001020A00010301060B0F01090104010397
:10D450000401010202000102010301050209020B9D
:10D46000010D030F01090104010201000102010382
:10D470000105050B06000106030002020103010479
:10D48000050603080105010301020A000102010467
:10D490000B0B01060104010204000101020001025C
:10D4A00001030104020601080109010B030D010833
:10D4B0000104010201000102010301040506060046
:10D4C0000103030001010302050303040103020237
:10D4D0000C000E0107000101020204030404010311
:10D4E000020201000202010305041F0002192600C6
:10D4F00002D3080044482A023E482A060B060107C8
:10D5000001080109030A010B010C010D020E010DB6
:10D51000010C010A010901080706010A010E0112A6
:10D52000011401160118071A0114010D0106010862
:10D53000010B030E010D010C010A01090108080687
:10D540000A540148013C0130012402180121012B39
:10D550000134013E0248014A014C014E0150015282
:10D560000754014C0143013A01360131012D0728CE
:10D57000012C01310136013C01420348014A014CB2
:10D58000014E0150015208540B5E015D015C015BCC
:10D59000035A025B015C075D075E015D015C025B93
:10D5A000025A07590163016E017901700167085D34
:10D5B000085E44620A000102010301040106080B2F
:10D5C0000108010501040103010207000102010332
:10D5D000010501060109010B070F01060103010006
:10D5E00001020104030B010801050104010301020A
:10D5F0000800060001060300010102020103030402
:10D6000002050106020801060104010302020300EB
:10D610000106030001020103020401060108070BD1
:10D6200001050103010001020104030801060104D0
:10D6300001030202030001060400060001030900C1
:10D6400001010202010302040203030203000103B9
:10D65000090009010100020203040203030203009E
:10D6600001030400230002F11F00344C3C022C385B
:10D670002A02081202110810021102120110010EF2
:10D68000010C010A01080906061202130314011015
:10D69000010B06060108010B030E010D010C010A26
:10D6A0000109010808060642013C01360130012A41
:10D6B0000624012A01300136013C0242014501489D
:10D6C000014B014E0151015401530151064F0432E7
:10D6D00001310130012F012E032C012F01320636BA
:10D6E000013C01420348014A014C014E01500152E4
:10D6F0000854065B015E01620166016A066E016BF9
:10D7000001670163015F035B025C025D015E016012
:10D7100001620665043C01410147014D0153035973
:10D720000163016E067901700167085D085E496258
:10D730000A0D0A0B020D0109010601040103010291
:10D7400009000B0901080106060501060108030B83
:10D75000010801050104010301020800060B01098B
:10D760000108010601050604010501060108010979
:10D77000020B01080105010401030102090008066A
:10D780000C0501060308010601040103020203005F
:10D79000010604000704010302020601020202035B
:10D7A00003040103030209000403030201010B0047
:10D7B0000202030402030302030001030400490000
:10D7C000323626023A3A2A020A12010E010A0606E7
:10D7D0000108010B080E010C010A01080E06010FD9
:10D7E00006180112010C01060108010B030E010DC0
:10D7F000010C010A0109010808060A42013E013A2A
:10D800000636013C01420848014B014E01510754C4
:10D810000141062E0136063E013C01390136013C2C
:10D8200001420348014A014C014E01500152085483
:10D830000A5B0165016F0679017001670B5D075E88
:10D8400001580651015406580163016E01790170B7
:10D850000167085D085E49620A0D010B01080605B3
:10D8600001060108080B010601040102040101027E
:10D87000020001030609010B060F01060103010066
:10D8800001020104030B0108010501040103010267
:10D8900008000A0B0109010807050106080801052F
:10D8A000010301020400010102000101060201045A
:10D8B000060D01060103010001020104030801062F
:10D8C0000104010302020300010604000A0401032B
:10D8D0000102060002020804010302020E00010216
:10D8E0000604010301020100020203040203030211
:10D8F00003000103040049004A4A4E0246522C0824
:10D9000009060109010D0110011402180117011582
:10D91000011401120610011101130114011603185C
:10D920000114010F010B0906010A010F0113081868
:10D930000114010F010B0706010A010E0112011665
:10D94000051A01150110010B0106096E0165015B45
:10D9500001520148023E01390134012F012A0624F7
:10D960000129012E01330138033E0135012C012329
:10D97000091A0123012C0135083E014A01560162B2
:10D98000076E01600152014401360528013001385B
:10D99000014001490670036E016A01660161015D83
:10D9A0000258015C016001650169066E016A016649
:10D9B0000161015D0358015701550153095101529D
:10D9C000015401560858015E0164016A0470036E37
:10D9D000016A01660162015E0559015B015E016039
:10D9E00001634E620601010202000102010301050A
:10D9F0000109040F020D080B020D030F01090104B8
:10DA000001020900010201040108080F01090104D3
:10DA100001030401010202000102010301050109E1
:10DA2000050F0109010401020100060001010200C5
:10DA30000102010301040108020D010B01090108A3
:10DA4000010606040105010601080109030D01088C
:10DA5000010401020900010201040106080D010888
:10DA6000010401020400010102000102010301049A
:10DA70000106050B01060104010201000900010174
:10DA8000020201030304010302020601020202036F
:10DA90000304010302020900020201030804010356
:10DAA00002020B00080101002900021B210002F103
:10DAB00046545226182628060B0A010B010C010DAC
:10DAC000010F0110011101120714011301120111BC
:10DAD0000810021105120113011401150116011796
:10DAE00001180119071A0119011701160114011370
:10DAF00001110110020E010C010A010806060518A9
:10DB000001240130013C01480254014E014701400B
:10DB100001390133012C0125061E011F01200121BD
:10DB20000122062401260129012C012F0532013191
:10DB3000012F012E012C012B012901280726012983
:10DB4000012D013101350138013C014003440243FC
:10DB50000642055A015E01620166016A026E016CAD
:10DB60000169016601630161015E015B0658015CA8
:10DB7000016001650169066E0165015B01520148A2
:10DB8000053E014101440147014B014E0151015441
:10DB900008580259015A025B015C025D0164016B85
:10DBA000017206792B6201610160015F015E015D16
:10DBB000015C015B015A0159015801570755055491
:10DBC00001560159015C015F05620E0B040D080F3F
:10DBD000020D120B040D0E0F020D010801040102CB
:10DBE00006000704020505060408070901080106E6
:10DBF000010507040105010601080C090E0B0209C5
:10DC000001050103010206000500010102020103F2
:10DC100003040203030201010A00060103020903CF
:10DC200004020801040202030204010302020600C6
:10DC300047000219020046444E3A3E38120E0B06C7
:10DC40000109010C010F121201110110020F010E46
:10DC5000010D020C010B010901080906010A010E60
:10DC60000112061601150114011301120510010E0F
:10DC7000010B010901060109010D01100314011036
:10DC8000010B06060B1A01200126012C0532012E7C
:10DC9000012A012601220B1E041D031C021B091A66
:10DCA000011E01230127062C012B01290128012631
:10DCB0000524012E01390144014F0147013E013580
:10DCC000032C012F013206360B51014C0147014252
:10DCD000053C01410147014C0152085801570156CA
:10DCE000015501540153015201510550095101528E
:10DCF000015401550657015B016001640169056E1D
:10DD0000016D016C016B016A01660162015E0359DC
:10DD10000163016E0679146202610160025F015EB7
:10DD2000025D015C065B055A015B015C015D015E01
:10DD3000015F0160066201610160015F015E015DDA
:10DD4000055B015C015D025E015F016001611362C0
:10DD50000B000102010301050609020B010D0B0F67
:10DD6000040D020B01060104010209000102010475
:10DD70000108080F020D050B010601040102010054
:10DD800001020103010503090108010606050B0054
:10DD9000010201030104070602080909020802063C
:10DDA0000205020401030202090001020103010548
:10DDB000070901080106010505040103020201002B
:10DDC000020201030B050B0001010202050303021D
:10DDD0000101200012010F000800021B2700021B96
:10DDE000150002E20E003E4238383A3C160C02069C
:10DDF0000108010A010C070E040D020C010B0109B8
:10DE0000010809060109010C010F0B12010E010A9C
:10DE10000706010B01100A1601140111010E010B76
:10DE20000408010A010D0110011303160249014003
:10DE30000137012E04240123012201210120011FA9
:10DE4000011E011D031C021B091A011F0125012AC5
:10DE50000B30013201340736013301300B2C012B1A
:10DE6000012A012905280129012A012B032C02631B
:10DE7000015F015B01570752045105500951014DE3
:10DE8000014801430B3E015101650779016E0163B1
:10DE90000A57015501530151014F044C014E0150E5
:10DEA0000152015403572D6202610160025F015E5D
:10DEB000035D015C015B015A01590158015701568C
:10DEC0000155015402550156015701580159015B92
:10DED000015C015D025E015F01600161036202009D
:10DEE000010201040108070F040D020B01060104E1
:10DEF000010209000102010301050B0901080106E5
:10DF000007050108010B0B0F010D010B01090508A5
:10DF10000109010B010D030F0200010201030105BC
:10DF200005090208020602050204010302020900B3
:10DF30000102010301040C0801060705010601089E
:10DF40000A09010801050104010305020103010496
:10DF50000106030905000B010E00010102020B037B
:10DF6000020209000E010800030102F11900021B60
:10DF70002600070306003A403602363E2C060A0603
:10DF800001070109010A030C020D080E010A060629
:10DF9000010F041801150112010F010C010B010AF8
:10DFA0000109010805060108010B030E010D010C12
:10DFB000010A0109010808060A54014A013F013417
:10DFC0000129012F0135013B01410848013B062E83
:10DFD0000136043E014101450149014C014A014815
:10DFE000014601440542014401460348014A014CEF
:10DFF000014E0150015208540A5E0161016401673B
:10E00000016A0168016501630160085D01570651FD
:10E01000015404580159015A015B015C0161016717
:10E02000016D0173057901700167085D085E456245
:10E030000A00010201030104020602080109090B9A
:10E040000609010B040F010B010601040103030281
:10E050000101050001020104030B0108010501048F
:10E06000010301020800060001060300010102028B
:10E070000103020401050106080801040602010467
:10E08000040D010901060104010303020101050059
:10E090000102010403080106010401030202030056
:10E0A000010604000600010307000101020201034A
:10E0B0000804010206000102050401030502010132
:10E0C000050002020304020303020300010304002B
:10E0D0002F00021914004644521E243A1E0C051249
:10E0E0000110010E010C010A01080C060109010CC6
:10E0F000010F091201110110020F010E010D030C95
:10E10000010D010E010F0810020F040E020F021084
:10E110000211061202110210020F020E010C010A76
:10E1200001080606054201450148014B014E015117
:10E1300007540149013D01320126011A011B011C4E
:10E14000011D0B1E041D021C011D011F01200122C7
:10E150000624012B013201390140104802470246D2
:10E160000245034402430642065B025C025D075E11
:10E17000015C0159015701540151015201540156EA
:10E1800008580157015601550154015301520151DC
:10E1900002500156015C01620168066E016B016864
:10E1A00001640161045D035C035B075A035B025C6D
:10E1B000025D0164016B0172067917620161016001
:10E1C000015F015E015D015C0E5B015C015D015E52
:10E1D000015F016001612862050D0109010601046A
:10E1E000010301020C000102010401080B0F040DE0
:10E1F0001A0B0E0D0108010401020600050B0108AF
:10E2000001050104010301020300010608000102E7
:10E210000103010509090208020602050D040205B1
:10E22000010604080309030B080D040B020901058C
:10E2300001030102060006040103030203000103B7
:10E2400020000601030201030A0408050604010375
:10E2500002020600120002F102D33F00021902007E
:10E26000443C4E02443C3A0C02060108010A010CEF
:10E27000070E010C01090E060109010C010F031222
:10E28000021303140110010B06060108010B040E12
:10E29000010C010A010801060108010A010C040E23
:10E2A000010C0109010601070108060A0549074892
:10E2B0000142013C05360142084F01480141013A43
:10E2C000013201310130012F012E032C012F0132C7
:10E2D0000636013C01420748044904480142013C1A
:10E2E00001360140014A0654026301620160015F88
:10E2F000075D0166016F0579016F0865015B0151DA
:10E300000147013C01410147014D0153035901639C
:10E31000016E067901700167045D015E01600161B3
:10E32000016301620160015F045D0166016F0179B3
:10E3300001760172066E4B620200010201030105C3
:10E34000070B01090108050501030800010201038B
:10E350000105080901080106060501060108040B6C
:10E360000106010401020100010201030105040B81
:10E3700001050103010001020104060B0200010274
:10E380000103010408080106050501030800010254
:10E390000103010405060C0501060408010501033B
:10E3A0000102010001020103010404080104010249
:10E3B000010001020103060602000101010201033E
:10E3C0000704010301020E0001010202010303021E
:10E3D00001010B0002020404010302020100010119
:10E3E000010201030404010301020100010201030F
:10E3F000060402F1180002721B0002F112004046EE
:10E400003A0220382A060706010A090E010C010902
:10E4100006060108010B090E010A0606010F051880
:10E4200001170115011401120810020F060E010D4B
:10E43000010C010B010A0309010B010D010F011170
:10E440000414010D0606072E013B09480142013C58
:10E450000636013C01420948013B062E0136053EC5
:10E4600001390134012F012A0624012B013201391F
:10E470000140064801440140013C013803330132A8
:10E480000131012F012E042C012D062E07510157B9
:10E49000095D0166016F067901700167095D015729
:10E4A000065101540558015C016001650169066E61
:10E4B000016B0168016401610E5D015C015B015A41
:10E4C0000459015506515B620809090B010901084D
:10E4D0000605010601080A0B0609010B070F020DCC
:10E4E000120B020907080B09070201040A080106BA
:10E4F000070501060908010406020104050D010BC8
:10E5000001090108010607040205010606080106C3
:10E5100002040103040202030104040501030602CC
:10E5200007000102090401030102060002020904B6
:10E5300001020600010206040103020206010302B1
:10E5400001030604020302021200470006010E0046
:10E5500028483E2A2624180604060109010C010F4A
:10E56000111202110210010F010E010D010C010A1E
:10E570000109010807060108010B010E051107102A
:10E5800002490132011A0124012E013805420140DD
:10E59000013E013C013901370135053201350138B1
:10E5A000013B013E014101440148014A014C014E39
:10E5B000015001520754014C0144013C0134013126
:10E5C000012E012B012807240263015A0151015336
:10E5D00001560158055B01570153014F014B01479B
:10E5E0000143053E01420146014B014F01540158D0
:10E5F000065D075E015D015C015B015A015E01621F
:10E600000166016A076E0262015F015B015A0159EE
:10E610000158015701560355015601570158015A37
:10E62000015B015C015E015F0160056209631662C6
:10E6300004000102010401060B0D0C0B0108010589
:10E6400001040103010207000202010402050106A0
:10E6500001080109070B04000102010301050B0B6E
:10E660000B0901080106010401030202030001066F
:10E6700003000101010201030C0404000202010372
:10E680000B040B03010402030302030001030B004C
:10E69000070102F102D33500363C421A2A3E260811
:10E6A00002060108010A010C050E020F0810020FF4
:10E6B000070E010C010A01080906010B01100716DB
:10E6C0000112010E010A01090108010705060109ED
:10E6D000010C010F0812021A01250131013C034807
:10E6E0000141013A0133012C0624012B0132013989
:10E6F00001400748013D01310126091A0120012688
:10E70000072C0133013A04410542013E013901352C
:10E710000830025101540157015A035D0160016341
:10E720000167016A066E016B016801640161075DA2
:10E73000015A015701540951015301550757015A14
:10E74000015D01600166016C01720579016B015C7C
:10E75000014D083E296201610160015F015E015DBA
:10E76000045B015C015D015E015F016011620200FA
:10E77000010201030105180B01080104010307024E
:10E78000020001030106070F01090104080201004C
:10E79000010201030105080902000102010301044D
:10E7A0000408020601050704020501060708010521
:10E7B0000103010206000101020001020104070930
:10E7C000010501030302010103000101010001022F
:10E7D000010301040808020001010102010303040E
:10E7E00002030202060103020103070401030202FD
:10E7F0000B000D01050001010202080302D33200E3
:10E8000002F112002A2A1E02181C0606091A011516
:10E810000110010B010A010901080506010A010F97
:10E82000031401120110010E010C030A010C010E68
:10E830000111011303160928012E0135013B013C8A
:10E84000013E01400542013B0134032C0128012413
:10E850000120011C0318011C012001240128032CA4
:10E860000959016101690171017301750177057928
:10E87000016F01640759045A02590158035727626E
:10E88000090F01090104030201010500010201044D
:10E890000709050B020D030F090B01060104030212
:10E8A0000101050001020103070504040105010639
:10E8B000010803090F0115000301100002191500DA
:10E8C000000000002A15000004020000C802000039
:10E8D0000A030000D403000096040000360500007F
:10E8E0000A060000F60600008A0800003A09000047
:10E8F000CC090000E80C00003A0E00007210000085
:10E9000016110000EE110000B41300002A150000DB
:10E9100080160000B817000070190000F61A0000F9
:10E92000A61C0000361E0000961F000020210000DB
:10E93000BE2200001024000058250000C42600005C
:10E9400002000200020402020202020206000402A5
:10E950000004020000040206040206060004040289
:10E9600000012F30000100010A0B161700010405F9
:10E9700008090001191A0E0F3C3D5D5E1E1F4B4C2D
:10E9800000011F2047482324292A4C4D47480809E5
:10E990003132484900011B1C2F30121314155556F3
:10E9A00000011A1B37380001020300013435101131
:10E9B0000000280002000400040006000A000C0009
:10E9C0000E0010001200140016001C001C00200095
:10E9D0002200220026002800280028002C002E00FB
:10E9E000340038003A004000460046004A004E001D
:10E9F000F8B500BFF8BC08BC9E467047F8B500BF2C
:10EA0000F8BC08BC9E4670474D4900080000000055
:10EA1000734A00080000000099450008000000004B
:10EA200099470008000000000D41000800000000A8
:10EA30008941000800000000FD41000800000000BE
:10EA40004943000800000000B9440008000000002D
:10EA5000FF000000297A00080000000051B0000803
:10EA60000000000051B000080000000051B0000894
:10EA70000000000051B000080000000051B0000884
:10EA800000000000C9B0000800000000C9B0000884
:10EA900000000000C9B0000800000000C9B0000874
:10EAA00000000000C9B0000800000000517B000811
:10EAB00000000000418A0008000000006D560008B8
:10EAC00000000000597D000800000000597D00088A
:10EAD00000000000597D000800000000597D00087A
:10EAE00000000000697F000800000000C56A0008FF
:10EAF00000000000BD8C000800000000B98E000876
:10EB00000000000065800008000000003D81000852
:10EB1000000000006582000800000000D1770008B6
:10EB200000000000DD610008000000005D6C0008CE
:10EB300000000000F56D000800000000918800084A
:10EB4000000000004D830008000000001966000866
:10EB500000000000F9860008000000007175000840
:10EB60000000000009570008000000005958000884
:10EB700000000000B15A00080000000065640008B1
:10EB80000000000065640008000000004D700008EF
:10EB900000000000B17100080000000015860008A8
:10EBA00000000000D973000800000000C5670008DD
:10EBB0000000000027920008000000009595000862
:10EBC000000000007792000800000000AF940008E9
:10EBD00000000000AD910008000000001F93000835
:10EBE000000000001F93000800000000F5930008DB
:10EBF00000000000F59300080000000039970008AD
:10EC00000000000039970008000000003997000854
:10EC10000000000039970008000000001998000863
:10EC20000000000019980008000000001998000872
:10EC30000000000019980008000000001998000862
:10EC40000000000019980008000000001998000852
:10EC50000000000019980008000000001998000842
:10EC60000000000019980008000000001998000832
:10EC70000000000019980008000000005D980008DE
:10EC80000000000019980008000000001998000812
:10EC90000000000019980008000000001998000802
:10ECA00000000000199800080000000019980008F2
:10ECB00000000000199800080000000019980008E2
:10ECC00000000000199800080000000019980008D2
:10ECD00000000000199800080000000019980008C2
:10ECE00000000000199800080000000019980008B2
:10ECF00000000000199800080000000019980008A2
:10ED00000000000019980008000000001998000891
:10ED10000000000019980008000000001998000881
:10ED20000000000019980008000000001998000871
:10ED30000000000019980008000000001998000861
:10ED40000000000019980008000000001998000851
:10ED50000000000019980008000000001998000841
:10ED60000000000019980008000000001998000831
:10ED700000000000199800080000000058AD0108CC
:10ED800024E00008C281010820DC000832F20008FB
:10ED900024E20008CC8B010828E60008D08F010887
:10EDA0002EEC0008E4960108CEA60108EA9C0108B2
:10EDB0002CEA00081ED8000822DE0008E6980108A8
:10EDC00036F6000821000000FFFFFFFFFFFFFFFFF6
:10EDD000FFFFFFFFFFFFFFFFFFFFFFFFFFFFFFFF43
:10EDE000FFFFFFFFFFFFFFFFFFFFFFFFFFFFFFFF33
:10EDF000FFFFFFFFFFFFFFFFFFFFFFFFFFFFFFFF23
:10EE0000FFFFFFFFFFFFFFFFFFFFFFFFFFFFFFFF12
:10EE1000FFFFFFFFFFFFFFFFFFFFFFFFFFFFFFFF02
:10EE2000FFFFFFFFFFFFFFFFFFFFFFFFFFFFFFFFF2
:10EE3000FFFFFFFFFFFFFFFFFFFFFFFFFFFFFFFFE2
:10EE4000FFFFFFFFFFFFFFFFFFFFFFFFFFFFFFFFD2
:10EE5000FFFFFFFFFFFFFFFFFFFFFFFFFFFFFFFFC2
:10EE6000FFFFFFFFFFFFFFFFFFFFFFFFFFFFFFFFB2
:10EE7000FFFFFFFFFFFFFFFFFFFFFFFFFFFFFFFFA2
:10EE8000FFFFFFFFFFFFFFFFFFFFFFFFFFFFFFFF92
:10EE9000FFFFFFFFFFFFFFFFFFFFFFFFFFFFFFFF82
:10EEA000FFFFFFFFFFFFFFFFFFFFFFFFFFFFFFFF72
:10EEB000FFFFFFFFFFFFFFFFFFFFFFFFFFFFFFFF62
:10EEC000FFFFFFFFFFFFFFFFFFFFFFFFFFFFFFFF52
:10EED000FFFFFFFFFFFFFFFFFFFFFFFFFFFFFFFF42
:10EEE000FFFFFFFFFFFFFFFFFFFFFFFFFFFFFFFF32
:10EEF000FFFFFFFFFFFFFFFFFFFFFFFFFFFFFFFF22
:10EF0000FFFFFFFFFFFFFFFFFFFFFFFFFFFFFFFF11
:10EF1000FFFFFFFFFFFFFFFFFFFFFFFFFFFFFFFF01
:10EF2000FFFFFFFFFFFFFFFFFFFFFFFFFFFFFFFFF1
:10EF3000FFFFFFFFFFFFFFFFFFFFFFFFFFFFFFFFE1
:10EF4000FFFFFFFFFFFFFFFFFFFFFFFFFFFFFFFFD1
:10EF5000FFFFFFFFFFFFFFFFFFFFFFFFFFFFFFFFC1
:10EF6000FFFFFFFFFFFFFFFFFFFFFFFFFFFFFFFFB1
:10EF7000FFFFFFFFFFFFFFFFFFFFFFFFFFFFFFFFA1
:10EF8000FFFFFFFFFFFFFFFFFFFFFFFFFFFFFFFF91
:10EF9000FFFFFFFFFFFFFFFFFFFFFFFFFFFFFFFF81
:10EFA000FFFFFFFFFFFFFFFFFFFFFFFFFFFFFFFF71
:10EFB000FFFFFFFFFFFFFFFFFFFFFFFFFFFFFFFF61
:10EFC000FFFFFFFFFFFFFFFFFFFFFFFFFFFFFFFF51
:10EFD000FFFFFFFFFFFFFFFFFFFFFFFFFFFFFFFF41
:10EFE000FFFFFFFFFFFFFFFFFFFFFFFFFFFFFFFF31
:10EFF000FFFFFFFFFFFFFFFFFFFFFFFFFFFFFFFF21
:10F00000FFFFFFFFFFFFFFFFFFFFFFFFFFFFFFFF10
:10F01000FFFFFFFFFFFFFFFFFFFFFFFFFFFFFFFF00
:10F02000FFFFFFFFFFFFFFFFFFFFFFFFFFFFFFFFF0
:10F03000FFFFFFFFFFFFFFFFFFFFFFFFFFFFFFFFE0
:10F04000FFFFFFFFFFFFFFFFFFFFFFFFFFFFFFFFD0
:10F05000FFFFFFFFFFFFFFFFFFFFFFFFFFFFFFFFC0
:10F06000FFFFFFFFFFFFFFFFFFFFFFFFFFFFFFFFB0
:10F07000FFFFFFFFFFFFFFFFFFFFFFFFFFFFFFFFA0
:10F08000FFFFFFFFFFFFFFFFFFFFFFFFFFFFFFFF90
:10F09000FFFFFFFFFFFFFFFFFFFFFFFFFFFFFFFF80
:10F0A000FFFFFFFFFFFFFFFFFFFFFFFFFFFFFFFF70
:10F0B000FFFFFFFFFFFFFFFFFFFFFFFFFFFFFFFF60
:10F0C000FFFFFFFFFFFFFFFFFFFFFFFFFFFFFFFF50
:10F0D000FFFFFFFFFFFFFFFFFFFFFFFFFFFFFFFF40
:10F0E000FFFFFFFFFFFFFFFFFFFFFFFFFFFFFFFF30
:10F0F000FFFFFFFFFFFFFFFFFFFFFFFFFFFFFFFF20
:10F10000FFFFFFFFFFFFFFFFFFFFFFFFFFFFFFFF0F
:10F11000FFFFFFFFFFFFFFFFFFFFFFFFFFFFFFFFFF
:10F12000FFFFFFFFFFFFFFFFFFFFFFFFFFFFFFFFEF
:10F13000FFFFFFFFFFFFFFFFFFFFFFFFFFFFFFFFDF
:10F14000FFFFFFFFFFFFFFFFFFFFFFFFFFFFFFFFCF
:10F15000FFFFFFFFFFFFFFFFFFFFFFFFFFFFFFFFBF
:10F16000FFFFFFFFFFFFFFFFFFFFFFFFFFFFFFFFAF
:10F17000FFFFFFFFFFFFFFFFFFFFFFFFFFFFFFFF9F
:10F18000FFFFFFFFFFFFFFFFFFFFFFFFFFFFFFFF8F
:10F19000FFFFFFFFFFFFFFFFFFFFFFFFFFFFFFFF7F
:10F1A000FFFFFFFFFFFFFFFFFFFFFFFFFFFFFFFF6F
:10F1B000FFFFFFFFFFFFFFFFFFFFFFFFFFFFFFFF5F
:10F1C000FFFFFFFFFFFFFFFFFFFFFFFFFFFFFFFF4F
:10F1D000FFFFFFFFFFFFFFFFFFFFFFFFFFFFFFFF3F
:10F1E000FFFFFFFFFFFFFFFFFFFFFFFFFFFFFFFF2F
:10F1F000FFFFFFFFFFFFFFFFFFFFFFFFFFFFFFFF1F
:10F20000FFFFFFFFFFFFFFFFFFFFFFFFFFFFFFFF0E
:10F21000FFFFFFFFFFFFFFFFFFFFFFFFFFFFFFFFFE
:10F22000FFFFFFFFFFFFFFFFFFFFFFFFFFFFFFFFEE
:10F23000FFFFFFFFFFFFFFFFFFFFFFFFFFFFFFFFDE
:10F24000FFFFFFFFFFFFFFFFFFFFFFFFFFFFFFFFCE
:10F25000FFFFFFFFFFFFFFFFFFFFFFFFFFFFFFFFBE
:10F26000FFFFFFFFFFFFFFFFFFFFFFFFFFFFFFFFAE
:10F27000FFFFFFFFFFFFFFFFFFFFFFFFFFFFFFFF9E
:10F28000FFFFFFFFFFFFFFFFFFFFFFFFFFFFFFFF8E
:10F29000FFFFFFFFFFFFFFFFFFFFFFFFFFFFFFFF7E
:10F2A000FFFFFFFFFFFFFFFFFFFFFFFFFFFFFFFF6E
:10F2B000FFFFFFFFFFFFFFFFFFFFFFFFFFFFFFFF5E
:10F2C000FFFFFFFFFFFFFFFFFFFFFFFFFFFFFFFF4E
:10F2D000FFFFFFFFFFFFFFFFFFFFFFFFFFFFFFFF3E
:10F2E000FFFFFFFFFFFFFFFFFFFFFFFFFFFFFFFF2E
:10F2F000FFFFFFFFFFFFFFFFFFFFFFFFFFFFFFFF1E
:10F30000FFFFFFFFFFFFFFFFFFFFFFFFFFFFFFFF0D
:10F31000FFFFFFFFFFFFFFFFFFFFFFFFFFFFFFFFFD
:10F32000FFFFFFFFFFFFFFFFFFFFFFFFFFFFFFFFED
:10F33000FFFFFFFFFFFFFFFFFFFFFFFFFFFFFFFFDD
:10F34000FFFFFFFFFFFFFFFFFFFFFFFFFFFFFFFFCD
:10F35000FFFFFFFFFFFFFFFFFFFFFFFFFFFFFFFFBD
:10F36000FFFFFFFFFFFFFFFFFFFFFFFFFFFFFFFFAD
:10F37000FFFFFFFFFFFFFFFFFFFFFFFFFFFFFFFF9D
:10F38000FFFFFFFFFFFFFFFFFFFFFFFFFFFFFFFF8D
:10F39000FFFFFFFFFFFFFFFFFFFFFFFFFFFFFFFF7D
:10F3A000FFFFFFFFFFFFFFFFFFFFFFFFFFFFFFFF6D
:10F3B000FFFFFFFFFFFFFFFFFFFFFFFFFFFFFFFF5D
:10F3C000FFFFFFFFFFFFFFFFFFFFFFFFFFFFFFFF4D
:10F3D000FFFFFFFFFFFFFFFFFFFFFFFFFFFFFFFF3D
:10F3E000FFFFFFFFFFFFFFFFFFFFFFFFFFFFFFFF2D
:10F3F000FFFFFFFFFFFFFFFFFFFFFFFFFFFFFFFF1D
:10F40000FFFFFFFFFFFFFFFFFFFFFFFFFFFFFFFF0C
:10F41000FFFFFFFFFFFFFFFFFFFFFFFFFFFFFFFFFC
:10F42000FFFFFFFFFFFFFFFFFFFFFFFFFFFFFFFFEC
:10F43000FFFFFFFFFFFFFFFFFFFFFFFFFFFFFFFFDC
:10F44000FFFFFFFFFFFFFFFFFFFFFFFFFFFFFFFFCC
:10F45000FFFFFFFFFFFFFFFFFFFFFFFFFFFFFFFFBC
:10F46000FFFFFFFFFFFFFFFFFFFFFFFFFFFFFFFFAC
:10F47000FFFFFFFFFFFFFFFFFFFFFFFFFFFFFFFF9C
:10F48000FFFFFFFFFFFFFFFFFFFFFFFFFFFFFFFF8C
:10F49000FFFFFFFFFFFFFFFFFFFFFFFFFFFFFFFF7C
:10F4A000FFFFFFFFFFFFFFFFFFFFFFFFFFFFFFFF6C
:10F4B000FFFFFFFFFFFFFFFFFFFFFFFFFFFFFFFF5C
:10F4C000FFFFFFFFFFFFFFFFFFFFFFFFFFFFFFFF4C
:10F4D000FFFFFFFFFFFFFFFFFFFFFFFFFFFFFFFF3C
:10F4E000FFFFFFFFFFFFFFFFFFFFFFFFFFFFFFFF2C
:10F4F000FFFFFFFFFFFFFFFFFFFFFFFFFFFFFFFF1C
:10F50000FFFFFFFFFFFFFFFFFFFFFFFFFFFFFFFF0B
:10F51000FFFFFFFFFFFFFFFFFFFFFFFFFFFFFFFFFB
:10F52000FFFFFFFFFFFFFFFFFFFFFFFFFFFFFFFFEB
:10F53000FFFFFFFFFFFFFFFFFFFFFFFFFFFFFFFFDB
:10F54000FFFFFFFFFFFFFFFFFFFFFFFFFFFFFFFFCB
:10F55000FFFFFFFFFFFFFFFFFFFFFFFFFFFFFFFFBB
:10F56000FFFFFFFFFFFFFFFFFFFFFFFFFFFFFFFFAB
:10F57000FFFFFFFFFFFFFFFFFFFFFFFFFFFFFFFF9B
:10F58000FFFFFFFFFFFFFFFFFFFFFFFFFFFFFFFF8B
:10F59000FFFFFFFFFFFFFFFFFFFFFFFFFFFFFFFF7B
:10F5A000FFFFFFFFFFFFFFFFFFFFFFFFFFFFFFFF6B
:10F5B000FFFFFFFFFFFFFFFFFFFFFFFFFFFFFFFF5B
:10F5C000FFFFFFFFFFFFFFFFFFFFFFFFFFFFFFFF4B
:10F5D000FFFFFFFFFFFFFFFFFFFFFFFFFFFFFFFF3B
:10F5E000FFFFFFFFFFFFFFFFFFFFFFFFFFFFFFFF2B
:10F5F000FFFFFFFFFFFFFFFFFFFFFFFFFFFFFFFF1B
:10F60000FFFFFFFFFFFFFFFFFFFFFFFFFFFFFFFF0A
:10F61000FFFFFFFFFFFFFFFFFFFFFFFFFFFFFFFFFA
:10F62000FFFFFFFFFFFFFFFFFFFFFFFFFFFFFFFFEA
:10F63000FFFFFFFFFFFFFFFFFFFFFFFFFFFFFFFFDA
:10F64000FFFFFFFFFFFFFFFFFFFFFFFFFFFFFFFFCA
:10F65000FFFFFFFFFFFFFFFFFFFFFFFFFFFFFFFFBA
:10F66000FFFFFFFFFFFFFFFFFFFFFFFFFFFFFFFFAA
:10F67000FFFFFFFFFFFFFFFFFFFFFFFFFFFFFFFF9A
:10F68000FFFFFFFFFFFFFFFFFFFFFFFFFFFFFFFF8A
:10F69000FFFFFFFFFFFFFFFFFFFFFFFFFFFFFFFF7A
:10F6A000FFFFFFFFFFFFFFFFFFFFFFFFFFFFFFFF6A
:10F6B000FFFFFFFFFFFFFFFFFFFFFFFFFFFFFFFF5A
:10F6C000FFFFFFFFFFFFFFFFFFFFFFFFFFFFFFFF4A
:10F6D000FFFFFFFFFFFFFFFFFFFFFFFFFFFFFFFF3A
:10F6E000FFFFFFFFFFFFFFFFFFFFFFFFFFFFFFFF2A
:10F6F000FFFFFFFFFFFFFFFFFFFFFFFFFFFFFFFF1A
:10F70000FFFFFFFFFFFFFFFFFFFFFFFFFFFFFFFF09
:10F71000FFFFFFFFFFFFFFFFFFFFFFFFFFFFFFFFF9
:10F72000FFFFFFFFFFFFFFFFFFFFFFFFFFFFFFFFE9
:10F73000FFFFFFFFFFFFFFFFFFFFFFFFFFFFFFFFD9
:10F74000FFFFFFFFFFFFFFFFFFFFFFFFFFFFFFFFC9
:10F75000FFFFFFFFFFFFFFFFFFFFFFFFFFFFFFFFB9
:10F76000FFFFFFFFFFFFFFFFFFFFFFFFFFFFFFFFA9
:10F77000FFFFFFFFFFFFFFFFFFFFFFFFFFFFFFFF99
:10F78000FFFFFFFFFFFFFFFFFFFFFFFFFFFFFFFF89
:10F79000FFFFFFFFFFFFFFFFFFFFFFFFFFFFFFFF79
:10F7A000FFFFFFFFFFFFFFFFFFFFFFFFFFFFFFFF69
:10F7B000FFFFFFFFFFFFFFFFFFFFFFFFFFFFFFFF59
:10F7C000FFFFFFFFFFFFFFFFFFFFFFFFFFFFFFFF49
:10F7D000FFFFFFFFFFFFFFFFFFFFFFFFFFFFFFFF39
:10F7E000FFFFFFFFFFFFFFFFFFFFFFFFFFFFFFFF29
:10F7F000FFFFFFFFFFFFFFFFFFFFFFFFFFFFFFFF19
:10F80000FFFFFFFFFFFFFFFFFFFFFFFFFFFFFFFF08
:10F81000FFFFFFFFFFFFFFFFFFFFFFFFFFFFFFFFF8
:10F82000FFFFFFFFFFFFFFFFFFFFFFFFFFFFFFFFE8
:10F83000FFFFFFFFFFFFFFFFFFFFFFFFFFFFFFFFD8
:10F84000FFFFFFFFFFFFFFFFFFFFFFFFFFFFFFFFC8
:10F85000FFFFFFFFFFFFFFFFFFFFFFFFFFFFFFFFB8
:10F86000FFFFFFFFFFFFFFFFFFFFFFFFFFFFFFFFA8
:10F87000FFFFFFFFFFFFFFFFFFFFFFFFFFFFFFFF98
:10F88000FFFFFFFFFFFFFFFFFFFFFFFFFFFFFFFF88
:10F89000FFFFFFFFFFFFFFFFFFFFFFFFFFFFFFFF78
:10F8A000FFFFFFFFFFFFFFFFFFFFFFFFFFFFFFFF68
:10F8B000FFFFFFFFFFFFFFFFFFFFFFFFFFFFFFFF58
:10F8C000FFFFFFFFFFFFFFFFFFFFFFFFFFFFFFFF48
:10F8D000FFFFFFFFFFFFFFFFFFFFFFFFFFFFFFFF38
:10F8E000FFFFFFFFFFFFFFFFFFFFFFFFFFFFFFFF28
:10F8F000FFFFFFFFFFFFFFFFFFFFFFFFFFFFFFFF18
:10F90000FFFFFFFFFFFFFFFFFFFFFFFFFFFFFFFF07
:10F91000FFFFFFFFFFFFFFFFFFFFFFFFFFFFFFFFF7
:10F92000FFFFFFFFFFFFFFFFFFFFFFFFFFFFFFFFE7
:10F93000FFFFFFFFFFFFFFFFFFFFFFFFFFFFFFFFD7
:10F94000FFFFFFFFFFFFFFFFFFFFFFFFFFFFFFFFC7
:10F95000FFFFFFFFFFFFFFFFFFFFFFFFFFFFFFFFB7
:10F96000FFFFFFFFFFFFFFFFFFFFFFFFFFFFFFFFA7
:10F97000FFFFFFFFFFFFFFFFFFFFFFFFFFFFFFFF97
:10F98000FFFFFFFFFFFFFFFFFFFFFFFFFFFFFFFF87
:10F99000FFFFFFFFFFFFFFFFFFFFFFFFFFFFFFFF77
:10F9A000FFFFFFFFFFFFFFFFFFFFFFFFFFFFFFFF67
:10F9B000FFFFFFFFFFFFFFFFFFFFFFFFFFFFFFFF57
:10F9C000FFFFFFFFFFFFFFFFFFFFFFFFFFFFFFFF47
:10F9D000FFFFFFFFFFFFFFFFFFFFFFFFFFFFFFFF37
:10F9E000FFFFFFFFFFFFFFFFFFFFFFFFFFFFFFFF27
:10F9F000FFFFFFFFFFFFFFFFFFFFFFFFFFFFFFFF17
:10FA0000FFFFFFFFFFFFFFFFFFFFFFFFFFFFFFFF06
:10FA1000FFFFFFFFFFFFFFFFFFFFFFFFFFFFFFFFF6
:10FA2000FFFFFFFFFFFFFFFFFFFFFFFFFFFFFFFFE6
:10FA3000FFFFFFFFFFFFFFFFFFFFFFFFFFFFFFFFD6
:10FA4000FFFFFFFFFFFFFFFFFFFFFFFFFFFFFFFFC6
:10FA5000FFFFFFFFFFFFFFFFFFFFFFFFFFFFFFFFB6
:10FA6000FFFFFFFFFFFFFFFFFFFFFFFFFFFFFFFFA6
:10FA7000FFFFFFFFFFFFFFFFFFFFFFFFFFFFFFFF96
:10FA8000FFFFFFFFFFFFFFFFFFFFFFFFFFFFFFFF86
:10FA9000FFFFFFFFFFFFFFFFFFFFFFFFFFFFFFFF76
:10FAA000FFFFFFFFFFFFFFFFFFFFFFFFFFFFFFFF66
:10FAB000FFFFFFFFFFFFFFFFFFFFFFFFFFFFFFFF56
:10FAC000FFFFFFFFFFFFFFFFFFFFFFFFFFFFFFFF46
:10FAD000FFFFFFFFFFFFFFFFFFFFFFFFFFFFFFFF36
:10FAE000FFFFFFFFFFFFFFFFFFFFFFFFFFFFFFFF26
:10FAF000FFFFFFFFFFFFFFFFFFFFFFFFFFFFFFFF16
:10FB0000FFFFFFFFFFFFFFFFFFFFFFFFFFFFFFFF05
:10FB1000FFFFFFFFFFFFFFFFFFFFFFFFFFFFFFFFF5
:10FB2000FFFFFFFFFFFFFFFFFFFFFFFFFFFFFFFFE5
:10FB3000FFFFFFFFFFFFFFFFFFFFFFFFFFFFFFFFD5
:10FB4000FFFFFFFFFFFFFFFFFFFFFFFFFFFFFFFFC5
:10FB5000FFFFFFFFFFFFFFFFFFFFFFFFFFFFFFFFB5
:10FB6000FFFFFFFFFFFFFFFFFFFFFFFFFFFFFFFFA5
:10FB7000FFFFFFFFFFFFFFFFFFFFFFFFFFFFFFFF95
:10FB8000FFFFFFFFFFFFFFFFFFFFFFFFFFFFFFFF85
:10FB9000FFFFFFFFFFFFFFFFFFFFFFFFFFFFFFFF75
:10FBA000FFFFFFFFFFFFFFFFFFFFFFFFFFFFFFFF65
:10FBB000FFFFFFFFFFFFFFFFFFFFFFFFFFFFFFFF55
:10FBC000FFFFFFFFFFFFFFFFFFFFFFFFFFFFFFFF45
:10FBD000FFFFFFFFFFFFFFFFFFFFFFFFFFFFFFFF35
:10FBE000FFFFFFFFFFFFFFFFFFFFFFFFFFFFFFFF25
:10FBF000FFFFFFFFFFFFFFFFFFFFFFFFFFFFFFFF15
:10FC0000FFFFFFFFFFFFFFFFFFFFFFFFFFFFFFFF04
:10FC1000FFFFFFFFFFFFFFFFFFFFFFFFFFFFFFFFF4
:10FC2000FFFFFFFFFFFFFFFFFFFFFFFFFFFFFFFFE4
:10FC3000FFFFFFFFFFFFFFFFFFFFFFFFFFFFFFFFD4
:10FC4000FFFFFFFFFFFFFFFFFFFFFFFFFFFFFFFFC4
:10FC5000FFFFFFFFFFFFFFFFFFFFFFFFFFFFFFFFB4
:10FC6000FFFFFFFFFFFFFFFFFFFFFFFFFFFFFFFFA4
:10FC7000FFFFFFFFFFFFFFFFFFFFFFFFFFFFFFFF94
:10FC8000FFFFFFFFFFFFFFFFFFFFFFFFFFFFFFFF84
:10FC9000FFFFFFFFFFFFFFFFFFFFFFFFFFFFFFFF74
:10FCA000FFFFFFFFFFFFFFFFFFFFFFFFFFFFFFFF64
:10FCB000FFFFFFFFFFFFFFFFFFFFFFFFFFFFFFFF54
:10FCC000FFFFFFFFFFFFFFFFFFFFFFFFFFFFFFFF44
:10FCD000FFFFFFFFFFFFFFFFFFFFFFFFFFFFFFFF34
:10FCE000FFFFFFFFFFFFFFFFFFFFFFFFFFFFFFFF24
:10FCF000FFFFFFFFFFFFFFFFFFFFFFFFFFFFFFFF14
:10FD0000FFFFFFFFFFFFFFFFFFFFFFFFFFFFFFFF03
:10FD1000FFFFFFFFFFFFFFFFFFFFFFFFFFFFFFFFF3
:10FD2000FFFFFFFFFFFFFFFFFFFFFFFFFFFFFFFFE3
:10FD3000FFFFFFFFFFFFFFFFFFFFFFFFFFFFFFFFD3
:10FD4000FFFFFFFFFFFFFFFFFFFFFFFFFFFFFFFFC3
:10FD5000FFFFFFFFFFFFFFFFFFFFFFFFFFFFFFFFB3
:10FD6000FFFFFFFFFFFFFFFFFFFFFFFFFFFFFFFFA3
:10FD7000FFFFFFFFFFFFFFFFFFFFFFFFFFFFFFFF93
:10FD8000FFFFFFFFFFFFFFFFFFFFFFFFFFFFFFFF83
:10FD9000FFFFFFFFFFFFFFFFFFFFFFFFFFFFFFFF73
:10FDA000FFFFFFFFFFFFFFFFFFFFFFFFFFFFFFFF63
:10FDB000FFFFFFFFFFFFFFFFFFFFFFFFFFFFFFFF53
:10FDC000FFFFFFFFFFFFFFFFFFFFFFFFFFFFFFFF43
:10FDD000FFFFFFFFFFFFFFFFFFFFFFFFFFFFFFFF33
:10FDE000FFFFFFFFFFFFFFFFFFFFFFFFFFFFFFFF23
:10FDF000FFFFFFFFFFFFFFFFFFFFFFFFFFFFFFFF13
:10FE0000FFFFFFFFFFFFFFFFFFFFFFFFFFFFFFFF02
:10FE1000FFFFFFFFFFFFFFFFFFFFFFFFFFFFFFFFF2
:10FE2000FFFFFFFFFFFFFFFFFFFFFFFFFFFFFFFFE2
:10FE3000FFFFFFFFFFFFFFFFFFFFFFFFFFFFFFFFD2
:10FE4000FFFFFFFFFFFFFFFFFFFFFFFFFFFFFFFFC2
:10FE5000FFFFFFFFFFFFFFFFFFFFFFFFFFFFFFFFB2
:10FE6000FFFFFFFFFFFFFFFFFFFFFFFFFFFFFFFFA2
:10FE7000FFFFFFFFFFFFFFFFFFFFFFFFFFFFFFFF92
:10FE8000FFFFFFFFFFFFFFFFFFFFFFFFFFFFFFFF82
:10FE9000FFFFFFFFFFFFFFFFFFFFFFFFFFFFFFFF72
:10FEA000FFFFFFFFFFFFFFFFFFFFFFFFFFFFFFFF62
:10FEB000FFFFFFFFFFFFFFFFFFFFFFFFFFFFFFFF52
:10FEC000FFFFFFFFFFFFFFFFFFFFFFFFFFFFFFFF42
:10FED000FFFFFFFFFFFFFFFFFFFFFFFFFFFFFFFF32
:10FEE000FFFFFFFFFFFFFFFFFFFFFFFFFFFFFFFF22
:10FEF000FFFFFFFFFFFFFFFFFFFFFFFFFFFFFFFF12
:10FF0000FFFFFFFFFFFFFFFFFFFFFFFFFFFFFFFF01
:10FF1000FFFFFFFFFFFFFFFFFFFFFFFFFFFFFFFFF1
:10FF2000FFFFFFFFFFFFFFFFFFFFFFFFFFFFFFFFE1
:10FF3000FFFFFFFFFFFFFFFFFFFFFFFFFFFFFFFFD1
:10FF4000FFFFFFFFFFFFFFFFFFFFFFFFFFFFFFFFC1
:10FF5000FFFFFFFFFFFFFFFFFFFFFFFFFFFFFFFFB1
:10FF6000FFFFFFFFFFFFFFFFFFFFFFFFFFFFFFFFA1
:10FF7000FFFFFFFFFFFFFFFFFFFFFFFFFFFFFFFF91
:10FF8000FFFFFFFFFFFFFFFFFFFFFFFFFFFFFFFF81
:10FF9000FFFFFFFFFFFFFFFFFFFFFFFFFFFFFFFF71
:10FFA000FFFFFFFFFFFFFFFFFFFFFFFFFFFFFFFF61
:10FFB000FFFFFFFFFFFFFFFFFFFFFFFFFFFFFFFF51
:10FFC000FFFFFFFFFFFFFFFFFFFFFFFFFFFFFFFF41
:10FFD000FFFFFFFFFFFFFFFFFFFFFFFFFFFFFFFF31
:10FFE000FFFFFFFFFFFFFFFFFFFFFFFFFFFFFFFF21
:10FFF000FFFFFFFFFFFFFFFFFFFFFFFFFFFFFFFF11
:0400000508004000AF
:00000001FF
