:020000040800F2
:10400000C005002051C900080D4F0008054F0008E9
:10401000074F0008094F00080B4F00080000000080
:104020000000000000000000000000000F4F00082A
:10403000114F000800000000134F0008154F000842
:1040400099C9000899C9000899C9000899C90008C8
:1040500099C9000899C9000899C9000899C90008B8
:1040600099C9000899C9000899C9000899C90008A8
:1040700099C9000899C9000899C9000899C9000898
:1040800099C9000899C9000899C9000899C9000888
:1040900099C9000899C9000899C9000899C9000878
:1040A00099C90008214F000899C9000899C900085A
:1040B00099C9000899C9000899C9000899C9000858
:1040C00099C9000899C9000899C9000899C9000848
:1040D00099C9000899C9000899C9000899C9000838
:1040E00099C9000899C9000899C900080000000092
:1040F00000000000000000000000000000000000C0
:1041000000000000000000005FF808F12DE9F04712
:1041100085684668089FB54203D2761BB6FBF7F662
:1041200003E0AE1BB6FBF7F6F6430468AC4600238B
:10413000BB4223D011F80380B444B8F1000F18BF7C
:1041400000244FEA5C0844444FEA1449444449F3CC
:10415000C03A4FEA14488AEA490948F3C03A8AEA61
:104160004808A9F50049A8F5004848F34E0849F366
:104170004E09C84422F813800133D9E703FB0653E4
:1041800004608360BDE8F0872DE9F04785684668E4
:104190009246B542089F036803D2761BB6FBF7F63A
:1041A00003E0AE1BB6FBF7F6F643AC460024BC4278
:1041B0001BD00A5DB4440AB9634400E000230E4AF0
:1041C0004FEA136932F81980023232F919900FFA66
:1041D00088F2C2EB0902C3F30F2909FB02F208EBD4
:1041E00022482AF814800134E1E704FB06540360F6
:1041F0008460BDE8F08700BF1A8201082DE9F04F06
:104200008368446889B0A342D0F800C004D2129DEC
:10421000E41AB4FBF5FB05E0129E1C1BB4FBF6F49C
:104220006FEA040B129D47F6FF74B0F91090B4FBCF
:10423000F5F4B0F90E50129EC9EB050565430E4426
:10424000CDF810900595069603950293069DA94218
:104250006DD0039DDDF810A04FF4F0460AEBE53475
:10426000DDF80890664311F8014BD944002C4FEA61
:10427000590718BF4FF0000CBC444FEA1C4444F3EC
:10428000C03585EA4404F613A4F5004406F500663B
:1042900036B2CDF808900FFA84F906FB09F94FEA17
:1042A000E939A9F50049274C1FFA89F94FEA292A6B
:1042B00034F81A80A51C35F91AA00096BC440FFAF0
:1042C00088F6C6EB0A0A5FFA89F94FEA1C47CDF86F
:1042D0001CA009FB0AFA47F3C03989EA4707A7F58A
:1042E0000047DDF800903FB209FB07F6F61308EB34
:1042F0002A28A6F5004648F34E08B6B2A2F8008078
:10430000371234F8174035F9177025B27D1BF6B215
:104310007543DDF80CA004EB2525059C45F34E05FF
:10432000A844A24422F8028BCDF80CA08EE7129E7E
:10433000C28906FB0B3302828360C0F800C009B05B
:10434000BDE8F08F208801082DE9F04F8BB0049272
:10435000836842680568934204D2149CD21AB2FB67
:10436000F4FB05E0149E9A1AB2FBF6F26FEA020B18
:10437000149C47F6FF72B0F91070B2FBF4F2B0F97A
:104380000E40149EE41B54430E4405970794089670
:1043900003940293089FB9427DD0029FDDF80CC0C0
:1043A000DDF814A05F440AEBEC3202974FF4F047BB
:1043B000574311F8012BFF13002A029A18BF00255A
:1043C0004FEA520C6544394C07F500672E0E3FB298
:1043D00034F816200697A71C37F9168016B2C6EBDC
:1043E0000806C5F30F2808FB06F6DDF818A002EB57
:1043F00026460FFA86F90AFB09F94FEAE939A9F5C9
:1044000000492B4A1FFA89F94FEA292A32F81A8003
:10441000961C36F91A700FFA88FACAEB07075FFA8A
:1044200089F909FB07FA049F08EB2A2A4AF34E0A86
:104430006544A7F800A04FEA156C1E4F34F81C40E5
:1044400037F91CC027B2C7EB0C07C5F30F2C0CFBC8
:1044500007F7DDF818C004EB27473FB20CFB07F461
:10446000E413A4F50044A4B2271232F8172036F959
:10447000177016B2E4B2BE1B664302EB262646F363
:104480004E06B244049A039C079E22F802AB3444C1
:10449000049203947EE7C28905600282149A02FBAB
:1044A0000B3383600BB0BDE8F08F00BF1A820108A8
:1044B000268E01081C820108B0F90E302DE9F04F5C
:1044C000C3F5FF43B0F916407F3304EB63034FEAB3
:1044D00083199B120E2B28BF0E23DD1C0133244CA5
:1044E0000F2B08BF0E23033354F8255054F82360D4
:1044F0001FFA89F90023099CA34236D090E8900066
:104500003C440460CC5C0CB10024046007683C0EA1
:104510004FEA440C35F814800CF1020C35F90CB05C
:104520000FFA88FAC7F30F27CAEB0B0A07FB0AFA40
:1045300036F8144008EB2A4836F90CA00FFA84FC30
:10454000CCEB0A0C07FB0CF71FFA88F804EB2744A6
:104550000FFA88FC24B2CCEB040409FB04F408EB4A
:10456000244822F813800133C5E7BDE8F08F00BF6F
:10457000740300204FF6FF73984228BF184640434B
:10458000800C70474FF6FF73984228BF18461B1ADD
:104590005B43980C404270472DE9F04F8BB0089276
:1045A00098468268436804469A42049204D29B1A51
:1045B000149AB3FBF2F305E0049AD31A149AB3FBEE
:1045C000F2F3DB430793149B0691D4F818B0194417
:1045D000049D0991069A099B9A4200F0D280B4F991
:1045E0000E304FF4404A0AFB03FA069A079912F874
:1045F000016B0D44EB00534528BF9A46069276B3F3
:10460000013E76022268C6F57F43FF332F0C07FB7D
:104610000323934206D3217B31B9534534BF002194
:10462000012102E0012100E00021524505911AD349
:10463000B4F912703046BF10A7F50067BFB2A78269
:104640003FB2A7EB9347FFF795FF78430BEBE03BB7
:104650003046FFF797FF78430123C71305E005961F
:104660003346374601E00123002721682944A94247
:1046700021602CBF00220122B8F1000F0AD008F1FE
:10468000010052B14FEAD51CB1FBFCF1013188F8B1
:1046900000108046290CD94608E088F80020F8E789
:1046A000002B58D1207B28B1207B58BB05980028CF
:1046B000F8D1F5E7206850454CD3CAEB000CB4F8AC
:1046C00014B0BCFBF1FCCBEB904B60460091029226
:1046D0000193CDF80CC0FFF74DFF0FFA8BFB00FBE9
:1046E0000BF0DDF80CC009EBE0396046FFF74AFF3C
:1046F00000FB0BF007EBE03701202073019B029ACF
:104700000099D1E732B3B4F912B00091CBF38F0B1B
:10471000ABF50062A28222680193B2FBF1F210466F
:104720000292FFF727FFABF58F4BABF17F0B0FFA30
:104730008BFB00FB0BF0029A09EBE0391046FFF708
:1047400021FF9DE80A0000FB0BF0002207EBE03799
:104750002273ABE71BB14E4300232660237323680B
:1047600008995345A9F5005938BFB4F914B04FEA78
:10477000490928BF4FEA934B21F8029BBB4408919B
:1047800028E707981499049AC4F818B001FB00238D
:10479000A3600BB0BDE8F08F2DE9F04F8BB008920D
:1047A00098468268436804469A42049204D29B1A4F
:1047B000149AB3FBF2F305E0049AD31A149AB3FBEC
:1047C000F2F3DB430793B4F90E300691B3F5FA4FD9
:1047D000C4BF4FF4FA43E381149BD4F818B01944D2
:1047E000049E0991069A099B9A4200F0A480069AB9
:1047F000B4F90E30079912F8015BC3F500430E447B
:104800004FEA034A06921DB3013D6D022168C5F5CA
:104810007F42FF32300C00FB02128A4206D3217B1A
:1048200039B9524534BF0023012303E0012105912A
:1048300001E00023059352450ED32846FFF79AFE68
:10484000C0EB0B0B2846FFF79DFE0122474205E017
:1048500005952A462F4601E00122002720683044B2
:10486000B04220602CBF00210121B8F1000F0AD016
:1048700008F1010C59B14FEAD619B0FBF9F001303B
:1048800088F80000E0464FEA164CD94608E088F860
:104890000010F7E7002A38D1207B28B1207BE8B947
:1048A000059B002BF8D1F5E7206850452CD3CAEBC7
:1048B000000BBBFBFCFB584603910292CDF804C0F1
:1048C000FFF758FE81445846FFF75CFE074401207D
:1048D0002073DDF804C0029A0399DFE7A1B12168D3
:1048E0000292B1FBFCFB5846CDF804C0FFF742FE34
:1048F000C0EB09095846FFF745FE00213F1A217316
:10490000DDF804C0029ACBE722B10CFB05F50022CA
:104910002560227322680899A9F5804947F6FF7B34
:104920004FEA4909524538BF4FF0000B21F8029B6E
:10493000BB44089156E707981499049AC4F818B034
:1049400001FB0023A3600BB0BDE8F08F2DE9F04F11
:104950009846D0F80890436887B099450446049279
:1049600005D2109AC9EB0303B3FBF2F305E0109AEA
:10497000C3EB0903B3FBF2F3DB430293109BA7697C
:104980000B448A4605934D46059B9A4568D002998B
:104990001AF8016B0D4416B3013E76022268C6F583
:1049A0007F43FF334FEA154B0BFB032B93452CBF83
:1049B0000022012230460392FFF7DCFD4FEA5B4BF9
:1049C00000FB0BF0A7EBE0373046FFF7DBFD00FB09
:1049D0000BF04FEAE03BCBF1000B012302E0039622
:1049E0003346B34621682944A94221602CBF0022E6
:1049F0000122B8F1000F0DD008F101003AB14FEAE1
:104A0000D51CB1FBFCF1013188F8001001E088F8F9
:104A100000208046039901B993B982B121682A0C1C
:104A2000B1FBF2F2104600930192FFF7A3FD019A49
:104A30003F1A1046FFF7A6FD009BC0EB0B0B23B1FE
:104A40002B0C5E43002326602373049AA7F580474E
:104A500023687F0022F8027B04920BEB534793E715
:104A6000029A1099A76101FB0293A36007B0BDE809
:104A7000F08F2DE9F04F8BB00892D0F808B0426863
:104A8000044693451F4605D2149BCBEB0202B2FBB2
:104A9000F3F205E0149BC2EB0B02B2FBF3F2D2433C
:104AA000B4F90E00149BB0F5806F0792B8BF4FF4B5
:104AB00080600591A2691944B8BFE08109915E4602
:104AC000059B09998B4200F0B180059B0799B4F9C9
:104AD0000E9013F8015B0E444FEA09490593002D2F
:104AE00034D0013D6D022068C5F57F41FF314FEAAA
:104AF000164808FB0101814206D3207B30B94945A5
:104B000034BF0023012302E0012300E00023C9EBAE
:104B10000100890C01EB9041C9F100082846C1EB66
:104B2000984804930292FFF725FD00FB08F0029AD3
:104B300002EBE03228460292FFF724FD00FB08F06A
:104B400001214FEAE0380691029A02E004950695A9
:104B5000A84620683044B04220602CBF00210121CB
:104B60004FB107F1010C51B14FEAD61AB0FBFAF080
:104B70000130387067464FEA164C924608E03970AB
:104B8000F8E7069B002B3CD1227B2AB1227BFAB9A5
:104B9000049A002AF8D1F4E722684A452FD3C9EBDA
:104BA0000202B2FBFCF210460391CDF804C002925F
:104BB000FFF7E0FC029AAAEB600A1046FFF7E2FC5E
:104BC0000122A8EB60082273DDF804C00399DDE739
:104BD000A9B12268CDF804C0B2FBFCF210460292E3
:104BE000FFF7C8FC029AAAEB600A1046FFF7CAFC5E
:104BF0000021A8EB60082173DDF804C0C8E706991E
:104C000021B10CFB05F50022256022732168AAF56D
:104C1000804AC9EB01098A0C08994FEA4A0A02EB5B
:104C2000994221F802AB4244089149E7A2610799F1
:104C3000149A02FB01B3A3600BB0BDE8F08F000033
:104C400010B543F6FF739942A8BF1946A1F58041FC
:104C5000002311F5C06103F10103FAD407480C11D8
:104C600050F82420013450F8240001F00F01801A7C
:104C7000414302EB2110D84010BD00BF90790108DC
:104C80002DE9F74F067F9A461F4B934653F836702F
:104C900003EBC602437F0446B3428946D2F8048040
:104CA0000FD0012343604CF20103002583824FF4AF
:104CB000F053056005730582C5814582C382856115
:104CC0004677B4F9165020462946FFF7B9FFB5F5E7
:104CD000804F606002DD4FF4804302E0002D01DA76
:104CE0000023E38218F0010F4FEA680016BF235833
:104CF0003D46DD590C9B2044009349465A46534695
:104D0000A84703B0BDE8F08F0000002070B54FF455
:104D1000F053002501264CF201020446A0F86C2055
:104D2000A0F86E30A0F88C20A0F88E30A0F8AC204F
:104D3000A0F8AE308565C66580F86450A0F868506C
:104D4000A0F86650A0F86A5005678567C66780F8C6
:104D50008450A0F88850A0F88650A0F88A50C0F877
:104D60009050C0F89850C0F89C6080F8A450A0F80B
:104D7000A850A0F8A650A0F8AA50C0F8B050C4227D
:104D8000D830294607F080FE40F6FD734FF4845278
:104D9000C4F8A031C4F8B431C4F8C831C4F8DC3167
:104DA0004FF48043C4F89C51C4F8A451C4F8A851EE
:104DB000C4F8B051C4F8B851C4F8BC51C4F8C451D7
:104DC000C4F8CC51C4F8D051C4F8D851C4F8E0515B
:104DD000C4F8E451C4F80052C4F80452A4F8EE2117
:104DE000A4F8F03184F8EC61C4F8F45184F8086256
:104DF000C4F82052C4F82452A4F80E22A4F81032A9
:104E000084F80C62C4F8145284F82862C4F8405242
:104E1000C4F84452A4F82E22A4F8303284F82C624C
:104E2000C4F8345284F84862C4F8B85084F8D460A6
:104E300084F8D3606565A580E58070BD2DE9F74FE6
:104E4000C1F3C22B0BF1010B4FEACB1BC1F30417CB
:104E5000C1F341230BFB0BFB01F00F01C90203332C
:104E6000C1F57F454FEA872A00220193FF350AF5F5
:104E7000005A13469CB26443A4F5004424B24C4348
:104E8000A3F180084FEA082805FB08484FEA2848A4
:104E900008FB08F696FBFBF688EAE87CACEBE87CBE
:104EA0001036B6B20CFB07FC4FF48004803694FB3E
:104EB000F6F60AFB08F4DFF848805FFA82F938F961
:104EC00019804FEA6C1C0CF5005C94FBFCFCC6F5E9
:104ED0007F4406FB08F60FFA8CFCFF3404FB0C64DD
:104EE000241440F823400133019CB3F5807F224411
:104EF000C0D1D0F8FC33C0F8003403B0BDE8F08F67
:104F00001A820108FEE7FEE7FEE7FEE770477047FA
:104F100070477047014806F0BDBA00BF3C49002009
:104F2000584BF0B51A8AD20740F1AB804FF6FE72AB
:104F30001A82554A554B11681B68182202FB03124E
:104F4000534B4FF4805033F81230524AC3F50043AC
:104F50009BB210615061180AA2F55442908100BFC3
:104F600000BF00BF00BF00BF00BF00BF00BF00BF49
:104F700000BF00BF00BF00BF00BF00BF00BF1B02DB
:104F80009BB29381444B454A9D68107885F010058B
:104F90003E4BC5F30015157000281A680CBF284653
:104FA0000020182505FB02123D4D0131A8543D4A51
:104FB00017291578344C40EA05001070154601D8C1
:104FC000216006E0002222601A68013202F003022A
:104FD0001A60354B9A68012A21D00BD3022A26D1B8
:104FE000324C0021A28902F00F0212021A80A18124
:104FF00099601CE02D4C1988A2890A43596892B225
:1050000003EB41061A80B281224E01221144326123
:1050100001F0030172610626A681596006E0234A69
:1050200091895968890189B2918102229A605B68ED
:105030001D4A33BB9468012C23D11D4B518AD7895B
:10504000168A9289A3F8BA10A3F8B420A3F8B67010
:10505000A3F8B860174948B1174B5B7913B104FA4C
:1050600003F39BB201330B8000232B700B8843B1F9
:10507000013B104A9BB213801BB9104B01221A70DE
:10508000F0BDF0BD002C0140804F0020484B0020B7
:10509000C2050020000C014000080140304A0020F9
:1050A00082060020744B0020504B0020003001404D
:1050B0003C490020C0050020904F00204D4B0020AF
:1050C000012210B540F2ED212A4806F0F7FC2A48EB
:1050D00004F01AFD294806F01DF8294B0021294843
:1050E000196006F0FBFA284806F050FC274806F045
:1050F00059FB2748FFF70AFE264804F0FFFB264825
:1051000006F058FC254B264A03F16000A2F130015D
:10511000914203D0002421F8024BF9E7A3F11801D2
:10512000994203D0002401F8014BF9E701F118037B
:10513000834202F13002E9D11A4B02221A601A4B63
:1051400000241C60194B4FF6FF721C60184B194865
:10515000DC811C829C609A81174B1968FFF76EFEF8
:10516000164B04489C60DC605C601C60BDE810402D
:1051700006F0EABC4C4B0020904F00203C49002038
:10518000C44F0020504B0020304A00208C4F00209C
:10519000E4060020344A0020844F00209A060020B4
:1051A000F2050020484B00202C4A0020804F0020B0
:1051B000084A0020784B0020ECF7FF1F644B0020CA
:1051C0002DE9F04F944C954BE17BA27BC900D200B6
:1051D000934D53F8222053F821302A606B606B699D
:1051E000296A55F8232085B011449142296212D2D0
:1051F00001336A8BDBB2022B1ABFC2EB02421214DC
:105200000022AA83AA8B6B612A8305EB4302928951
:1052100000236A832B626A69814B55F82220C2B150
:10522000186A804E010E36F81120023636F8111039
:10523000C0F30F20891A41435E8B02EB114189B202
:10524000C1F57F427143188BFF3202FB001212142A
:105250009A83A279B5F81C806F4B734F734E82B35B
:105260001B6AB7F91220DFF8ECE1D21ABEF8003061
:1052700092B218B211B200F1020C614502DC0238A0
:10528000814202DAAEF80020134639221BB25343A2
:10529000227802EBE323372BD8BF23EAE37344F2EF
:1052A0005422D4BF9BB23823B15CDBB2994203D005
:1052B0005E49012081F8D400B3545D4A82F8BE30C3
:1052C00009E044F25422B15C1B7899421CBF0121D1
:1052D00086F8D410B354238DB989B4F92400594306
:1052E000E37800EB2131B7F80EC008FB03F3608DC3
:1052F00094F811E00CFB00F008FB0EFE01EB5313D9
:10530000B4F926C047F6FF718B42A8BF0B4623EACB
:10531000E3730CEB2030ADF80C3000EB5E10338003
:10532000E3798842B8BF014621EAE17113F0FB0F2F
:105330007180394A398A05D1D3699269594302EBA0
:10534000213113E0012B05D1D369A1F266615943E4
:10535000091306E0032B07D0A1F2666101EBC1013E
:10536000491001F5F05101E04FF40A51227D314816
:105370003C32D20104F026FBA379DFF89C9063B99C
:10538000798A99F80770D9F82020032F04D08B1A56
:105390004FF4F05253431B131844274B21791A88BA
:1053A00029B112B2821A3F327E2A00F20B81234ABF
:1053B000188023491368E77A01FB03FE214B7344ED
:1053C00013609AB2204B7AB91A6851431D4A0A44B5
:1053D00059681A60120C02FB02121C495A60120E24
:1053E00031F9122012029A60D9689A68521A01EBB8
:1053F0002242DA607A43164B00EBE2401A785ABB3D
:105400005A885968A2F50042C1EB022201EB222220
:105410005A60131221E000BF904F002078DA000894
:10542000084A002082E80008504B0020E4060020D3
:105430003C490020344A00207C4F0020BC0300205F
:105440000D6619005FF36E3C644B00201A82010860
:10545000844F00208E4F00200023217C00EB23236B
:1054600008FB01F003EBD010A37A80F30E007BB1B0
:10547000800080B2584F021237F81230023737F8E6
:10548000122000F0FC00D21A504303EB202080B21F
:10549000E279237A042A514AA3F1020318BF0022B9
:1054A0004FF4C06707FB03234D4A80B218441378BA
:1054B00030815BB14B4B012083F8D400AB8B2B8345
:1054C000AB896B8300236B612B621370464B474A99
:1054D0001868182505FB00251A68454B4FF0300960
:1054E00009FB0239A27C434B002A6FD1DA78002AEB
:1054F0006CD15B7C002B69D1002967D129464A46D3
:105500001823384804F0E2F9A2783B4B277B33F8A4
:1055100012606278394B7F4333F812B0A27C4FF6A9
:10552000FF73002A08BF9846354BC7EB07371D8825
:105530000023CDF80480BFB2A9F102021946B3FBE3
:10554000F6F006FB103010B951880BEA010108B2E1
:1055500068430014A0F50048DDF804C01FFA88F87D
:10556000DFF8A4904FEA282AC5EB0C0459F82AC0AA
:105570000AF1010A59F82A905FFA88F8CCEB090978
:1055800008FB09F80CEB282C0FFA8CFC07FB0CFC31
:1055900005EB2415C7F57F44FF3481B204FB00C03E
:1055A00001330014182BADB222F8020FC7D1144BEF
:1055B0001D800D4B1A68013202F003021A6005B01B
:1055C000BDE8F08F0F4A01211170F0E62846002156
:1055D000182207F059FA91E7449F010800EEFFFFF7
:1055E0004D4B0020E40600202C4A002082060020BB
:1055F000C2050020904F002036D3000828D30008B1
:10560000764B0020744B0020784B002010B5FFF73C
:1056100057FD0F4B0F4A5B7A117899420BD0282126
:1056200013704B430C4A0D48D41804F10801D25EA4
:10563000636804F075F90A4B1A680A4B1B689A42B2
:1056400002D0FFF7BDFDF6E7074805F0CBFFE0E726
:10565000904F00204800002080CB0008344A0020F2
:105660002C4A0020484B00203C4900202DE9F74FF0
:10567000B0F90C704668BF11C7F50077B608BFB225
:105680000468458C90F820C0466001970B4406EBF7
:10569000460A99422FD011F8017B002F18BF002431
:1056A0000027A146B846DDF804B0B1445D450BD3F0
:1056B000C57B4FEA196C8CEA450C2CEA050C0CEB07
:1056C000550C5FFA8CFC0025DFF838B0013557F82F
:1056D0000BB00437102F0BFB0C88ADB2E3D14FEAAF
:1056E0002828A8F5DC480AEB0607A8F130083C4456
:1056F00022F8028BCDE780F820C04584046003B017
:10570000BDE8F08F7CD700082DE9F04F85B00191FE
:105710000393B0F91210C389029201F140041AB246
:10572000A24202DC40398A4200DA4382B0F91230E8
:10573000142253431221DB0B4B43454AB0F90C4072
:10574000D118D35C6400634301EB13414A78897834
:10575000009345683F4B02EBC21201EBC1111A44A2
:1057600019446D080023039EB3426ED00468019E65
:105770002C440460F45C0CB10024046007687C0EC7
:1057800004F1010A165D12F80AC0C7F35708C6EB08
:105790000C0C08FB0CFC4FEA0629A9F500490C5D2E
:1057A00011F80AA009EB2C4CDDF800901FFA8CFCD4
:1057B0001FFA89F64FEA0429C4EB0A0408FB04F433
:1057C000A9F5004909EB24490FFA8CFB0FFA89F976
:1057D000CBEB090906FB09F92F447C0E07600CEBA3
:1057E000294904F1010C12F8048012F80CB0C7F337
:1057F00057074FEA082AC8EB0B0807FB08F80C5DAF
:1058000011F80CC0AAF5004A0AEB284A4FEA04280E
:10581000C4EB0C047C43A8F500481FFA8AFA08EB95
:1058200024480FFA8AFB0FFA88F8CBEB080806FB2E
:1058300008F60AEB264A49F34E094AF34E0A029C3F
:10584000D14424F8139001338DE705B0BDE8F08F03
:1058500012D6000890F800082DE9F04F8FB007929B
:10586000B0F90C20B0F90E40C2EB02121211550132
:10587000C4EB04142411ADB205956501C4F3C4242E
:10588000C2F3C422ADB2013404EB0214029500222B
:10589000854E651EADB2755D02F1280C05EBC5178E
:1058A000824D365D2F44E8464CF808700AAF174425
:1058B00006EBC616083235441034102A7D60A4B2B7
:1058C000E6D142680B9E520806920A9ACB180C9CAD
:1058D0000D9D039201960893089B994200F0E18088
:1058E0000368DDF818804344036011F8013B0BB1F5
:1058F000002303600268039E530E16F803C0C2F330
:105900005706039A5F1C12F807804FEA0C29CCEB6C
:10591000080806FB08F8DDF804C0A9F5004914F8EA
:1059200003A009EB28481CF8039014F807C0059A57
:10593000CAEB0C0C06FB0CFCC2F57F42FF32049252
:105940004FEA0A2B019AABF5004B0BEB2C4C12F8EB
:1059500007B04FEA092AC9EB0B0906FB09F9AAF5BA
:10596000004AEB5CEF5D1FFA88F80AEB294A0FFA50
:105970008AFA0FFA88F9029AC9EB0A0A4FEA032950
:10598000FB1A734302FB0AFAA9F500491FFA8CFCC3
:1059900009EB234908EB2A480FFA89F90FFA8CFA28
:1059A000CAEB090902FB09F9059B0CEB294C0FFA1C
:1059B0008CFC03FB0CFC049E0FFA88F806FB08CC59
:1059C0000268069EDDF80C801644730E06605F1CAC
:1059D000CDF824C018F803C018F80780C6F357069E
:1059E000CCEB080806FB08F84FEA0C29DDF804C0E8
:1059F000A9F5004914F803A009EB28481CF8039006
:105A000014F807C0019ACAEB0C0C06FB0CFC4FEA19
:105A10000A2BABF5004B0BEB2C4C12F807B04FEAFE
:105A2000092AC9EB0B0906FB09F9AAF5004AEB5C48
:105A30001FFA88F80AEB294AEF5D0FFA88F90FFA86
:105A40008AFA029AC9EB0A0A4FEA0329FB1A73433E
:105A500002FB0AFAA9F500491FFA8CFC09EB23495D
:105A600008EB2A480FFA89F90FFA8CFACAEB0909F0
:105A700002FB09F9059B0CEB294C0FFA8CFC03FB8C
:105A80000CFC049E0FFA88F806FB08C8DDF824C059
:105A9000079A4FEA684808EB6C4822F8028B079295
:105AA0001AE70FB0BDE8F08F2C93010890F80008BA
:105AB0002DE9F04F95B0079343690E92B0F90C2091
:105AC00003EB430303EB42039B10B0F91020109348
:105AD0004361904B52129A5C0A908F48089102EBF6
:105AE000C212109902440592C1F38522995C0A9D65
:105AF000134401EBC111079A01445C784FF4004351
:105B0000B3FBF2F303916A68B5F90E105208CE00A8
:105B1000B1F5005F0B9311962B680D9280F2FE8019
:105B2000DDF82C90089FDDF81C804FEA49024744BD
:105B300092B2139712924FF0000B0899139A914268
:105B400000F043830898059910F8012B059C002A62
:105B500018BF00235F0807F07E484FEA186811F865
:105B600008C0059E590E4D1C08900795605C755D38
:105B700027F07F470402281A7843A4F5004404EB79
:105B8000204080B20C900D98DDF80C900344DDF8B5
:105B900044A058081FFA8AFA099700F07E4619F8BF
:105BA000017005995A46059CCDF818A0CAF57F4B9F
:105BB000360EDDF82CA08D5D590E14F8019092443C
:105BC0001FFA8AFACDF83CA04FEA092AAAF5004A42
:105BD000CDF808A0DDF814A04C1C0BF1FF0BCDF89C
:105BE00010B01AF804B020F07F40C9EB0B0900FB9D
:105BF00009F9DDF808B04FEA0C2C0BEB294ADDF867
:105C00000C90DDF834B019F80110DDF848905B44D1
:105C100091441FFA89FBDDF80C90ACF5004C19F8A3
:105C200008801FFA8CFC4FEA0829A9F500490FFAF1
:105C300089F90FFA8CF8C8EB090802FB08F80CEB9D
:105C4000284C4FEA07280FFA8CFCA8F50048CDF83D
:105C500008C0CDF80480DDF81CC0DDF80C802D02F2
:105C600018F80C90DDF804C0C7EB0907DDF82490A4
:105C7000A5F5004509FB07F7DDF830900CEB274848
:105C80000FFA88F80FFA89F7C7EB080802FB08F843
:105C9000DDF818C009EB28480FFA88F80CFB08F863
:105CA000029A049FADB207FB028CDDF80C802AB289
:105CB00018F80660DDF83C903602A6F5004636B2CC
:105CC000B21A09FB02F218F8044005EB22450A0259
:105CD000611A4143A2F500421FFA8AFA02EB2142FF
:105CE0000FFA8AF612B2921B09FB02F20AEB224269
:105CF000DDF818A012B20AFB02F22DB207FB052252
:105D000012140E9802EB2C4C4FEA6C0C20F802CBCC
:105D10000E9012E766D3000890F8000804EBC41454
:105D200004440494109CB1F5804F4FEA841292B25F
:105D3000069280F2D6800B9F089D079E7A0035441C
:105D400092B2129513924FF0000C089C129DAC4237
:105D500000F03B820898059C10F8012B059E002A54
:105D600018BF00235A0EA15C541C16F80490039F20
:105D70000890C1EB0909C3F357000D0200FB09F9B4
:105D8000B95C3F5DA5F500457F1A474305EB2949FE
:105D90000D020D99A5F50045194407914B0E05EB31
:105DA0002747BFB2F55C079E01970FFA87F8DDF829
:105DB00010A0059FDDF844B0591CC6F357060C9699
:105DC000CDF83C801FFA8BFB1AF8028017F801A06F
:105DD000CDF824B0CBF57F42DDF830B0C5EB0A0A30
:105DE0000BFB0AFA2E02039DA6F5004606EB2A4A93
:105DF000EE5C6D5C4FEA062BAD1B0C9EABF50047CD
:105E0000754307EB2545049F1FFA89F9FB5C0F9F3B
:105E10000FFA89FBCBEB07070CFB07FB09EB2B49C0
:105E20000FFA89F9CDF80890DDF810904FEA082BA9
:105E300019F80440ABF5004BC8EB040800FB08F868
:105E40000BEB2848DDF83CB006980FFA88F8CBEB4E
:105E5000080800FB08F8019C1FFA8AFA04EB28479F
:105E60000B9CDDF82480ADB22EB20FFA8AF06444A8
:105E70003FB208FB07F7A4B2301A6043049CDDF878
:105E800008B0FF32615C02FB0B790C9F0AEB204AE1
:105E90001802CB1A7B43A0F5004000EB2343DDF84A
:105EA00018801BB29B1B08FB03F3DDF824B005EB45
:105EB00023431BB20BFB03F30FFA8AFA02FB0A33EC
:105EC0001B1403EB2949139A0E99079B0D984FEA6F
:105ED0006909624421F8029B03441FFA82FC0E9177
:105EE00033E7B1F5C04F01DB0022D5E0002605966F
:105EF000059A079CA24200F06881DDF82080059F8A
:105F0000DDF80C9018F80720DDF810A0002A18BF63
:105F100000235C085A0E24F07F4604F07E4402F110
:105F2000010C240E19F802101AF8027019F80C501E
:105F300019F8042008026D1A12020D99A2F5004208
:105F40000B4492B20C9275435A0E19F80290DDF888
:105F500044B0A0F500401FFA8BFB4FEA092A00EB82
:105F60002545AAF5004ACBF57F40CDF83CA0FF308F
:105F7000DDF80CA00B90501CCDF824B01AF800B03E
:105F80004FEA530828F07F41C9EB0B0901FB09F9DF
:105F9000DDF83CB008F07E480BEB294ADDF81090A4
:105FA0004FEA186819F80220DDF80C90ADB219F824
:105FB00008B0DDF834904FEA0B2B4B444FEA072929
:105FC000A9F50049CDF83C90DDF81090ABF5004BF9
:105FD00019F80CC01FFA8BFBC7EB0C077743DDF8F1
:105FE0003CC0069E0CEB27490FFA89F90FFA85FC95
:105FF000CCEB090906FB09F9049F05EB29453E5D39
:10600000DDF830903602A6F50046DDF818C036B24D
:106010000FFA89F4341B0CFB04F4099E09EB2444A9
:1060200024B27443DDF810900B9F19F800002DB2D4
:1060300007FB05451402821A4A4319F80810A4F513
:1060400000440902A1F5004104EB224409B20FFA11
:106050008BF28A1A0CFB02F21FFA8AFA0FFA8AF6FE
:1060600024B2A41B0BEB22420CFB04F4DDF824B099
:1060700012B20BFB02F20AEB244A0FFA8AFA07FB70
:106080000A221214059902EB25450E986D1020F88E
:106090001150013105912BE707998A4200F0958054
:1060A000089D0D98A95C039E002918BF00234FEAA4
:1060B000530C0CF07E490344DDF844A00CF0784CFE
:1060C0004FEA1C6C5C084FEA196916F8098016F84B
:1060D0000C701FFA8AF104F07E46DDF80CA004F083
:1060E0007844360E240E1AF806501AF80400DDF82B
:1060F00034A04FEA08285344DDF810A0A8F5004862
:106100001AF809901FFA88F84FEA092AAAF5004AF6
:106110000FFA8AFA0FFA88F9C9EB0A09DDF818A014
:106120003F020AFB09F9DDF810A008EB29481AF82C
:106130000C90A7F500474FEA0929BFB2A9F500491D
:106140000FFA89F90FFA87FCCCEB090CDDF81890EF
:10615000C1F57F4B09FB0CFC07EB2C473FB24F43CB
:106160000BF1FF0B0FFA88F80BFB08781AF8067092
:106170002D02A5F500453F02ADB2A7F500472EB2AE
:106180003FB2BE1B09FB06F605EB26451AF8046074
:106190000002A0F50040360280B2A6F5004604B227
:1061A00036B2341B09FB04F400EB244424B26143EF
:1061B0002DB20BFB0511091401EB28480E984FEA8C
:1061C000680820F81280013266E70A9C109D23605F
:1061D0006B10238215B0BDE8F08F00BF2DE9F04FA2
:1061E0008DB0079300F5CA730293037F00F29455B4
:1061F0000446174603959BB100214FF48062029834
:1062000006F042FC00214FF48052039806F03CFC5B
:1062100004F120000021C42206F036FC002323777D
:1062200094F90D30B4F90E10C3F1AC039BB208938E
:10623000A368A26A5B08A3F50033491201920631F4
:106240001A0A5143B4F82080B4F82290606AE66AD2
:10625000CDF81080CDF824907C4A5D1A95420595C2
:1062600002D95B084908F7E702F174429142F8D875
:106270004FEA15494FEA11484FF0000A258ECDF834
:106280002880CDF82C903A1DCDF818A0DDF8189094
:10629000099BDDF810C01FFA89F8079F4344C444E6
:1062A0009BB21FFA8CFC002F00F0BE8094E88002A5
:1062B000B944C4F80090DDF81090DDF828A009F585
:1062C000006BCAEB0B0B0B9FC34409F5005A1FFA76
:1062D0008BFBC7EB0A0AC244CBF30907DDF8088041
:1062E0000BF1FF3BCBF3090B18F9077018F90BB052
:1062F0001FFA81F90097C9F57F4709FB0BF9DDF813
:1063000000B0FF3707FB0B98059F1FFA8AFA1FFAA8
:1063100087F9DDF80CB0CAF30B070AF1FF3ACAF3AC
:106320000B0A1BF907701BF90AA00097C9F57F47F4
:1063300009FB0AF9DDF800A0FF3707FB0A9744F2D2
:10634000666909FB00F04FEA28484FEA082843F243
:10635000B86909FB08004FEA630ADFF8FC900133D3
:106360005B1039F81AA039F813303F143F02534438
:10637000C01307EB5303DDF820B003440BFB03FA13
:10638000DFF8D8904FEA6A1ABAF1000FB8BFCAF125
:10639000000ACA45A8BFCA46DFF8C4904FEA6A2A75
:1063A00039F81A90DDF80CB003FB09F3DB13C0EBEE
:1063B000030ADB1B029FCCF30B091B124FEA2A2AAC
:1063C000CCF3090C0BF809A007F80C3041F699132F
:1063D000019F03FB08F841F624337B431B1303EBB7
:1063E000E8381B4B734308EB23381A4BC6EB0806FF
:1063F0009E4205DB47F6FF739E42A8BF1E4600E0A3
:106400001E462DB23544079B069F6D1022F8045C92
:10641000023BB5B2013722F8025C019E0793069752
:106420000432CDF8048031E7B3F5B46F019A28BF88
:106430004FF4B463CCF30B0CA4F820C06384606207
:10644000A262E66225860DB0BDE8F08F0000FF0F66
:1064500071F4FFFF0180FFFF46A10108FFFF01006B
:10646000409B01082DE9F0471F46C37E00F5834598
:1064700004468946904614356BB100F5CA76002172
:106480004FF41172304606F0FFFA2846314605F007
:10649000E3FD0023E376237F23B1284605F0A1FE28
:1064A00000232377617F2846253905F0C5FDE28961
:1064B0002846A18905F06EFE2846218B05F08EFE48
:1064C0002846494642463B46BDE8F04705F0F8BD40
:1064D000C368426881685A4300294FEA1232C26099
:1064E000036908DD0139816029B983EAE371A1EB11
:1064F000E3710A44C260C068002BB8BF40427047D5
:106500004FF4845242804FF4804200238280012263
:1065100043618361027083600277704703782BB90F
:10652000B0F902305B1A18BF012300E001230370A9
:10653000418070470378F0B52BB3B0F90220334D9A
:106540005204140E35F81430023535F81440120A8E
:10655000E41A92B2624303EB1243B0F904202C4ECA
:106560005204140E9BB2C36036F81430023636F86B
:106570001440120AE41A92B2624303EB12439BB234
:106580000361002303708668C368056944696EB1BE
:10659000B4F5805FCCBF22464FF4006217117E43F2
:1065A000A2F5006203EB662305EBE2058269554321
:1065B000A1EBE53502FB03F104EBE13415498C4214
:1065C000B8BF0C46B4F5004FA8BF47F6FF71446151
:1065D000A8BF416144690F492D1B6B4302EBE332B5
:1065E0008A42B8BF0A46B2F5004FA8BF47F6FF730C
:1065F0008261A8BF8361037F012B01D18069F0BD57
:10660000022B14BF20462846F0BD00BF28A9010870
:106610007EE400080180FFFF2DE9F74F1F46C37E8F
:10662000044690465BB340F60C53C0F8E830302384
:10663000C0F8F8304FF44063C0F8FC3040F6FD730A
:106640000025C0F81031C023C0F80C31C0F8E45068
:10665000C0F8EC50C0F8F050C0F80051C0F8045138
:10666000C0F81451C0F8185100F59A70FFF748FFB0
:106670004023C4F83C31012384F85031E576237F70
:10668000EBB100232377454BC4F8F430D4F8E43061
:106690000133C4F8EC30424BC4F80831D4F8F83078
:1066A0000133C4F8003144F25063C4F81C31D4F80B
:1066B0000C310133C4F814312223C4F83C31B4F94D
:1066C0000C10B4F90EB04900C1F57F41FF3101FB58
:1066D00001F30BFB0BFB1B0C4FEADB3B59430BFBA2
:1066E0000BFB890C4FEA1B4BC1F5FF4101230BEB60
:1066F0004B0B656AA4F8381184F834310BF1800B28
:10670000002F46D004F1E400FFF7E2FED4F8003198
:1067100004F59A7A002B0CBF4FF000094FF4804922
:10672000814404F1F800FFF7D3FE814404F586703C
:10673000FFF7CEFED4F81431228B002B14BF4FF498
:10674000086100211144504609B2FFF7E7FE002618
:106750004FEA2912504649460192FFF7EBFE019A93
:106760001044431B0BFB03F305EBE3350D4B9D423C
:1067700005DB47F6FF739D42A8BF1D4600E01D469E
:1067800028F806500236042EE4D108F10408023F2E
:10679000B6E7656203B0BDE8F08F00BF3333040095
:1067A0003DCAFFFF0180FFFF034B04491A680448FC
:1067B00000FB021018607047BC0300205FF36E3CC2
:1067C0000D6619002DE9F04F8FB00A93B0F90C3027
:1067D000416A03F580630D930291836AC16B07934D
:1067E0000391C36A016B01930891436B816B04327F
:1067F000078CD0F84880D0F84090C66CD0F844B0F0
:10680000056D04460493099106920A99002900F047
:106810003381FFF7C9FF0D99C0F316038B42059032
:1068200080F0A480C0F30B06A6F50066B4F90E0054
:1068300036B206EB460800FB08F8258B43F6FF71DD
:1068400005F5C06303EB68480FFA88F88845A8BFD0
:10685000884628EAE878954B4FEA48484FEA186797
:1068600033F817204FEA47090B92914A09F10209C0
:1068700032F8177039F802C04FEA18281FFA88F862
:10688000C7EB0C0C08FB0CFC464307EB1C47BFB2E4
:10689000039705F5186707EBE6373FB28F42A8BFAD
:1068A0000F4627EAE7777F044FEA176A4FEA4A0C58
:1068B0000CF1020C33F81A603CF802B032F81AA05E
:1068C0003F0ABFB2CAEB0B0B07FB0BFB0AEB1B4AE1
:1068D000DDF814B0CDF830901FFA8AF9CBF3CC3A3A
:1068E000AAF5805A00FB0AF005F5F26505EB204099
:1068F00000B28842B8BF014621EAE1714904080E9E
:106900004FEA400A0AF1020A33F8105032F8100038
:106910003AF80220090A89B2121A4A4300EB1240DF
:106920001FFA80FB0C98C25A0B98121A08FB02F847
:106930003CF803203AF80330921B5B1B5743594342
:1069400000EB184806EB174605EB114547F67C703F
:106950001FFA88F8B6B2ADB200FB08F846434543CB
:106960004FEAE838F613ED134FF6FF7705994FF627
:10697000FB420BB27B4357431B14002B4FEA1747D4
:106980000ADD039A02FB03F109FB03F20BFB03F39D
:10699000091412141B140DE003985B4200FB03F171
:1069A00009FB03F20BFB03F3091412141B144942F5
:1069B00052425B42029808FB00FC01EBEC3C079959
:1069C00047F6FA604843ACEBE0313A48814205DBD8
:1069D00047F6FF708142A8BF014600E001460198DA
:1069E00006FB00FC02EBEC3C089A47F6FA605043C9
:1069F000ACEBE0322F48824205DB47F6FF70824263
:106A0000A8BF024600E00246049805FB00FC03EB29
:106A1000EC3C099B47F6FA605843ACEBE033254861
:106A20008342844605DB47F6FF708342A8BF0346D6
:106A300000E00346D0180844604505DB47F6FF7CBC
:106A40006045A8BF604600E01A481FFA80FC06981F
:106A500020F804CC20F802CC0A9802380A90069854
:106A60000430069004980493019B09900893029BBC
:106A7000019207930291C8E6029B07996362039B08
:106A8000A162E3630199089BE16223630499099B76
:106A90002784C4F84880C4F84090E6646163A36327
:106AA000C4F844B025650FB0BDE8F08FB0AF010861
:106AB000147B01080180FFFF08B5FFF775FE001485
:106AC00008BD00002DE9F84FB0F90E709946BF11CE
:106AD000037FC83704461646B0F80C80BFB22BB30C
:106AE000A0234FF0000AA0F8443080F81CA0FFF764
:106AF000E3FF554B013000F00700062202FB003394
:106B00004FEA073C254651465A5C04350CFB02F21D
:106B1000EA615A18D278013103296A63F4D1062850
:106B200040F6FF7338BF0023A4F84630B4F8441091
:106B300019B10139A4F844102EE0444B48F3033056
:106B4000062202FB00302546844690F806A0C8F3D2
:106B50000B0202FB0AFA1CF801B0C2F5805303FBDA
:106B60000BAA07FB0AFAC5F820A090F809B00CEBB5
:106B7000010A02FB0BF29AF803A0013103FB0A237E
:106B800003294FEA2333AB6300F1010005F104054B
:106B9000DBD10023A4F84630B4F846804D46002DE2
:106BA00050D094E88800226A1F44E36AA16B1A441B
:106BB000E262120E264B02F0F002114333F81190FC
:106BC000226B616A27600A442263E16B120E02F0B5
:106BD000F002114333F811A0A26A636B1D491344FC
:106BE0006363226C1B0E03F0F0031A4331F812B0FA
:106BF000FFF762FF2368626808FB0030904209D308
:106C00000AEB090159443F0E09B2C7F1FF07794366
:106C100089B203E00021E16221636163A1F50041D3
:106C200089B20D480A1230F81230023030F91200E1
:106C30001AB2821AC9B2514303EB212326F8023B50
:106C4000013DACE7BDE8F88FA4D70008CCD400081C
:106C5000B0AD01087CE00008167C01082DE9F04F7A
:106C600089B00493037F04460392B0F82090D0F8D3
:106C700024A000F5CA763BB1304600214FF4805283
:106C800005F002FF00232377A5686D08A5F5803580
:106C9000544B9D4201D96D08FAE72B0C0593B4F9CA
:106CA0000C30B4F918205B10C3F5DA4360339BB2A3
:106CB0000693B4F90E30A2F5005202EB63024A4B80
:106CC000A2F3C712278D33F81210DDF81080049B51
:106CD0001FFA88FB1FFA83FC0CEB09031A46CBEB67
:106CE00003039BB20793B8F1000F70D094E80C0037
:106CF000134423600291CDF804C0FFF7DDFE069B2C
:106D0000DDF804C0584309F580536344DDF814C02E
:106D1000C013CCEB0303CBEB030B1FFA8BFBCBF3C2
:106D20000A030BF1FF3BCBF30A0B36F91BB01FFA3A
:106D300085FC46F26662424336F91300CCF57F4388
:106D40000CFB0BFCFF3303FB00C0284B40148244B8
:106D500003FB0AFAD21302F5CC426632C2EB2A3A9E
:106D600003F6662303FB0AF31B1303F5B343DFF8B3
:106D700080C01A336345029905DB47F6FF7B5B450C
:106D8000A8BF5B4600E0634603FB0AF302EBE33275
:106D9000624505DB47F6FF739A42A8BF1A4600E03A
:106DA000134ADDF81CC03FB2CCF30A0326F81320C7
:106DB000C1F580535F4302FB0177039BC7F30F3795
:106DC00023F8027B039308F1FF3882467FE73FB246
:106DD000C2F30A02A7622284C4F824A009B0BDE865
:106DE000F08F00BF0000FF07B0AC0108CDF0FFFF3F
:106DF0000180FFFF2DE9F04F91B00B93038C00F160
:106E00002405079300F5CA730693037F00F2945C90
:106E100004460A92468C95E8200CCDF814C073B154
:106E2000604600214FF4805205F02EFE00250698A2
:106E300000214FF4806205F027FE2E462577A368D7
:106E4000B4F90E704FEA4309A9F50039BF124FEAB1
:106E5000192330375F43C7EB0909774B994503D9AD
:106E60004FEA59097F08F8E703F174439F42F7D8C6
:106E7000B4F90C30B4F918201B11C3F503630433C3
:106E80009BB20E936D4BD21133F812204FEA194C7E
:106E9000390CDDF82C80CDF830C00D9108920B9B99
:106EA0001FFA88F198B2079B08F1FF3C03445A1A75
:106EB00092B20992CDF83CC0B8F1000F00F0AD805D
:106EC00094E80C0013442360079BDDF830C003F501
:106ED000005E86440D9ACCEB0E0E03F50063C1EB09
:106EE0000E0E03449B1A1FFA8EFEDDF814C0591AC9
:106EF000CEF30B030EF1FF3ECEF30B0E1CF90E206A
:106F00001CF903301FFA89F042430193DDF804E0D5
:106F1000C0F57F4389B20698FF3303FB0E22C1F30D
:106F20000903C3560139C1F30901019343561FFAFE
:106F300087FC0CFB03F3CCF57F4E01990EF1FF0E9D
:106F40000EFB01333E49121431F816101B14520285
:106F50005B024900029104920393FFF7ADFDDDF857
:106F600038C002990CFB00F04FEA203C01FB0CFCFE
:106F7000CDF804C0DDF820C0049ACCF5805045431C
:106F80000CFB125540F6D77000FB0BFBDDF824C05C
:106F90002D13CAEB050A0AEB2B3BCCF3090ADDF8EB
:106FA00004C04FEA6B0001EBEC31091ADDF818C0A0
:106FB00049120CF80A10039B002B05DB4FF6FF71FA
:106FC0008B42A8BF0B4600E00023DDF824C052101E
:106FD000CCF30B014FEA232C1A4B33F91C30DDF8AC
:106FE00014C003445B120CF80130174B9A4205DBC6
:106FF00047F6FF739A42A8BF1A4600E01A460F9957
:107000000A988B0720F8022B18BF01360A9018BF88
:10701000B6B208F1FF38AA4641E7B6F5B47F28BFFB
:107020004FF4B476238466846562C4F828A0C4F85B
:107030002CB011B0BDE8F08F0000FF0FB0AC01081C
:107040002C940108187E01080180FFFF2DE9F04F04
:10705000B0F91810514C4904054685B0080E02924B
:1070600034F81020023434F810004FEA1128801A46
:107070001FFA88F808FB00F8B5F90C00484F4004E7
:10708000010E4C00023437F8116002EB1848E25B45
:10709000000A80B2921B424306EB1246414AB5F900
:1070A0000EB032F81110A25AB6B2521A4243BBF5D2
:1070B000804F01EB124203961FFA88F892B22E6AB3
:1070C0006C6A05DA5F46CBF5804A4FF0000B06E0AC
:1070D000CBF5FF477F37ABF5804B4FF0000A90456B
:1070E000C6BFC2EBC23292FBF8F247F6FF72994676
:1070F000B9F1000F4DD00192FFF7DEFC0399019A20
:1071000001FB06F3DB13C3EB600006FB08F304EBA3
:10711000E334254B9C4205DB47F6FF739C42A8BF36
:107120001C4600E01C46001B00FB08F306EBE336A0
:1071300006FB07F304FB0AF19B1303EBA13300FBEF
:107140000BF103EBA131184B994205DB47F6FF73B6
:107150009942A8BF194600E019465143C913A1F549
:10716000004189B2DFF844C008123CF810300CF13D
:10717000020C3CF910C018B2C9B2C0EB0C00484375
:10718000029903EB202321F8023B029109F1FF3918
:10719000AEE76C622E6205B0BDE8F08F28A9010849
:1071A0007EE400081E8601080180FFFF167C0108AE
:1071B0002DE9F04F89B00593436AB0F90C60029352
:1071C000836A078B0393C36A43F6FF750193036BCE
:1071D0000FFA87FA0493F31103F57E43D83303FBC8
:1071E00003F1AA45A8BFAA462AEAEA7A4FEA4A4A20
:1071F0004FEA1A6C490C04464FEA4C0B7248069150
:1072000072490BF1020B31F81C903BF8008030F80A
:107210001CC04FEA1A2A1FFA8AFACCEB08080AFBAC
:1072200008F80CEB184C1FFA8CFCCDF81CC0B4F914
:107230000EC0B610ACF5804C07EB6C0C0FFA8CFC52
:10724000AC45A8BFAC462CEAEC7C4FEA4C4C4FEA6C
:107250001C654FEA450808F1020831F8157030F84E
:10726000155038F800004FEA1C2C1FFA8CFC401B0C
:107270000CFB00F005EB10453BF8010038F801105D
:10728000C9EB0000C91B0AFB00FA0CFB01FC09EB6F
:107290001A4A07EB1C4C1FFA8AFA1FFA8CFC03FBF4
:1072A0000AFA03FB0CF3C6F5FF56ADB24FEA1A4AD1
:1072B0004FEA13491F36171D059B002B78D0FFF7A7
:1072C000FBFB4010002808DDDDF81CC005FB00F1C9
:1072D0000CFB00F309141B1409E0DDF81CC040424C
:1072E0000CFB00F368431B1401145B4249420298F3
:1072F000DDF818C00AFB00F2039803EBE2330CFB45
:1073000000F2A3EBE233324A934205DB47F6FF7209
:107310009342A8BF134600E013460198DDF818C059
:1073200009FB00F2049801EBE2310CFB00F2A1EB47
:10733000E231274A914205DB47F6FF708142A8BF40
:10734000014600E01146581806FB00FC00EB6C30CB
:10735000904205DB47F6FF729042A8BF104600E05E
:107360001B48A0F5004080B2DFF868804FEA202C6F
:1073700038F81C2008F1020838F91C800FFA82FC4A
:10738000C0B2CCEB080C00FB0CFC059802EB2C2CDB
:107390000238019A059002981FFA8CFC27F804CC59
:1073A00027F802CC0492043701910390029383E7FB
:1073B000029B6362039BA362019BE362049B2363C2
:1073C00009B0BDE8F08F00BF147B0108B0AF010821
:1073D0000180FFFF167C01082DE9F0470446904626
:1073E0001F46054600F14009AB6AB3F1807F01D822
:1073F000EB6A0BBB0026EE62FFF7D6F980B2B0F560
:10740000804F19D2B4F90C20554BD21133F81230F9
:10741000AE62DB00EB6263686B62FFF74DFBB4F9B1
:107420000E2063685043696A4FEA13234CBF02166B
:10743000C21502FB03136B6210354D45D4D117F111
:10744000FF37C0F08B80626A236AE16A1344A26A44
:1074500044480A442362A2621D0E30F81510861CAF
:1074600036F915C00DB2C5EB0C05C3F30F236B4302
:107470003D4D120C35F812A001EB234109B20AFB75
:1074800001FA236B616BE26B1944A36B2163134414
:10749000A3634FEA116C30F81C2036F91C900FFAE8
:1074A00082FCCCEB0909C1F30F2101FB09F91B0C8C
:1074B00002EB2949616C35F81320236C0FFA89F926
:1074C000194402FB09F9A36CE26C21641344A36420
:1074D0004FEA116C30F81C204FEA694909EB6A4900
:1074E00036F91CA00FFA82FCC1F30F21CCEB0A0C79
:1074F00001FB0CFC1B0C35F8131002EB2C4C236D1C
:10750000626D0FFA8CFC01FB0CFCD118E26DA36DCF
:1075100021651344A36509EB6C4C4FEA116930F8FF
:10752000192036F9196010B2301AC1F30F21414306
:107530001B0C02EB214135F8132009B251430CEB2F
:10754000614111F5004F05DB47F6FF739942A8BF73
:10755000194600E0054928F8021B70E7BDE8F087EE
:10756000228A01081A82010888EE00080080FFFFC5
:107570002DE9F04F1E46C37E87B00446154600F540
:107580009A7700F5AA7800F5BA79002B3ED04FF42F
:10759000C062C0F8E8203022C0F8F820C0F80C2102
:1075A0004FF4966200234FF44061C0F8102140F67A
:1075B000FD72C0F8E430C0F8EC30C0F8F030C0F82C
:1075C0000031C0F80431C0F81431C0F81831C0F8E7
:1075D0002031C0F82421C0F82831C0F82C31C0F87F
:1075E000FC1038460193FEF78BFF4046FEF788FFFC
:1075F0004846FEF785FF4FF4FA62019BA4F8782114
:10760000012284F8742184F89021E376237F002BF3
:1076100053D0B4F90E30B4F91800B3F5804FACBFB5
:10762000A3F580420022C0F5404010444FF6FF71A0
:107630008842A8BF0846C0F34F1202F5E241483124
:10764000A4F83811B3F5605FA8BF4FF4605301216F
:107650008B4002F5CF420432A4F858214FF4F022B7
:10766000C4F8F420D4F8E42003F500730A44C4F805
:10767000EC20554AC4F83031C4F80821D4F8F82079
:10768000D4F820310A44C4F8002143F23332801385
:10769000C4F81C21D4F80C210B4400F6FC7080B215
:1076A0000A44C4F82831002384F8341184F85411B2
:1076B000C4F82401C4F814212377218B384601F53E
:1076C000C06109B2FEF72AFF218B404601F54061F7
:1076D00009B2FEF723FF218B484601F5F05109B2AC
:1076E000FEF71CFFB4F90CC04FEA6C0CCCF5AB43B1
:1076F0000CF5AB4C70330CF1700C0435002E60D0DF
:1077000004F1E4000193CDF808C0FEF7E1FE8346E2
:1077100004F1F800FEF7DCFED4F800215844002AFA
:1077200040F63D2208BF002200EB020B04F58670F4
:10773000FEF7CEFED4F8142143F2333A002A08BFF4
:107740004FF0000A8244FFF7B7F9059004F59070F6
:10775000FEF7BEFE594604903846FEF7EBFE514652
:10776000024640460392FEF7E5FEDDF808C0039AA4
:10777000019B00EB2A1002EB2B120CFB00FB5A437F
:107780004FEAEB3B05980BEBE23B049A02FB00F15E
:107790004846C913FEF7CEFE0C4A58449042019B5E
:1077A000DDF808C005DB47F6FF729042A8BF10461F
:1077B00000E0104680B225F8040C25F8020C023EC9
:1077C0009BE707B0BDE8F08F0080FFFF0180FFFF5F
:1077D0002DE9F04F41689A46037F49008BB004467B
:1077E000416063B3837E28260133DBB2022B88BF5E
:1077F00000238376837E0D465E4320368319002066
:107800009860B5F5000F986802DD6D100130F7E75C
:107810004FF4806545FA00F0A0514E001E62B4F9A5
:107820000E60451E06EB4606761006F500567043C0
:10783000DD60000C00255D60D96158612577A37E6D
:10784000282000FB0343203360681D6A890B8542B2
:1078500034BF03F12000201D0068C1F58051D861BC
:10786000B4F90C3089B2B3F5804FA3BFD810A0EBA8
:10787000401000F500304FF6FF70069008B2FF2868
:10788000D8BF4FF48071B3F5804F07DA09B2C3F562
:10789000804909FB01F9C9F38F3901E04FF0000974
:1078A000B4F8448002F1040BBAF1000F00F09480A8
:1078B00004F17803254604F5CA76099300276B6B1B
:1078C00083B1013B6B6336F913300393FFF7F4F890
:1078D000039B00EB400018446B6B801026F81300EC
:1078E000074459E0A96BE86BAB6A01441633A963FE
:1078F000D940EA6A02310A406B6A079207998B42C3
:1079000035D0E96A5A1C0A4006EB430136F813C029
:10791000089136F81210059201910393CDF810C02A
:10792000FEF742FF069980B28842059A039BDDF874
:1079300010C015D801980FFA8CFC01B21CEB0101A4
:1079400043BF4942491049424910B9F1000F05D0DF
:107950000FFA89F0C0F500404143C913089801802F
:107960001BB931882B6A26F813101346C6E7A86B9B
:10797000A96A6B6220FA01F18A0D36F8123006EB23
:107980004202B2F902001AB2821AC1F38F115143B6
:1079900003EB21431BB21F44099A2835954206F692
:1079A00002068CD10F4B9F4205DB47F6FF739F42C7
:1079B000A8BF1F4600E01F460FFA88F8B8444FEAF8
:1079C00068082BF8048C1FFA87F82BF8028CAAF1B0
:1079D000020A0BF1040B67E7A4F844800BB0BDE882
:1079E000F08F00BF0180FFFF10B543F6FF7399428F
:1079F000A8BF1946A1F58041002311F5C06103F12C
:107A00000103FAD407480C1150F82420013450F82F
:107A1000240001F00F01801A414302EB2110D840ED
:107A200010BD00BF907901082DE9F04F8846B0F9EC
:107A30000C10B0F8189087B0A1F58041019209EBC5
:107A4000A101426809B204469A4607680292C66AD2
:107A5000056BFFF7C9FFB4F90E300390A3F580431F
:107A600009EBA301204609B2FFF7BEFFC24407F1AC
:107A700080470490CDF814A0059B98455BD018F87A
:107A8000013B13B9029B1F4402E000252E462F46FE
:107A9000039A049B16441D442B4B4FEA176A4FEA86
:107AA000166C290E33F81C0033F8112033F81A90A5
:107AB000023333F91AB00FFA89FACAEB0B0AC7F38B
:107AC0000F2B0BFB0AFA09EB2A4933F91CA00FFA1A
:107AD00080FCCCEB0A0CC6F30F2A0AFB0CFC33F932
:107AE000111013B200EB2C4CCB1AC5F30F214B43F2
:107AF0000FFA89F90FFA8CFC0CFB09FC02EB23420C
:107B00004FEA2C4C12B202FB0CF21214A2F5004206
:107B100092B20E48111230F81130023030F91100D3
:107B200019B2411AD2B24A4303EB2223019A22F836
:107B3000023B0192A0E707F140472760E662256318
:107B400007B0BDE8F08F00BF1A820108167C01085B
:107B50002DE9F04FB0F90CA097B00AF5806A0AFB46
:107B60000AFA01924FEA6A2A028B04460E469846A8
:107B7000AAEB8A09002502EB29439BB219B22046E1
:107B800003920493FFF730FF049B8346591C09B20C
:107B90002046FFF729FF1FFA89F1CBEB0000414394
:107BA0000FAB0BEB2141E95004351C2DD144039A56
:107BB000E1D1237F4BB10025FEF7F6FD63190435B3
:107BC000182D1862F8D100232377B4F90E1042F66D
:107BD000A9229142A1F52A51D4BF18220C222A3998
:107BE0005143B4F91830584803EB611181F30F0188
:107BF00049040A0E30F81230023030F812000A0A36
:107C0000C01A92B2424303EB1242504B0F991B88A9
:107C1000119F05930691109B12990793089709915C
:107C2000139B149F1599B044256DE06C92B20A9392
:107C30000B970C91CDF834800D998E427FD016F8B9
:107C4000013B002B5FD1216ADDF81CC0DDF82080EC
:107C50008C44616A23688844069FA16ADDF82490F9
:107C60003B448944C4F820C0E16ADDF828A04FEA0B
:107C7000DC4C0CEBD34C8A44DDF82CB0216BACF51A
:107C8000E04C0CEBD84C8B440C9F616B0CEBD94C4B
:107C90000CEBDA4C39440CEBDB4C616302910CEBDE
:107CA000D141A1F50041C4F8248089B2DFF8A48055
:107CB0004FEA212CC4F82890C4F82CA0C4F830B0A6
:107CC000236038F81C3008F1020838F91C800FFADC
:107CD00083FCC9B2CCEB080C01FB0CFC05FB02F1E8
:107CE000059F00EBE13007FB05F9194903EB2C2355
:107CF0001BB28842A3EBE9330DDB47F6FF7C6045FE
:107D0000A8BF604608E0002323626362A362E362C7
:107D10002363636397E708461B1A03FB02FC8B424D
:107D200005EBEC3505DB47F6FF718B42A8BF0B4630
:107D300000E0074B019F27F8023B01977CE7E064D6
:107D4000256517B0BDE8F08F28A901087EE400087A
:107D50000180FFFF167C01082DE9F04F89B00291E8
:107D6000B0F90C109B46038BA1F5006103EB610198
:107D7000437F09B20E3BDBB2019343F6FF73994296
:107D8000A8BF1946D0F8208004460492476A866A44
:107D9000C56AFFF729FE804504D2C8EB0000B0FB9E
:107DA000FBF004E0C0EB0800B0FBFBF0C043DDF8E3
:107DB00008900390D944CDF818904346029806994C
:107DC000884200F0C1802268616802980A44DDF8A8
:107DD0000CA02260534410F8012B4FEA933CCDF8DD
:107DE00014C002900AB91F4406E00025012284F85D
:107DF000302025602E462F4622688A4204D25748FA
:107E0000DDF8049050F829704900B1EB420F01D819
:107E10001E440DE094F83010DDF804A081F001015B
:107E200084F830100AF001004C49023051F820600B
:107E30004B49380E31F8109001F1020C3CF910A0BA
:107E40000FFA89F0C0EB0A00C7F30F2A0AFB00F013
:107E50004FEA166A31F81A1009EB20403CF91A90E3
:107E60000FFA81FCCCEB090CC6F30F2909FB0CF9C6
:107E700001EB2949E1890FFA89F9CDF800900FFA51
:107E800081F9C2F3CF3CB9F5804F6FEA0C0AA8BF65
:107E90008CEAE272DDF800C01FFA8AFA0AFB0CF9DC
:107EA00094F830C0B8BF6FEA124200B292B24FEA03
:107EB0002949BCF1000F01D0C9F10009DDF814A077
:107EC0001FFA8AFC0CFB09FC05EB2C45DFF894C07B
:107ED000654505DB47F6FF7C6545A8BF654600E0C4
:107EE0006546DDF804C01CF0020F04D042431FFABF
:107EF00089F9120C0FE000F500404243019812147A
:107F00000128A2F5004208BFA94492B214BF1FFA8B
:107F100085F9C9F34F0908B2B0F5804FA8BFC9432E
:107F2000890089B20FFA89F901FB09F9C1F57F4C83
:107F300012B20CF1FF0C0CFB0299049A4FEA29498A
:107F400022F8029B049239E7039A67620BFB0283D3
:107F5000A662E562236209B0BDE8F08FD4D70008BD
:107F60001A8201080180FFFF2DE9F04F8846B0F921
:107F70000C1085B04910044603930292FFF734FDBC
:107F8000B4F90E10206249102046FFF72DFD0023A2
:107F90006062039A93425DD0226861680A4422605D
:107FA00018F803200AB100222260E26A256A2B4FEA
:107FB0001544E562BE1C2A0E37F812C036F812903E
:107FC000606A226BDFF898B010442063020E37F825
:107FD000127036F81220019222684FEA126A3BF8BA
:107FE0001A608A420BF1020B3BF81AA028D30FFA51
:107FF0008CF10FFA89F9C1EB09090199C5F30F2535
:1080000005FB09F90DB239B2691AC0F30F20C6EBAE
:108010000A0A4843C2F30F2202FB0AF20CEB294C76
:108020004CF34E0C07EB20470CF5C04C47F38D0783
:1080300006EB12466744C6F34E067E43F61302E093
:108040000026E6622663029AA6F5C04622F813606F
:1080500001339EE705B0BDE8F08F00BF1A8201082A
:108060008CF400082DE9F04F99460E46038BB0F9C9
:108070000E1003F5C063A1F5804103EB610185B0EB
:1080800009B204461746056AFFF7AEFCB4F90CC006
:108090004FEA5008B4F9100047F6FF73B3FBF9F349
:1080A000C0EB0C0C0CFB03FCB1440190CDF80C9020
:1080B0006346DDF80CA0564538D0019901EBE33258
:1080C00094E803000144216016F8011B09B1002562
:1080D0002560194945444FEA156A31F81A90881C01
:1080E00030F91AB00FFA89FACAEB0B0AC5F30F2B55
:1080F0000BFB0AFA09EB2A490FFA89F902FB09F985
:108100002268634402EB89094FEA196A31F81A10B0
:1081100030F91AA008B2C0EB0A00C9F30F2909FB15
:1081200000F901EB294127F8021BC2E7A389256268
:10813000238205B0BDE8F08F1A8201082DE9F04FC7
:1081400087B002929946028BB0F90E3015B2A3F5B2
:1081500080435B10A5F510551D44AD00C5F5FF45E6
:108160007F35002D04460F46B0F824A0066A05DBD3
:1081700047F6FF718D42A8BF0D4600E0002502F5CD
:10818000C062D118204609B2FFF72EFCB4F910B036
:10819000B4F90C2047F6FF73B3FBF9F3CBEB020203
:1081A00002FB03F84008B9440390CDF81090434611
:1081B000DDF810904F454BD00BEBE332019294E881
:1081C00006000A44226017F8012B0AB10026266037
:1081D000DDF80C9022494E440FFA8AFC06EB8C3CE9
:1081E000881C4FEA1C6A31F81A2030F91AA0CCF327
:1081F0000F2CCDF814A0DDF814900FFA82FACAEB18
:10820000090A0CFB0AFADDF804C002EB2A4205FB5E
:108210000CFA12B24FEAEA3A0AFB02FA2268434425
:1082200002EB4A024FEA126931F8191030F919A02D
:1082300008B2C0EB0A00C2F30F2A0AFB00FA029A46
:1082400001EB2A4A1FFA8AFA22F802AB0292AFE740
:10825000A389A4F824A02382266207B0BDE8F08F8A
:108260001A8201082DE9F04F99460E46038BB0F9AA
:108270000E1003F5C063A1F5804103EB610185B0E9
:1082800009B204461746FFF7AFFBB4F91020B4F962
:108290000CC047F6FF73B3FBF9F3C2EB0C0C0CFBFD
:1082A00003FCB144A18C256A01924FEA5028CDF815
:1082B0000C906346DDF80CA056453ED094E80300D0
:1082C00001442160DDF804A016F8011B0AEBE3323B
:1082D00009B1002525601C494FEA156A31F81A904A
:1082E000881C30F91AB00FFA89FACAEB0B0AC5F3E9
:1082F0000F2B0BFB0AFA09EB2A490FFA89F902FB4B
:1083000009F92268634402EB49094FEA196A31F816
:108310001AB030F91A000FFA8BF1411AC9F30F297C
:1083200009FB01F10BEB214189B241F34620813079
:1083300027F8021B08FB0055BCE7A389A184238210
:10834000256205B0BDE8F08F1A8201082DE9F04FD3
:108350001E46037F91B004469146CBB1816F024621
:108360000023A448B1F5806F185E03F10203C2F840
:10837000A400BCBF4FF0804010620C2B02F104023D
:10838000EFD100232377278B00251FFA87F820E001
:10839000B0F90C20B2F5FA4FF5DAC2F5FF427F32A0
:1083A00012125243D511024693499448595A185A09
:1083B0000233081A6843A1EBE011906F0C2B00FB0D
:1083C00001F04FEA2040C2F8A40002F10402EBD110
:1083D000D9E78B4B2046E95A414409B2FFF704FB29
:1083E00004EB4503023540000C2DD864F1D1B4F8FC
:1083F000D010B4F90E30019139B2A1F5C06101EB92
:10840000A30181F30F0109047E4D080E35F81020F9
:10841000023535F81000090A801A89B2414302EB8F
:10842000114292B2039243F257229342D4F8D88079
:10843000D4F8DC70D4F8E05002DC03F580530AE095
:10844000B3F5804F05DB4FF48042A3F580430592DE
:1084500003E04FF480430593002343F25822534333
:108460009B1307934FF48033B3FBF6F34FF0000AEE
:10847000099309F10409CDF808A0002E00F0A380AB
:10848000DDF808B0DDF824C0E344CDF808B0FEF70D
:1084900013FBB0F5804F05DC5B4B10F5804FB8BF88
:1084A000184601E04FF480400399C8EB00004843B0
:1084B00008EBE038C7EB08034B4307EBE3377B1BC4
:1084C0004B4304F12000002205EBE33506900492B3
:1084D000069BDFF83CB1C4EB030C8444DCF80C10C1
:1084E00083580B4483504FEA136A3BF81A100BF180
:1084F000020B3BF91AB00891CDF800B0DDF820B0BE
:10850000DCF838100FFA8BFADDF800B0DCF864C044
:10851000CAEB0B0AC3F30F23DDF808B003FB0AF321
:10852000C1EB0C0C0BFB0CFCDDF820A001EBEC31DB
:108530000AEB23431BB25943DDF810C0DDF818B035
:10854000091402F1280A04328C446B460BF1040B27
:10855000182ACDF810C04AF80310CDF818B0B7D1DA
:108560000B9BDDF81CC06B43CCF540521B125A43E9
:108570000A9B059903EBA2320D9BDDF810A06B431B
:108580005B120CFB03F302EBA33301FB0AF203EBD8
:10859000A2331E4A934205DB47F6FF729342A8BFFF
:1085A000134600E01346DDF804B0023E0FFA8BF2EA
:1085B0001A4452109BB229F8042C29F8023C01936A
:1085C00009F1040959E7DDF804C0C4F8D880A4F81B
:1085D000D0C0C4F8DC70C4F8E05004F12003334488
:1085E000D3F8842004362C2E9A65F6D111B0BDE85C
:1085F000F08F00BF44D3000898D70008E4D70008E4
:108600008CD7000828A9010800C0FFFF0180FFFFE8
:108610001A8201082DE9F04789469846B0F91210F0
:10862000C3890446924601F140001AB2824202DC3C
:1086300040398A4200DA6382A389B4F910101AB271
:1086400001F11000824202DC10398A4200DA2382F2
:10865000237F23B1FEF7A8F80023E0622377656843
:108660002668002D04DB6D0002D46D0058BF6D003C
:10867000218A2046A1F5804109B2FFF7B5F9B4F986
:1086800012304FF480329B120133012B08BF0223BA
:108690004000B2FBF3F3606259080027474524D03D
:1086A00019F807200AB92E4400E00026AE4217D27E
:1086B000A26A0F4E72430F4E1644226AA66202440B
:1086C0008242226202D2E26A2062A262228DB2FB60
:1086D000F3FC8E1803FB1C22B6B2B21A22862E4679
:1086E000228E2AF817200137D8E72660BDE8F087E8
:1086F0000D6619005FF36E3C2DE9F04F1E46C37EF8
:1087000089B004469246DBB100F59A70FDF7F8FE99
:10871000012542F6E063A4F8383184F8505184F81A
:10872000345104F5AA70FDF7EBFE022384F8703192
:108730004FF4FA63A4F85831002384F85451E376D7
:10874000B4F918102046491001F5A051FFF74CF973
:1087500045F6D162830A5A431209039243F2111279
:108760005A431209049244F2F1725A4312090592D3
:1087700045F2B4725A431209069247F672425343C5
:10878000B4F90C10B4F90E20182704F59A781B09D7
:10879000491005464743404607930092FDF7BEFE49
:1087A000B4F90C1004F5AA7948464910FDF7B6FE55
:1087B000002E64D023683B44BB42236005D2A36BE8
:1087C000304A5A43304B1344A363626ADDF80CB05D
:1087D000A06A5A44DDF810B0E16ADDF814E0236ABB
:1087E00058448E44A062216BDDF818C0C00F2B44A2
:1087F00000EBD2708C4400EBD370616BDDF81CB0E1
:10880000C4F82CE000EBDE7E5944C4F830C00EEB17
:10881000DC7C019161630CEBD1712362033941F27D
:108820005553626259434046FDF784FE174A03469A
:10883000904205DB47F6FF729342A8BF134600E063
:108840001346618F4846A1F5004149100293FDF798
:1088500071FE0E4A029B904205DB47F6FF72904282
:10886000A8BF104600E01046DDF800B0C01A0BFBB0
:1088700000F003EBE0332AF8023B013E98E709B031
:10888000BDE8F08F0D6619005FF36E3C0180FFFFBD
:108890002DE9F843D0F8D450164698460B22EB1C2D
:1088A000B3FBF2F102FB1132C0F8D420027F044680
:1088B00022B90B2B34BF1F460B270EE001460023C5
:1088C000474A04319A5E02334A67162B4FF08042C2
:1088D000CA61F5D1002525770B27BD4219D2414B3E
:1088E00015F0010F33F81510238B20461944B4F905
:1088F0000E3089B214BF01EBE311A1EBE31189B291
:1089000009B2FFF771F804EB85034000D864013524
:10891000E3E7B4F90C30B3F5FA4F03DBB4F8D05009
:10892000321D50E0C3F5FF437F331B125B43002130
:10893000DD1123462C4A2D488A5A085A0231101A52
:108940006843A2EBE012986F162900FB02F04FEA91
:108950002040986703F10403ECD1DFE7076AC36C9A
:10896000DFF890901F4407624FEA176C39F81C300B
:1089700009F1020939F91C900FFA83FCCCEB090CC0
:10898000C7F30F2707FB0CF703EB2743876F1BB2D7
:108990007B4301360B2E01EB634100F10400DDD176
:1089A000134B994216DB47F6FF739942A8BF19464D
:1089B0002DB20D446D1022F8045C8DB222F8025CD9
:1089C000A8F102080432B8F1000F05D000262046B5
:1089D0003146C3E71946EBE7A4F8D050BDE8F88369
:1089E000A0D40008FCD50008B6D4000850D3000875
:1089F0000180FFFF1A82010810B5B1F5804FA8BFB2
:108A00004FF48041A1F580410023002903DA01F5EC
:108A1000C0610133F9E709480C1150F824200134F2
:108A200050F8240001F00F01801A4143C3F10C00FB
:108A300002EB211222FA00F010BD00BF2CAB01089E
:108A40002DE9F84F1F46B0F90C30B0F92410154647
:108A5000B0F91820A3F5804302EB6303C1EB0111C9
:108A60001944C1F30F11818409B2044600F5CA7894
:108A7000FFF7C2FFE2892F4E520092B2111236F870
:108A80001130023636F911A019B2C1EB0A0A02F010
:108A9000FE0202FB0AFA2168B0F1005F28BF4FF026
:108AA000005003EB2A2A4FEA10491FFA8AFAC1F351
:108AB0000C01C0F34E00AA1E17F1FF3737D3C9EBE4
:108AC0000103C3F30C0503F57F533F33C3F30C03DA
:108AD00038F9156038F91350B2F902C0AD1B45439F
:108AE00006EBE5350FFA8AF66E434FEA6C0303EBAB
:108AF000E636114B9E4205DB47F6FF7B5E45A8BF7D
:108B00005E4600E01E460CEB45056D109D4228F8C0
:108B1000116005DB47F6FF739D42A8BF1D4600E0CC
:108B2000054D013122F8025FC1F30C01C4E7216059
:108B3000BDE8F88F167C01080180FFFF2DE9F047A2
:108B40009846437F9146A3F11602D2B2022A044608
:108B50008A4610D8C1893C4841F30725ADB230F8A8
:108B60001520013530F9155010B2281AC9B2414309
:108B700002EB2122E281354A02EBC30152F8336055
:108B8000A27F4F689A423AD00021C42204F120000B
:108B900003F07AFF002540F6FD73C4F8E830C4F80E
:108BA000FC30C4F81031C4F8243104F59A70C4F8CC
:108BB000E450C4F8EC50C4F8F050C4F8F850C4F8CD
:108BC0000051C4F80451C4F80C51C4F81451C4F84D
:108BD0001851C4F82051C4F82851C4F82C51FDF79D
:108BE0008FFC04F5AA70FDF78BFC04F5BA70FDF755
:108BF00087FC01232377E376637F2560A377B4F9AD
:108C0000185020462946FEF7EFFE294660602046B0
:108C1000FFF7F2FEB5F58C4FA06002DD4FF48C43F8
:108C200002E0002D01DA0023238317F0010F4FEA41
:108C3000670018BF2358514618BF9E5920444A4622
:108C40004346B047BDE8F0872A9201084C00002057
:108C5000F0B5C2F34F304FF0320C0CFB00FC9DF826
:108C60001470C3F34F3000EB8004013001EB0C05AE
:108C70003C440CF1320C00EB800035F81460614488
:108C8000384435F8105031F9147031F9100034B20D
:108C9000D20092B23C1B29B2411A54434A4306EB1C
:108CA0002444A4B205EB224521B22DB2DB006D1A9B
:108CB0009BB26B4304EB234000B2F0BD2DE9F04FB3
:108CC000C68987899BB0002590F81B800696079778
:108CD00004469446059307462E46069B5FFA86FB9C
:108CE0000FFA83FA079B70490FFA83F952464B46F5
:108CF000CDF800B02046CDF810C0FFF7A9FF00F571
:108D0000C06040046949020E31F81230023131F876
:108D10001220000AD21A80B250430DAA03EB10436E
:108D200022F81630204652464B46CDF800B0604936
:108D3000FFF78EFF0AAB23F8160010AA15ABDDF87B
:108D400010C0B8F1000F03D000215151595103E078
:108D5000B96A5151FA6B5A510136052E05F10405D5
:108D600007F10407B9D1B8F1000F01D00023E37671
:108D70006368BDF928704FEA430B4FEA1B46216830
:108D8000B4F92480206A079609970CF10405059F21
:108D9000002F76D011EB0B0112D3DDF81CA04FF69B
:108DA000FF73B1FBFAF29A4238BF134603FB03F29A
:108DB000C3F57F43FF335B43A0EB92409B0C00E085
:108DC000002303EB514308930DF132030693002374
:108DD0001A4615AE9F590DF1400CA0EBA71603964D
:108DE000069E36F9029F07FB09FA53F80C700696A7
:108DF00007EBEA3A2F4FBA45A8BF5746B7F5004FE1
:108E000043F80C70A4BF47F6FF774CF803700DF1E0
:108E1000400C53F80CC0DDF80CA015AFCCEB0A06E3
:108E200006FB09F9DE5906EBE939224EB145A8BF28
:108E30004E46B6F5004FDE51A4BF47F6FF76FE5012
:108E400015AE9E59099F04337E43142B02EB6642F4
:108E5000BFD1184B9A4205DB47F6FF739A42A8BF71
:108E60001A4600E01A46059E90444FEA6808023E02
:108E700025F8048C25F8022C0596043508989046B0
:108E800085E721602062A4F824803B4610AA9A5806
:108E90000434626215AA9A580433142BA263F5D1E4
:108EA0001BB0BDE8F08F00BFA6D3000828A90108B9
:108EB00002D500080180FFFF2DE9F00FB0F90E5038
:108EC000B0F90CC0B5F5804F05FB05FA4FEAA515C2
:108ED000A4BFC5F5FF75013505FB05F5AD129EB0C4
:108EE00005FB05F50CEB4C0C44680493B0F8D0304E
:108EF000CCF3581C64004FEA6C0B88464FEAEA3A00
:108F0000019301680023059203940BF5C06B0435AF
:108F10004FEACA1A1A4605AC1E02CCEB0607CBEB89
:108F2000060606FB06F607FB07F796FBF5F997FB27
:108F3000F5F7803709F180094FF480069AFBF9F9BB
:108F400096FBF7F601334E440C2B324444F8046F81
:108F5000E2D1039D6FF000442B0CB3F5804F94FBDE
:108F6000F2F298BF069C056A9CBF544326144FEA50
:108F7000430488BF0026B4F5804F129598BF079D23
:108F8000069698BF554304EB030698BF2F14456A15
:108F900088BF0027B6F5804F1395354698BF089DCA
:108FA000079798BF5543866A98BF2F144FEA8305E9
:108FB00088BF0027B5F5804F149698BF099E089783
:108FC00096BF5643002737140997C66AEF18B7F5BE
:108FD000804F15963E4697BF0A9E0027564337148A
:108FE0000A97066BE718B7F5005F16963E4698BFDE
:108FF0000B9E4FEAC30796BF564300263614C3EBB9
:10900000070C0B96466BBCF5804F179697BF0C9ECE
:109010004FF0000C56434FEA264C866BB7F5804F55
:10902000189698BF0D9E1F4498BF5643CDF830C088
:1090300098BF4FEA264CC66B88BF4FF0000CB7F5BF
:10904000804F199697BF0E9E002756433714CDF8D0
:1090500034C0066C0E97EF18B7F5005F1A963E46BF
:1090600098BF0F9E1D4498BF564303EB450594BF20
:1090700037140027B5F5804F98BF109D466C98BFF8
:10908000554323441B9694BF2E140026B3F5805FEE
:1090900098BF119B856C98BF5A43C36C98BF12143C
:1090A0001D93049B88BF00220F9710961C95119268
:1090B000002B74D0DFF8F0C0059D9B4698F8003077
:1090C00005F1040A0CF1020912AF0290002B48D1FD
:1090D00098F8013008F10208002B44D1039E314476
:1090E00000231D460A460491100E3CF8104039F941
:1090F000106020B2361AC2F30F2000FB06F606A954
:10910000F85804EB2644C95824B200FB04F40E1AA4
:1091100000EB2620F850049E0433302B324405EB3C
:10912000E435E1D11F4B31469D421EDBB5F5004FC2
:10913000B8BFABB202DB47F6FF752B460198BBF117
:10914000020B02B215444FEA65052AF8045C2AF8BE
:10915000023C0AF1040A0CD0019398F80030002B6D
:10916000B6D008F101080021BAE71D4648F2010314
:10917000E4E702980546A0F8D0301EAE45F8201B63
:109180003C460FCCB44228606960AA60EB60274679
:1091900005F11005F4D11EB0BDE8F00F7047019B3A
:1091A00012AFE7E70180FFFF1A8201082DE9F341C2
:1091B00006880446A0F86660082084F8740084F8E5
:1091C00094001D4694F903002389A4F88660A4F84E
:1091D0006E300344A4F88E3004F158008846002312
:1091E00000951746FBF74CFD04F1220204F17800CC
:1091F000009541460023FBF743FD20343A46013DEC
:109200006B1C02F102020BD032F9023C5B1022F817
:10921000023C34F9021F03EB610322F8023CEEE743
:1092200002B0BDE8F08173B51D4603890446A0F87D
:109230006E30022380F8743003885830C38130F8D0
:10924000563C1646438200230095FBF719FDB4F9FE
:109250000230C3F5FF437F331B1115F1FF3508D3EF
:10926000B6F900200D211A444A43D21026F8022BE9
:10927000F3E702B070BD2DE9F3471D4603880446AD
:10928000A0F86630A0F8863003898846A0F86E30D2
:10929000A0F88E30012380F87430032380F89430D6
:1092A00000F122060023583000951746FBF7E8FC32
:1092B00004F178004146002300953246FBF7E0FCBC
:1092C000B4F90610B4F9020047F6FF73B3FBF5F3E7
:1092D000401A5843034615F1FF351BD336F9029B5C
:1092E0004FF0940A0AFB09F901EBE33C4FEA4C0CFE
:1092F0001FFA8CFC4FEA2929CCF57F420CFB09FCB4
:1093000037F9028BFF3202FB08C2121427F8022C35
:109310000344E0E76388E38002B0BDE8F0872DE90D
:10932000F3471D4644F254230446C35C0088052BD2
:10933000A4F866004FF0030084F89400B4F902002A
:1093400014BF0123032384F87430B0F5804F2389C0
:10935000ACBF4FF4C0604FF440600026A4F86E30FC
:109360001B1A8946A4F88E3004F158003346A4F83D
:109370008660009504F122079046FBF781FC494680
:109380003A463346009504F17800FBF779FCB4F9CE
:109390000620B4F902C047F6FF73B3FBF5F3C2EB46
:1093A0000C0C0CFB03FC3346614615F1FF351CD356
:1093B00002EBE136B6F5804FBABFC6F57F563F36B1
:1093C000A6F5804637F903A07600B6B2C6F57F4011
:1093D00006FB0AF638F90390FF3000FB0960001421
:1093E00028F8030061440233DFE76388E38002B0BA
:1093F000BDE8F0872DE9F3471D4644F25423C35CD2
:109400000026072B044614BF30460320238984F826
:10941000740084F89400B4F90000A4F86E3004F1EC
:109420000A0903EBA003A4F88E3004F158004B4660
:10943000A4F86660A4F88660009504F122079046BF
:10944000FBF71EFC49463A463346009504F1780086
:10945000FBF716FCB4F90620B4F902C047F6FF7317
:10946000B3FBF5F3C2EB0C0C0CFB03FC334661467B
:1094700015F1FF3516D302EBE13637F903A076007C
:10948000B6B2C6F57F4006FB0AF638F90390FF3006
:1094900000FB0960801400EB400028F803006144E1
:1094A0000233E5E76388E38002B0BDE8F0872DE989
:1094B000F3471D46038904461FB24FF0060EC7F559
:1094C00038500EFB00F0C7F52057C7EBC70700F573
:1094D000FF4007F5FF477F307F3747F6FF76B4F947
:1094E00000C027EAE77720EAE070B742A8BF374616
:1094F000B042A8BF304600FB0CF007FB0CFCC013C9
:109500004FEAEC3CA4F86E30A4F88E30072389466D
:10951000A4F86600A4F886C084F8743084F894E057
:1095200004F158000023009504F122079046FBF750
:10953000A7FB49463A460023009504F17800FBF763
:109540009FFBB4F90620B4F90230B6FBF5F69B1A7E
:109550005E430023314615F1FF3516D302EBE13CA3
:1095600037F903A04FEA4C0C1FFA8CFCCCF57F4076
:109570000CFB0AFC38F90390FF3000FB09C0001413
:1095800028F8030031440233E5E76388E38002B042
:10959000BDE8F0872DE9F04F17461D460288038984
:1095A0008946A0F86E30A0F88E3042F6AA2113B298
:1095B0008B4285B004464FF000060CDC042302EB1E
:1095C0004202A0F86660A0F8866080F8946080F897
:1095D0007430560013E045F25552934211DCC3F546
:1095E0002A532B3303EB4303A0F86660A0F8866090
:1095F000032280F894605E0080F87420013EB6B2C9
:109600000EE0A3F5AA43563B03EB4303A0F86630F4
:10961000032380F874300523A0F8866080F8943026
:10962000494604F158003A46002304F12208009507
:10963000FBF726FB494604F17800424600230095DB
:10964000FBF71EFBB4F90820B4F90230DFF8E09014
:10965000A2EB630000F5804080F30F0040044FEA66
:10966000106C39F81C1009F1020939F81CC0000A05
:10967000C1EB0C0C80B200FB0CF001EB104189B285
:10968000B2F5205F03914FEA4303616D44DDA2F51B
:109690002052A3EB021323EAE3733DE038F9022BD7
:1096A00037F902CB7243C6F57F40FF3000FB0C2038
:1096B0000014421A02900398424301EBE2311B4A24
:1096C00091422DDB47F6FF729142A8BF114601F58A
:1096D0000049DFF860B04FEA292A3BF81AC00BF1C5
:1096E000020B3BF91AB00FFA8CFACAEB0B0A5FFABD
:1096F00089F909FB0AFA0CEB2A2C98B20FFA8CFCB8
:10970000C0F57F4200FB0CF0DDF808C0FF3202FB21
:109710000C02121427F8022C15F1FF35BED201E01D
:109720001146D4E7616505B0BDE8F08F0180FFFF09
:1097300028A901081C8401082DE9F74F984644F236
:109740005423C35C1746093BDBB2022B98BF304A57
:10975000044698BFD25C23894FF00000894688BF39
:109760000522A4F86600A4F88600A4F8A600A4F8D0
:109770006E30235A274D1EB271123612013635F85B
:109780001110B4F808C0761035F916508C441B023D
:1097900009B2691A9BB24B4304EB001E02300CEB7A
:1097A00023430428AEF88E30E3D14FEA480A84F808
:1097B000742084F8942084F8B4203B4607EB0A0216
:1097C000934203D0002123F8021BF9E704F1580665
:1097D00004F1B80BCDF800803046494604F122026E
:1097E0000023FBF74DFA002555450AD06319B3F95C
:1097F0002230152253437A5B02EBA3137B530235CD
:10980000F2E720365E45E5D103B0BDE8F08F00BF3A
:10981000F0D70008F4D7000870B5B0F9D0604488DC
:109820000588B6F5345FA0F8C640A0F8C450048996
:1098300008DD25B2B5F5345F04DD35446D10A0F8C0
:10984000D05001E0A0F8D04044F25424045DB83078
:109850000D3C4477BDE87040FFF770B92DE9F34146
:109860001E4600230446A0F86630008984F8743050
:10987000A4F86E00009604F1580017468846FBF7DE
:10988000FFF9B4F9D05063882288B5F5345FA4F8A5
:10989000C630A4F8C420238908DD18B2B0F5345FBF
:1098A00004DD28444010A4F8D00001E0A4F8D03032
:1098B0000C2384F8D53004F1B80041463A463346CB
:1098C00002B0BDE8F041FFF739B9000070B544F2CD
:1098D0005425455D084C04EBC50654F835407568C1
:1098E00015F0010F4FEA650518BF4659284418BF07
:1098F0003459A04770BD00BFAC01002000230122F5
:10990000C0F80431C0F80831C0F80C3102706FF0B3
:109910003F03DA010133402B20F8022FF9D17047C1
:109920002DE9F007002944D0002B42D0002A40D076
:1099300001258446002403F100490CF8805B00F106
:10994000820809F1FF39204625461BE0B7F5004F94
:10995000A8BF47F6FF7731DB16F5004F26DDB6F5D9
:10996000004FA8BF47F6FF762ADB0130834204F19F
:1099700001049CBF01350020402C2CF8027F28F800
:10998000026D18D031F91070C0EB090602FB0577A3
:1099900031F916606FEA050A17F5004F02FB0A66F7
:1099A000D4DC16F5004F48F20107D8DC48F2010676
:1099B000DBE700230370BDE8F0077047BFB2CBE7D9
:1099C000B6B2D2E703782DE9F001002B7CD0D0F8B5
:1099D0000831891A99426ADA1FFA81F800F10805FC
:1099E0007B26002E13DD741035F914300FFA88FC35
:1099F000634505EB440705DC60E035F91360664517
:109A00005EDD1C46631005EB4307002CF5D100F129
:109A10000208C8EB05084FEA6808A8F102039BB2E8
:109A20000FFA88F81CB24FF6FF75A045A0F8105148
:109A30004EDB4FF4804C00EB4404B4F902400FFAC3
:109A40008CF60C1B002CB8BF6442A4B227B2B742FC
:109A500003F10105B8BFA0F81031ABB2B8BFA446FE
:109A60001CB2A045E7DAB0F910315C1E5D1C00EBBA
:109A7000430300EB450500EB4404B3F90210B4F9CD
:109A80000240B5F9023004EBC40403EBC305C1EB9B
:109A9000C1031C442B4424111B11C0F80411C0F84D
:109AA0000841C0F80C318818BDE8F0017047D0F8C3
:109AB0000C31994290DCD0F80411F4E72346344687
:109AC000E31A5E1EBD1C8CE70846BDE8F001704736
:109AD00000256FF001044FF0FF33C8E770B5094C63
:109AE0000546024604F13006234603CBB34210601C
:109AF00051601C4602F10802F6D14D2385F82C3046
:109B000070BD00BF70B60108F8B5324B04464D2554
:109B10001F46264603F1300C3A4603CA62453060C0
:109B20007160174606F10806F6D100221146605C06
:109B300001310244302992B2F9D1188E598E9042E7
:109B400004D1A94202D1013525860AE0224A343BDC
:109B5000934205F1FF35DBD1002323862046FFF732
:109B6000BDFF00230122E15C6AB10C225A431B486D
:109B7000155C8D4206D8024452788A4234BF0022D6
:109B8000012200E000220133162BECD182B194F8BF
:109B90002C304D2B0CD1238DB3F5804F08D9A38CDD
:109BA00043F67E6203F5F9531F339BB2934204D907
:109BB0002046BDE8F840FFF791BF638DB3F5804FB5
:109BC000F6D9E38C03F5F9531F339BB29342EFD8D8
:109BD000F8BD00BFA4FF0108CCEF0108BCB001082C
:109BE000F8B54D2380F82C30038E34245C43264B8B
:109BF000264A2344934205464FF0000604D804F158
:109C0000006404F5F83402E0214C0686012602F0D7
:109C100011FD7EB11E4802F049FD1E4802F046FDCE
:109C20001D4802F043FD1D4802F040FD04F13007DD
:109C300026460DE0631E04F1340020F47F7023F407
:109C40007F7320F0030023F003039842ECD1EDE78B
:109C50002B1B30469959043602F048FDBE42F7D11D
:109C600000210B46EA5C01331144302B89B2F9D153
:109C7000384602F065FD04F13200298E02F060FDE5
:109C80002B8E01332B86F8BD34F00108FFFF01084D
:109C900000F0010800F4010800F8010800FC0108C8
:109CA0002DE9F04FA1B01392017F9DF8AC200A90EE
:109CB00009932A9D0C9261B3CB4ECC4B3268CC49B0
:109CC00003FB02F21144804603FB01F0C84AC8F8C6
:109CD00020101446024403FB02F0044403FB04F783
:109CE000C348C349384403FB00F7394403FB01F37D
:109CF000C8F82420BE4A00271A443260C8F834202D
:109D00000C9AC8F82840C8F82C00C8F8301088F819
:109D10001C70002A40F084820A9CE68973019BB281
:109D2000B3F5F04F46F3C42680F0D482DDF83080DE
:109D30000A9DB6B206EB46067600AE4B6A68B71DC2
:109D400020ADDDF828901F441E4445F8182D00244E
:109D5000335B395BB9F81820C91A08FB01F11344C9
:109D600003EB214109B24846FDF73EFE05EB4403F3
:109D70000234062C5860EBD104230C930A9C637FB9
:109D8000062B00F0B682012B00F0B2820A2B00F005
:109D9000EE83052B00F0EB83082B00F01987032BD3
:109DA00000F01687072B00F05186022B00F04E863C
:109DB000DDF828800A9CB8F90C30D8F82400C3EBF1
:109DC000031343F31013256B099F03F50063D8F8C1
:109DD00020B09BB20390D8F82880E66A0495002F43
:109DE00000F01282139F1A981B991C9A1D9C1E9DAD
:109DF0000437079008910D920B940E951BB20597AE
:109E0000CDF808800798039A0899029D0D9CDFF809
:109E1000E88183440A44254408F1020902954FEA87
:109E20001B64100E38F8145038F8101039F910C0AF
:109E30000B9F029839F914803744060E28B2C0EB04
:109E40000808CBF30F2000FB08F808B2C0EB0C0C9D
:109E500005EB2845C2F30F2808FB0CFC0697A9F177
:109E6000020737F81640DDF8088039F9167001EB63
:109E70002C41DDF818900FFA84FCCCEB0707C8F3EF
:109E80000F2C4FEA19660CFB07F7DFF86C912DB227
:109E900039F8160003FB05F509F1020939F91660D6
:109EA00009B2DDF8189004EB274703FB01F104B277
:109EB000361BC9F30F2404FB06F6ED13A5F5004588
:109EC000DFF838C14FEAE138A9B20C123CF814505F
:109ED00000EB26460CF1020030F914A03FB228B284
:109EE000C9B2C0EB0A0A03FB07F7A8F5004801FB5B
:109EF0000AFA1FFA88F84FEA28243CF8140036B210
:109F00000CF1020C3CF9149003FB06F6FF1305EB71
:109F10002A25A7F500470FFA80FABFB2CAEB090954
:109F20005FFA88F83C1208FB09F8FFB20397F613B2
:109F3000ACF1020737F81410A6F50046B6B23CF9AA
:109F400014C000EB2828341208B237F81490C0EB84
:109F50000C0C0237039837F9144000FB0CF70FFA8A
:109F600089F0241AF6B206FB04F62DB201EB27277E
:109F70000FFA88F8A84409EB26263FB236B24744C8
:109F8000049D0E9C07EB06090C9E1B491B482544AB
:109F9000042E049500F1020401F1020530D9049F5A
:109FA0003E0E31F8161035F916600DB2751BC7F369
:109FB0000F2606FB05F501EB254109B203FB01F174
:109FC000C913A1F5004189B20D1230F8150034F91A
:109FD000155004B2C9B22C1B01FB04F100EB212186
:109FE00009B289440CE000BFBC0300200D661900D3
:109FF0005FF36E3C34B801081A820108268E01080E
:10A00000029D0D9E07983544059F4FEA6911089CF3
:10A01000029501EBE909B34D834427F8049C1444ED
:10A020004FEA1B60210EAF1C0394069E35F81040CA
:10A030000B9A37F91080029837F911C01644023F85
:10A0400035F8112021B2050EC1EB080807F102090D
:10A05000CBF30F2137F8150001FB08F839F915701B
:10A0600011B2350EA9F10209C1EB0C0C39F815102B
:10A0700009F1020939F915A0039D04EB2844C5F341
:10A080000F2808FB0CFC029D02EB2C420FFA80FC0F
:10A09000CCEB070724B2C5F30F2C0CFB07F703FB2F
:10A0A00004F412B203FB02F200EB2747E41308B2F8
:10A0B000C0EB0A05A4F50044C6F30F20DFF8289290
:10A0C00000FB05F54FEAE238A2B2101239F8104051
:10A0D00009F1020C3CF910A001EB25453FB221B279
:10A0E000D2B2C1EB0A0A03FB07F7A8F5004802FB4E
:10A0F0000AFA1FFA88F84FEA282039F810102DB212
:10A100003CF9109003FB05F5FF1304EB2A24A7F597
:10A1100000470FFA81FABFB2CAEB09095FFA88F863
:10A12000381208FB09F8FFB20697ED13ACF10207ED
:10A1300037F81020A5F500453CF910C0ADB2281243
:10A1400001EB282811B237F81090C1EB0C0C023744
:10A15000069937F9100001FB0CF70FFA89F1401A44
:10A16000EDB205FB00F524B20FFA88F80E9802EB69
:10A170002727A044049C09EB25253FB204442DB2B7
:10A180004744049407EB05090C9D564A5649042D93
:10A1900002F1020401F1020022D9049F3D0E32F8BF
:10A1A000152034F9155014B22C1BC7F30F2505FBED
:10A1B00004F402EB244212B203FB02F2D213A2F522
:10A1C000004292B2141231F8141030F9144008B25F
:10A1D000D2B2201A02FB00F201EB222212B2914409
:10A1E0004FEA6912DDF8148002EBE909099A28F8B0
:10A1F000029C023A08F10408CDF8148009927FF419
:10A2000001AEDDF808800A9C039DE662049EC4F856
:10A2100020B06562C4F82880266321B0BDE8F08FC5
:10A22000324E3378002B3AD0B6F81031DDF8288062
:10A230001AB206EB4202B2F90210D8F80420B8F9BB
:10A2400018701A920C9A9BB2012AC1EB07073FF4CF
:10A2500095AD2C7823449CB2802C00F2DF86BFB2EF
:10A260000DF168094FF00108DDF828A0DDF830B0E5
:10A2700006E015F8013F1C44A4B2802C00F2C98608
:10A2800006EB440359885046394409B2FDF7ACFB4C
:10A2900008F10108D84549F8040FEAD36EE50A9E93
:10A2A0000C9A7368012A1A933FF468AD374601246B
:10A2B0001AAE90462B1913F8011C3B8B384603EB62
:10A2C000C11109B2FDF790FB0134444546F8040F73
:10A2D000F0D353E5B3F5084FC0F041814FF6FF7856
:10A2E00026E500BF1A820108268E0108344A0020A4
:10A2F0000A9C1A9D0020D4F820B0D4F824901B9A10
:10A3000003900B900346666B04F1280014951C9C87
:10A310001D9D159216941E9A1F9C17950A9D4FF02D
:10A3200006084FF0050C189219940D950324022588
:10A33000CDF82080CDF848C004224FF00108DDF8A8
:10A3400030C010940F951192CDF838805C464D4680
:10A3500083C8099A002A00F0B0809246159ADDF869
:10A360005080D21A0592179A9844D21ACDF80880D4
:10A370000492DDF85880199ADDF860B098449B4447
:10A38000D31ACDF818800793139A01965BE0B8F5BD
:10A39000004FA8BF43F6FF78C0F25486039B002B02
:10A3A00000F04086134633F8029BC8441FFA88F633
:10A3B000DDF8088016804444DDF814804FEA144923
:10A3C0004544DDF81880C9F500494044DDF81080A7
:10A3D000A9EB15494144079EDDF8008009F5C03915
:10A3E000A9EB10494644BCF1040F5F440196A9EB68
:10A3F00011490CD94FEA1748C8F50048BCF1050FC0
:10A40000C14404D04FEA1648C8F50048C1444FEA99
:10A41000691808EBA90919F5004F4ADDB9F5004F95
:10A42000A8BF43F6FF78C0F20586039E16B1B3F8C5
:10A430000090C8441FFA88F8BAF1020AA3F8008015
:10A4400002F1040238D0029B069EDDF810801C4405
:10A4500030444144030C4FEA144803EB1143C8F560
:10A460000038C3EB0808DDF81490019B079E4D44AB
:10A470003344BCF1040F5F440093A8EB15480DD999
:10A480003B0CC3F50043BCF1050F984406D0DDF842
:10A4900000904FEA1943C3F5004398444FEA68130C
:10A4A00003EBA80818F5004F3FF771AFDFF82881DC
:10A4B00074E7DFF82481B8E7019EDDF82C80109B5B
:10A4C00008F1080BDDF838900F9A03F10808119B8A
:10A4D00009F1080A02F1080903F10802129B083386
:10A4E00002930A9B43F82B4043F82A50029C039D99
:10A4F00043F8290043F8281043F8227043F82460F9
:10A50000002D7FF48AAE089E0D9F06F1010806F12A
:10A510000209CDF83880CDF83C90DDF83480DDF8C4
:10A520002090321D06F1030BB3F90C300B96053663
:10A530001192129609F10609D8F84C60012208F12F
:10A540001808BC6BFD6B386C796CDB00CDF840B043
:10A55000BF6CCDF82090CDF834800392F9E6A3F5D6
:10A56000F0484FEA081808F47E48FFF7E1BB0A9E5E
:10A57000174AB089376A40F38523D1184978D25CED
:10A58000144B02EBC212800101EBC111194480B2DD
:10A59000D318059002910393706AB16AF26A336B23
:10A5A000099C08970490079106920B93002C00F0E9
:10A5B0003F82139A1A9D1B9E1C9F1D981E99043260
:10A5C0000E950F961097119012910D9224E100BFF5
:10A5D000DCB8010890F8000800C0FFFFBAF5004F92
:10A5E000A8BF47F6FF71C0F22985049A0F9B089F08
:10A5F0000E981A44079C109D0744049208977A0EFF
:10A600002C44049E0D9F079427F8041C730E039D91
:10A61000DDF8088006981199079E541C15F804C0AF
:10A62000770E084418F80460A95C089C18F80250DA
:10A63000DDF80C80C4F357020690C1EB0C0C581CDB
:10A64000761B18F803B002FB0CFC06FB02F618F8A8
:10A650000020DDF80890CBEB020214920902069A62
:10A66000A1F500412D0219F80340A5F50045530E50
:10A6700001EB2C41029A19F800A089B2781C05EB75
:10A68000264618F807C036B219F8077018F8009077
:10A6900012F8008008B2301A1390049EC4EB0A0A24
:10A6A000C6F35700149E4FEA0B2B00FB06F20AFB81
:10A6B00000F0ABF5004B029E0BEB22422402DDF8CA
:10A6C0000CB05D1CA4F5004404EB204A1BF80340C9
:10A6D000F05C1BF805B0755D079EC7EB0808C6F374
:10A6E0005703CCEB090903FB09F908FB03F33F020D
:10A6F000A7F5004707EB23434FEA0C2C069FACF568
:10A70000004CC4EB0B0B0CEB2949C7F3570C2D1A6B
:10A710000CFB0BFB05FB0CF52402A4F50044000226
:10A7200092B2A0F5004004EB2B4BDDF814801FFA29
:10A7300089F91FFA8BFB00EB25450FFA8AFA10B254
:10A74000DDF84CC0C0EB0A0A0FFA89F70FFA8BF05C
:10A750001BB22DB208FB0CF608FB0AFADB1B281A09
:10A7600008FB00F008FB03F301EB264602EB2A4A44
:10A7700036B20BEB204B0FFA8AFA0B9809EB234900
:10A7800012990C9AB2440FFA89F9CA440FFA8BFB5A
:10A790000844042A0B900AEB0B0624D9430E039CB1
:10A7A000591C029DE25C0746605CEB5C6C5C801AA5
:10A7B000C7F3570101FB00F0E41A04FB01F1120298
:10A7C000A2F500421B0202EB2042A3F5004392B225
:10A7D00003EB214110B209B2091A08FB01F102EBA7
:10A7E000214212B21644B61016F5004F40F31D81F7
:10A7F000B6F5004FA8BF47F6FF76C0F21884DDF823
:10A800003480099A28F8026C023A08F10408CDF85D
:10A810003480099200F00C81089C0E9B06991C4420
:10A820001198620E0894DDF81C80039C109F01446F
:10A83000501CB844049E275C0F9D0691DDF82090C3
:10A84000A15C2E44C9F357047F1A730E04FB07F76B
:10A850000496CDF81C804FEA5866DDF8088009029E
:10A8600018F8005018F80200A1F50041DDF80CB00E
:10A870002D1A01EB2741039F03F1010C05FB04F5A1
:10A88000741C18F803A01BF80C2018F80C9017F88B
:10A890000480DDF818C0029F1BF803B04FEA5C6328
:10A8A00017F804C0039C0002A75D029CA0F50040BD
:10A8B000A65D89B2C6EB0C0CCDF84CC000EB25456B
:10A8C000DDF810C00CB22DB2CAEB0909CBEB0202C5
:10A8D0002D1BCCF3570404FB02F209FB04F44FEAEE
:10A8E0000A2AAAF5004A0AEB2449DDF808C0039CAD
:10A8F0004FEA0B2B581CABF5004B14F800A00BEBE8
:10A9000022421CF800B01CF80300DDF81CC0E45C17
:10A91000CCF35703DDF84CC0C7EB080803FB08F87D
:10A920000CFB03F33602A6F5004606EB23433F0279
:10A93000069EA7F50047C4EB0A0A07EB2848C6F3B2
:10A940005707C0EB0B0B07FB0AFA0BFB07FB2402B4
:10A95000A4F50044000292B2A0F5004004EB2A4A9C
:10A960001FFA8AFA00EB2B4B0FFA89F910B2059FF8
:10A970001FFA88F8C0EB09090FFA8BFB0FFA8AF06F
:10A980000FFA88F61BB2C0EB0B0007FB05F507FBBF
:10A9900009F99B1B07FB00F007FB03F301EB2545BF
:10A9A00002EB29490AEB20400FFA80FA0B992DB2ED
:10A9B0000FFA89F908EB234812980C9A4D440FFAC4
:10A9C00088F845440144042A0B91AA4424D94B0E2B
:10A9D000039C0E46029D591CE25C605CEB5C6C5C67
:10A9E000801AC6F3570101FB00F0E41A04FB01F1E1
:10A9F0001202A2F500421B0202EB2042A3F5004323
:10AA000092B203EB214110B209B2091A07FB01F11E
:10AA100002EB214212B292444FEAAA0A1AF5004F01
:10AA20003FF7DCAD48F20101DFE548F20106E6E65A
:10AA30000A9C089B049D079E069F0B9823626562F3
:10AA4000A662E762206321B0BDE8F08F0A9D0A9CF0
:10AA500005F12400B4F90C306F6B099D47C8246AD6
:10AA60001B0404960797002D00F0A4801B9F1A9EDC
:10AA700002971C9D139F03961D9E07F104080595E0
:10AA8000029F039D06964FEA47096E0004EB4504BA
:10AA900000EB4700059D069F0E96CDF82C906E00AA
:10AAA00002EB47024FEA4709C24601EB45010D960A
:10AAB000CDF82090904603E0644630462946904603
:10AAC000039D029E621B404D9342C6EB000B42F673
:10AAD000302C059E38BF00253C4AE14628BF4FF088
:10AAE000000C5B4538BF654641F21857C6EB010BB9
:10AAF000069E5B452CBF9346BB465D44C6EB080BE8
:10AB00000C9E5B452CBF9346BB46042EBC465D4461
:10AB10000DD9049EB3422CBF9346BB460C9E5D44A8
:10AB2000052E04D0079EB34228BF94466544A34235
:10AB30002CBF00224A46DFF890902AF8045C38BF08
:10AB40004FF00009834238BF9146204A8B4238BFFC
:10AB50003A4691441D4A434538BF3A4691440C9ABF
:10AB6000042A0ED91646049D184AAB4238BF3A460D
:10AB7000052E914405D0154E079A934238BF3E46A4
:10AB8000B14447F6FF72099F9145A8BF9146DDF891
:10AB900038C00B9E0D9D089A023F2AF8029CA444DF
:10ABA0000AF1040A06440D444244099784D1049EE4
:10ABB000079F42460A9D2C626862A962EA622E6380
:10ABC0006F6321B0BDE8F08FD0D5FFFFE8EAFFFF4B
:10ABD0000A9C099AB4F90C30256AC3EB031343F3BA
:10ABE0001013666A276B606B03F5006305959BB2D3
:10ABF0000296D4F828B0E16A07970890002A00F07E
:10AC0000F3811D9F1A9C0F971FB2139B1B9D1C9EC7
:10AC10001E981F9A04330D940B950E961090119266
:10AC200003930D9C059ADDF83C802244140C884463
:10AC300044F3C03181EA4401029B0B9DA1F5004120
:10AC400009B22B440E9E07FB01F1180C5E4440F341
:10AC5000C03989EA4009300C40F3C03CA9F50049ED
:10AC6000C9138CEA400C0FFA89F94FEA1840A1F594
:10AC70000041DFF8D8B389B2069607FB09F940F323
:10AC8000C03686EA400608123BF810500BF1020469
:10AC900034F910B0ACF5004C28B20FFA8CFC4FEA36
:10ACA000E939C9B2C0EB0B0B07FB0CFCA9F5004955
:10ACB00001FB0BFB1FFA89F9CDF81080DFF88C83BC
:10ACC0004FEA292438F81400A6F5004608F10208D6
:10ACD00038F914A036B24FEAEC3C05EB2B2507FB04
:10ACE00006F60FFA80FBACF5004CCBEB0A0A1FFA14
:10ACF0008CFC5FFA89F94FEA2C2409FB0AF95FFA08
:10AD00008CFCCDF808C0A8F1020C3CF81410F61326
:10AD100038F91480A6F50046B6B200EB292908B22E
:10AD20003412C0EB080802983CF814A00CF1020B96
:10AD30003BF9144000FB08FC0FFA8AF0241AF6B223
:10AD400006FB04F601EB2C2C2DB20FFA89F94D44C9
:10AD50000FFA8CFC05EB0C001099079D0AEB2626D8
:10AD60000D4436B207951199089D30440C9E0D4450
:10AD7000042EABF10204089541D9DDF81C804FEA9E
:10AD8000184545F3C03686EA4506A6F5004636B2B4
:10AD900007FB06F6F613A6F50046B6B24FEA262CD8
:10ADA00034F81C503BF91C800FFA85FCF6B2CCEB52
:10ADB000080C06FB0CF605EB26260C9D36B2052D7D
:10ADC00030441CD0089E350C45F3C03686EA450554
:10ADD000A5F500452DB207FB05F5ED13A5F50045DA
:10ADE000ADB22E1234F816403BF9166021B2EDB226
:10ADF000711A05FB01F504EB25252DB228440D99A8
:10AE0000DDF818B011440B9A0F9C1A440E9B059163
:10AE10009B440B0C04990292214443F3C03484EA0E
:10AE20004303A3F50043120C1BB242F3C03807FBE7
:10AE300003F388EA42084FEA1B4242F3C03686EA2F
:10AE400042060A0C42F3C035A8F50048DB1385EA38
:10AE50004205DDF80C9042110FFA88F8A3F5004383
:10AE6000DFF8E8C102EBE0009BB207FB08F829F825
:10AE7000040C1A123CF812400CF1020030F912A036
:10AE8000A6F5004622B236B24FEAE838DBB2C2EB92
:10AE90000A0A07FB06F6A8F5004803FB0AFA1FFAA0
:10AEA00088F84FEA28203CF81020A5F500450CF161
:10AEB000020C3CF910902DB2F61304EB2A2407FB88
:10AEC00005F50FFA82FAA6F50046B6B2CAEB0909F3
:10AED0005FFA88F8301208FB09F8F6B20496ACF174
:10AEE000020636F81030ED133CF910C0A5F5004508
:10AEF000ADB202EB28281AB22812C2EB0C0C049A4D
:10AF000036F81090023636F9100002FB0CF60FFAF4
:10AF100089F2801AEDB205FB00F503EB262624B278
:10AF20000FFA88F836B244443444079B109E09EB6C
:10AF3000252533442DB20898079304EB0509119B8E
:10AF40000C9C424A1844042C089002F102033CD99C
:10AF5000079D280C40F3C03484EA4004A4F5004463
:10AF600024B207FB04F4E413A4F50044A4B22512B0
:10AF700032F8150033F9156005B2751BE4B204FB15
:10AF800005F40C9E00EB242424B2052EA1441CD011
:10AF9000089C200C40F3C03484EA4000A0F5004037
:10AFA00000B207FB00F0C013A0F5004080B204120D
:10AFB00032F8142033F9144013B2C0B2E31A00FB84
:10AFC00003F002EB202000B28144039D099E4FEA6A
:10AFD000691303EBE90925F8029C023E05F104051B
:10AFE000039509967FF41DAEDDF82880059F029831
:10AFF000C8F82C10089A0799C8F82070C8F82400DF
:10B00000C8F828B0C8F83010C8F8342021B0BDE81E
:10B01000F08F5FFA88F30C93FEF7B0BE01240C9416
:10B02000FEF7ACBE1FFA88F6931CFFF7C1B9B6B2A3
:10B03000FFF7E5BB4FEA6908FFF7F7B91FFA8AF196
:10B04000FFF7D3BA4FEA6808FFF7A8B920880108CC
:10B050002DE9F0411A4D04462D7884B00F4616466E
:10B060009846C089D5B1000B04230A288DF8093011
:10B0700022D90F2814BF032301238DF80830114B68
:10B0800013F82050033515F0FF0507D003EB8001BE
:10B0900001310DF10A002A4601F080FC0DF1080E85
:10B0A00001952046394632464346CDF800E0FEF78A
:10B0B000F7FD04B0BDE8F08102238DF80830DEE72B
:10B0C000344A00209CB801082DE9F041B0F90E4047
:10B0D00084B0E4120134E4B26700FFB23E19F6B264
:10B0E0003519EDB24FF0050C0DF1080805EB040E13
:10B0F0008DE800118DF808408DF809708DF80A6010
:10B100008DF80CE08DF80B50FEF7CAFD04B0BDE8D9
:10B11000F08100BF10B50446AA3000F0FBFB04F13B
:10B12000A00000F087FB124B5B7B0133A4F8A83032
:10B13000002384F89A30C4F88830A4F89830C4F812
:10B14000843084F89B3084F89E30A4F89C3084F8D6
:10B15000913084F8923084F89330C4F89430C4F875
:10B16000C03084F8C430A4F8C63084F8C83010BDAC
:10B17000904F002038B590F89B300446022B22D126
:10B180001148437DFBB1114A1168D4F8C0208A1AD6
:10B190000F4951F823309A4215D394F89E30012577
:10B1A00084F8C430B4F89C3084F8C850A4F8C63091
:10B1B000FEF716FD002384F89E30A4F89C3084F836
:10B1C0009B50C4F8C03038BD904F0020C44F0020C1
:10B1D00010B9010837B590F89B200346042A5CD8C3
:10B1E000DFE802F00311295053002D4A106812794C
:10B1F00000908DF8042093F8BC2002F00702683A12
:10B200008DF8002024E090F89120264DA0302649AA
:10B2100022B10A7AAB6E53F8221038E093F89E20E0
:10B220008C5C0AB98979A9BB0C2303FB0252936891
:10B2300053F824102BE090F89E20172A1AD1184AB0
:10B240001068127900908DF8042093F8BD201AB18F
:10B2500003F1A00069461AE003EB4201B1F9B41012
:10B26000C1EBC101091370390DF802100132042A33
:10B27000F2D1EDE70B490C2000FB021103F1A00015
:10B28000023104E0A030094901E00949A03000F092
:10B29000F3FA02E093F8BE40C6E703B030BD00BF4A
:10B2A0000AB90108BCB00108904F002000B901089C
:10B2B00005B9010890F89B30012B02D0022B08D071
:10B2C000704790F89E207AB980F8913080F89220EB
:10B2D0007047064B1B68C0F8C03090F89E30162BA4
:10B2E00004BF032380F89B30704700BFC44F002089
:10B2F00038B590F89B300446013B032B54D8DFE867
:10B3000003F00218283690F8C8100222274B80F864
:10B310009B2051B190F8C42080F89E20B0F8C62040
:10B32000A0F89C20002280F8C8201B68C4F8C03018
:10B3300038BD90F89E30152B07D8012280F89B204D
:10B3400093BB1B48FEF74CFC38BD182B2CD10023B7
:10B3500028E0B0F8B830A0F8AE30B0F8B430A0F8BB
:10B36000B030B0F8B630A0F8B23004231AE0B0F92B
:10B37000AE10B0F9B820B0F9BA508A420ED0531AC4
:10B380004FF4400090FBF3F00A44094B5210D8618F
:10B3900050430013C0F5F05098611D620448FEF759
:10B3A0001FFC022384F89B3038BD00BFC44F00202F
:10B3B000904F0020F0B590F8914074B1264B4A6848
:10B3C000197A0A4412B2042AA8BF042222EAE272BD
:10B3D0001A72012380F89230F0BD90F89B30012B57
:10B3E00002D0022B1DD0F0BD90F89E400C26664383
:10B3F000194A1A4D4B6814F802C077196344715DFD
:10B400009BB27E781DB2B542174601DD334602E09D
:10B410008D42B8BF0B46A3547B7B0133A0F8A83004
:10B42000F0BD0F4B4A681B68C0F8C030B0F89C30C4
:10B4300013449BB21AB2002A02DAA0F89C4004E03E
:10B44000182AC8BF1823A0F89C30B0F99C30054AD0
:10B45000D35C80F89E30F0BD904F0020BCB0010856
:10B46000C44F002018B8010870B5D0F88840061DF8
:10B4700006F8341006EBC40501346B6004F00F04C9
:10B48000034B6A80C0F888401B68036070BD00BF32
:10B49000C44F002070B54D4D04462B68AA300133CF
:10B4A0002B6010F8103C013300F8103C00F04AFA11
:10B4B00094F891308BB194F8AA307F2B0DD12B6882
:10B4C0000026C4F8943094F8923084F8916023B147
:10B4D0003F48FEF785FB84F8926094F8913033B9C9
:10B4E000D4F894201AB129688A1A632A5FD894F88C
:10B4F000AA20802A05D12968C4F88C10002184F87C
:10B50000901094F8901071B96BB994F89B60012E6B
:10B5100009D194F89E3033B92AB92968D4F88C300F
:10B52000CB1AF92B49D894F89020CAB994F8AA30CC
:10B530007BB92968D4F88C208A1AB2F5487F0FD3DA
:10B540001A4620460321FFF78FFF012384F890302D
:10B5500006E07F2B04D1204602211346FFF784FF2B
:10B5600094F8AB3094F8AC2003F00303022B02F004
:10B57000030200D122B1022A0DD163B9012301E0F7
:10B580004FF0FF33124AD27C02B15B4220460121C8
:10B590000022FFF769FF2046FFF7ECFD94F89A3090
:10B5A000DB0712D404F1A00000F08AF970BD01227B
:10B5B00084F89320C4F8943099E720460321134679
:10B5C000FFF752FF84F89060ADE770BDC44F0020D4
:10B5D000904F0020024B00681B68181A704700BF8C
:10B5E000C44F002037B590F8935004461DB1002396
:10B5F00080F893300125D4F88820D4F88430D31A09
:10B600001B0721D0D4F8842004EBC201043103C904
:10B610008DE80300013202F00F02C4F884209DF887
:10B620000020022A03D12046FFF762FEE2E7032A48
:10B6300003D12046FFF73EFEDCE7012ADAD120469F
:10B640006946FFF7B7FED5E72046FFF7C3FFB0F521
:10B650007A7F204688BF0125FFF7BCFF31280FD92C
:10B6600094F89B3063B994F8BC2001250132D2B222
:10B67000082A29D184F8BC3084F89B5084F89E3085
:10B680002046FFF7A7FF312804D994F89E30172BE6
:10B6900008BF01252046FFF79DFF312809D994F8FE
:10B6A0009E3033B994F89B30012B02D1094B9B7922
:10B6B00003B965B1084B20461B682360FFF78AFD7C
:10B6C000002384F8BD3002E084F8BC20D8E703B042
:10B6D00030BD00BF904F0020C44F0020F0B587B0B0
:10B6E0000546012603240F46102369462A488DF893
:10B6F00002408DF80330ADF8006001F03DF8A02362
:10B70000ADF800306946182324488DF802408DF8C2
:10B71000033001F031F84023ADF8003069460423CE
:10B720001E488DF802408DF80330002401F024F803
:10B730004FF48273A742ADF806304FF40073ADF8B2
:10B740000E300CBF28232023ADF8103001A90723A9
:10B750001348ADF81430ADF80440ADF80840ADF82A
:10B760000A40ADF80C40ADF8124001F08BF83146BC
:10B77000094801F055F83146094801F0A2F805F1F1
:10B780000C00214608222C806C60AC6007B0BDE83C
:10B79000F04001F079B900BF000C01400008014001
:10B7A0000030014030B5224C87B04FF48053ADF8E3
:10B7B000003003251023204669468DF803308DF8AC
:10B7C000025000F0D9FF4FF42043ADF8003020467E
:10B7D000182369468DF803308DF8025000F0CCFF35
:10B7E0004FF48272ADF806204FF400620023ADF8EA
:10B7F0000820A4F554440222ADF80430ADF80A2024
:10B80000ADF80C304FF40072ADF81030ADF81230D6
:10B810002046072301A9ADF80E20ADF8143001F041
:10B8200031F82046012101F04CF807B030BD00BFCF
:10B83000000C014073B50F4E40F6E2530446ADF8DC
:10B84000043003251023304601A98DF807308DF808
:10B85000065000F091FF4FF4806333610023A38012
:10B86000E380258120462021042201F00DF902B059
:10B8700070BD00BF000C0140042201F04FB9000070
:10B880000E4B4FF480625A6110220C4B4FF4006053
:10B89000586111F0010F4FF0020002F1FF3214BFA6
:10B8A0001861586192B24FF4006049081861002A8B
:10B8B000EBD1024B4FF480621A617047000C0140DB
:10B8C0000389C28870B59A42044683880E4E0F4D94
:10B8D00011D836F8132001336A6103F00303838023
:10B8E000C25C0B4B33F81210FFF7CAFFA38836F87F
:10B8F00013302B6102E036F813306B61E3880133BB
:10B9000003F00303E38070BD24B90108000C01407B
:10B910001A80010813B54FF46043ADF804300123D9
:10B9200004468DF806300648482301A98DF80730F3
:10B9300000F022FFFF232370A370637002B010BDDC
:10B940000010014070B5104D044606784FF40051C8
:10B95000284600F05FFF7600F6B2304320704FF4C7
:10B9600080412846667800F055FF7600F6B23043F5
:10B9700060704FF400412846A67800F04BFF760037
:10B98000F6B23043A07070BD0010014037B51023EF
:10B990000546ADF8043001244823054801A98DF877
:10B9A00006408DF8073000F0E7FE2C7003B030BD84
:10B9B0000008014070B53C4D92B04FF40073012473
:10B9C0000646ADF804302846482301A98DF8073013
:10B9D0008DF8064000F0D0FEAB6801A9C3F3402308
:10B9E000002506F8023B31480823ADF804308DF8F5
:10B9F00006408DF8075000F0BFFE2D4800F07CFD9A
:10BA00002C4B2B48079380230C934FF480730D939A
:10BA10004FF480630E9320230F9307A94FF4005334
:10BA20001093089609950A940B95119500F0DAFD8C
:10BA300021461F4800F0F4FD1F4800F095FC4FF42C
:10BA4000602304931C484FF4006302A905930295F8
:10BA50008DF80C408DF80D408DF8184000F0B2FCC8
:10BA6000154803212246072300F0FDFC1248214619
:10BA700000F0CCFC104800F0DBFC0F4800F0DDFCCF
:10BA80000028FAD10C4800F0DCFC0B4800F0DEFC8A
:10BA90000028FAD10848012100F0C1FC0648012124
:10BAA00000F0D8FC12B070BD000C0140000801404D
:10BAB000080002404C2401400024014030B51546E6
:10BAC00085B00C4600F094FB2DB14FF000604FF4B0
:10BAD000804100F03FFC45F61C20012100F0AEFE45
:10BAE0004FF48040012100F0B5FE0120014600F036
:10BAF00099FEADF8084013480024ADF80440ADF8B5
:10BB00000A40ADF806408DF80C4000F01AFF01A97C
:10BB10000C4800F0E3FE01210A4800F0FDFE4FF45E
:10BB2000A06000F0D9FB19238DF80030684601238E
:10BB30008DF801408DF802408DF8033000F0D6FBFF
:10BB400005B030BD002C014001210A4608B5074868
:10BB500000F0EEFE064B074AF0215A60064A82F8D2
:10BB6000231000229A6007221A6008BD002C0140B1
:10BB700010E000E03F19010000ED00E04823016003
:10BB80000B71026882F82B300268002382F82C3097
:10BB9000026882F82D30026882F82E30026882F83E
:10BBA0002F307047036801F1080230B5DA600A7877
:10BBB00008328C181C614C7822448C185C618C789B
:10BBC00022448C189C60CC7822448C189C610C799F
:10BBD00022448C18DC614C7922448C181C628C79CC
:10BBE00022440A445A62002283F828200B789342A8
:10BBF000036809D9DC68A55C93F8284002322C441C
:10BC000083F8284092B2F1E7002283F82A200368E3
:10BC100093F8282083F8292030BD0B789A4203D36B
:10BC2000D21AD2B20231F8E748787047114B70B59A
:10BC30001D68046805EB85050F4E0D4456F8256018
:10BC400025881960354425800023016832250E8837
:10BC50004C88B6FBF5F525441D444FF4FA7495FB6A
:10BC6000F4F604FB165401332144052B81F83220ED
:10BC7000EBD170BDC84F002034C101082DE9F04759
:10BC800080468A4615461F461446114B4FF0080958
:10BC9000234413F80A60330647BF0321A02204217E
:10BCA0006022404609F1FF39FFF7C0FF760019F026
:10BCB000FF09F6B2EFD101347B1BE4B2DBB22344BF
:10BCC00013F0FF0FE1D1E81BC0B2BDE8F08700BF61
:10BCD0002CB901082DE9F8431B0106468946144694
:10BCE0005FFA83F80C4B08274B441D5D2B0647BFBA
:10BCF00002215022012142463046013FFFF796FFC4
:10BD00006D0017F0FF07EDB2F0D1013414F0FF041D
:10BD1000E8D1BDE8F88300BF2CB901082DE9F04156
:10BD200002F00706013EF6B212F0F80205460C4694
:10BD30004FEA06270FD101681A468968FFF76DFFA1
:10BD40006FEA2013394628462278DBB2FFF796FFC8
:10BD50002070BDE8F081044B39469B5D82F0FF0204
:10BD6000BDE8F041FFF7B6BF2CC001082DE9F8434C
:10BD700004689DF82070A1693A460546FFF74DFF1B
:10BD8000DFF8709094F82C30184E19F80330E16900
:10BD90001843C3B23A46284616F80380FFF73DFF22
:10BDA00094F82D30216A19F803303A461843C3B28B
:10BDB000F35C28469844B8F1FF0F94BF4FF0000998
:10BDC0004FF00109FFF729FF94F82E30084A0021AF
:10BDD000D35C1843C3B2F35C28468833984408EB1D
:10BDE0000902D2B2BDE8F843FFF720BF2CBE01081C
:10BDF0002CBF010831C00108036870B5002483F826
:10BE00002A4006682246B1680546FFF706FF86F815
:10BE100030002B6893F83020A2EB920283F8312097
:10BE20002B681C805C8070BDF0B5046825883224C6
:10BE3000B5FBF4F4611A002929DD9142B8BF0A4626
:10BE40000024944201680DDA4E884FF4FA752644B6
:10BE500096FBF5F705FB1765294491F83210195543
:10BE60000134EEE7C2EB8223088802EB8303C2EBC6
:10BE7000C30300EB430348880B8010444FF4FA736C
:10BE800090FBF3F403FB140310464B80F0BD00203D
:10BE9000F0BD0368C9B283F82A10036893F829201B
:10BEA000511A83F8281070472DE9F74305680E46AC
:10BEB0009046696A32460446FFF7AFFE10F0F80973
:10BEC00007460CD005F12F013A4633462046FFF7CE
:10BED00025FF236802251A7983F82B205DE095F869
:10BEE0002D2095F82E3095F82C1020460096FFF75F
:10BEF0003DFF236893F82B20013A83F82B20236819
:10BF000093F82B203AB9B8F1010F61D01A790125C5
:10BF100083F82B2000E04D46236893F83020013A47
:10BF200083F83020236893F83020002A35D093F826
:10BF30003120013A83F83120D4F80080AB1998F809
:10BF4000312002B917BBDFB2D8F80C103A462046B0
:10BF5000FFF763FE98F82C303A46184488F82C0016
:10BF6000266820463169FFF758FE96F82D303A468C
:10BF7000184486F82D00266820467169FFF74DFEAB
:10BF800096F82E30184486F82E0022E0204608F15C
:10BF90002F013A46DBB2FFF7C1FE2768AA19B9683C
:10BFA000D2B22046FFF739FE87F83000236893F8B5
:10BFB0003020A2EB920283F831202268002382F81D
:10BFC0002C30226882F82D30226882F82E3000E072
:10BFD0004546284603B0BDE8F083000010B543682D
:10BFE00000221A745A60DA7B9B7B0E4902EB031223
:10BFF0000D4B044653F822301944FFF7D3FD204679
:10C00000FFF7FAFE6368997BDA7B02EB01120749BE
:10C0100031F8120006490144596106498A5C1A76D2
:10C0200010BD00BF98C1010818E9010808EA01081D
:10C03000B8E9010898E9010843689A7B8A4202D06E
:10C040009973FFF7CBBF70474368DA7B8A4202D00F
:10C05000D973FFF7C3BF704710B5044641601C3168
:10C06000FFF78CFD63680021997359606368FF22B4
:10C07000DA7320465981BDE81040FFF7E5BF0000A4
:10C0800010B543F6FF739842A8BF1846A0F5804349
:10C09000002213F5C06302F10102FAD407481C1113
:10C0A00050F82410013450F8240003F00F03401A14
:10C0B000434301EB2310D04010BD00BF907901082D
:10C0C0002DE9F743994643680446B3F908009046C2
:10C0D000FFF7D6FF002507464D4554DA6268002178
:10C0E00050682A4BCEB2984201F1010115D9284B74
:10C0F00003445360F4E70021204601220DF10703B9
:10C10000FFF792FE616858B14B88013E0B809DF8A5
:10C110000730F6B27F3B1B024B80002EEBD129E0AB
:10C120000A7C23681AB193F8282002B90A740A7CA1
:10C130003AB9898993F82A308B4202D02046FFF71A
:10C14000A8FE2368204693F82A1093F82820FFF7CA
:10C15000ABFE63681B7C002BDFD0236893F82A209A
:10C16000024483F82A20236893F82820101A83F8C1
:10C170002800D2E763681A8828F815205A68013524
:10C180003A445A60A8E703B0BDE8F0839A77CE013D
:10C19000668831FE38B50C46D10A0546FFF754FFD4
:10C1A00047F6FF7314F4004F18BF1C466A682B68EB
:10C1B000107E93F829301B1ADBB25C430023C4F3D2
:10C1C000CF34DDB2E118854289B201D3918138BD07
:10C1D0005569ED5C8D42F9D20133F2E7436819816C
:10C1E0007047436801221A749989FFF752BE000014
:10C1F000364B82B01A6842F001021A605968344A1C
:10C200000A405A601A6822F0847222F480321A605E
:10C210001A6822F480221A605A6822F4FE025A60D8
:10C220004FF41F029A600022009201921A6842F4B1
:10C2300080321A601A6802F400320192009A0132C8
:10C240000092019A1AB9009AB2F5A06FF2D11A6859
:10C2500012F4003218BF01220192019A012A32D150
:10C260001C4A116841F010011160116821F00301AE
:10C270001160116841F0020111605A685A605A68F1
:10C280005A605A6842F480625A605A6822F47C12FA
:10C290005A605A6842F4E8125A601A6842F0807292
:10C2A0001A601968094A8901FBD5516821F0030118
:10C2B0005160516841F0020151605A6802F00C026D
:10C2C000082AFAD100E0FEE702B0704700100240F1
:10C2D0000000FFF80020024040F0BF60024B40F435
:10C2E0000030D860704700BF00ED00E0C27810B5A4
:10C2F0000378FAB1154A4478D26803F16043D24317
:10C30000C2F30222C2F1040104FA01F10F2424FA5B
:10C3100002F2847803F5614322400A431201D2B24B
:10C3200083F8002303780122590903F01F0302FA5E
:10C3300003F306E05909012203F01F0302FA03F395
:10C340002031034A42F8213010BD00BF00ED00E06B
:10C3500000E100E021F0604121F07F01014B084342
:10C360009860704700ED00E008B5134B984207D184
:10C370004FF40070012100F079FA4FF4007014E0DE
:10C380000E4B984207D14FF48060012100F06EFA05
:10C390004FF4806009E00A4B98420BD14FF4004003
:10C3A000012100F063FA4FF400400021BDE808408D
:10C3B00000F05CBA08BD00BF002401400028014025
:10C3C000003C014043680A6823F4702323F480731F
:10C3D00013430A7910B543EA022343608A68CB68A5
:10C3E00084681A43084B234013434A7943EA4203C3
:10C3F00083600B7CC26A013B22F47002DBB242EA2A
:10C400000353C36210BD00BFFDF7F1FF836811B194
:10C4100043F0010301E023F0010383607047836868
:10C4200011B143F4807301E023F48073836070479B
:10C43000836843F00803836070478068C0F3C000DE
:10C440007047836843F00403836070478068C0F3DB
:10C4500080007047836811B143F4A00301E023F426
:10C46000A00383607047092970B50DD9A1F10A04B2
:10C4700004EB44040725A540A340C66826EA050549
:10C4800045EA0304C4600BE001EB41040725A54025
:10C4900003FA04F4066926EA050545EA0403036184
:10C4A000062A0CD8013A02EB82021F23934001FABC
:10C4B00002F2446B24EA03031A43426370BD0C2A60
:10C4C0000CD8073A02EB82021F23934001FA02F2D2
:10C4D000046B24EA03031A43026370BD0D3A02EBB6
:10C4E00082021F23934001FA02F2C46A24EA030382
:10C4F0001A43C26270BD0000036823F001030360A9
:10C500000023036043608360C3602A4B984222D0BB
:10C51000294B984229D0294B984230D0284B984239
:10C5200037D0284B98423ED0274B984206D153F83B
:10C53000682C42F4700243F8682C7047234B9842F1
:10C5400006D153F87C2C42F0706243F87C2C704783
:10C550001F4B984206D153F8042C42F00F0243F8C7
:10C56000042C70471B4B984206D153F8182C42F00C
:10C57000F00243F8182C7047174B984206D153F835
:10C580002C2C42F4706243F82C2C7047134B9842C9
:10C5900006D153F8402C42F4704243F8402C7047C7
:10C5A0000F4B984205D153F8542C42F4702243F8B3
:10C5B000542C7047080002401C000240300002402A
:10C5C00044000240580002406C00024080000240DB
:10C5D000080402401C0402403004024044040240AB
:10C5E000580402408A6810B50C6A036814430A694B
:10C5F00023F4FF4314434A6923F0700314438A6908
:10C600001443CA6914434A6A14438A6A224313438F
:10C610000360CB6843600B6883604B68C36010BDE8
:10C62000036811B143F0010301E023F0010303604B
:10C6300070470000034B044A5A6002F188325A6086
:10C64000704700BF0020024023016745084BDA68AD
:10C65000D10709D4DA68520708D4DB6813F0100F49
:10C660000CBF042003207047012070470220704750
:10C670000020024013B50446FFF7E8FF01280FD160
:10C6800064B100230193FF230193019B13B1019B2C
:10C69000013BF9E7FFF7DAFF013CEFE7052002E095
:10C6A000002C08BF052002B010BD000038B50546BB
:10C6B00040F6FF70FFF7DEFF042814D10A4C40F665
:10C6C000FF70236943F0020323616561236943F02E
:10C6D00040032361FFF7CEFF052804D0226941F60D
:10C6E000FD731340236138BD0020024073B5002361
:10C6F00006460F200D460193FFF7BCFF04281AD110
:10C700000E4C0F20236943F001032361ABB2338049
:10C71000FFF7B0FF042807D102360196019B2D0CCC
:10C720001D800F20FFF7A6FF052804D0226941F6DF
:10C73000FE731340236102B070BD00BF00200240B1
:10C7400070B505460F200E46FFF794FF04280FD161
:10C75000084C0F20236943F0010323612E80FFF76B
:10C7600089FF052804D0226941F6FE731340236136
:10C7700070BD00BF00200240CB78F0B5DA0648BF9C
:10C780008A78098803F00F0548BF154311F0FF0FA1
:10C790001DD0046800220127974007EA0106BE4227
:10C7A00011D197004FF00F0C0CFA07FC05FA07F7B0
:10C7B00024EA0C04282B44EA070401D1466102E074
:10C7C000482B08BF06610132082AE4D10460FF2922
:10C7D0001FD94468002202F108060127B74007EA82
:10C7E0000106BE4211D197004FF00F0C0CFA07FC66
:10C7F00005FA07F724EA0C04282B44EA070401D1C0
:10C80000466102E0482B08BF06610132082AE2D1E6
:10C810004460F0BD836819420CBF002001207047BE
:10C8200001617047044B5A6909B1104301E022EAE3
:10C8300000005861704700BF00100240044B9A6925
:10C8400009B1104301E022EA00009861704700BF7F
:10C8500000100240044BDA6909B1104301E022EAFA
:10C860000000D861704700BF00100240044BDA6836
:10C8700009B1104301E022EA0000D860704700BF10
:10C88000001002400B8810B54C88028823438C8826
:10C8900002F441522343CC8823430C8923434C891F
:10C8A00023438C892343CC89234313439BB20380C6
:10C8B000838B23F400631B041B0C83830B8A03828A
:10C8C00010BD038819B19BB243F0400303E023F08D
:10C8D00040031B041B0C0380704700000388CA88B8
:10C8E00003F08F03038003889BB213434A881343EA
:10C8F0009BB203808B8883850B880385054B984208
:10C9000003D003F50063984201D10B7A038601231B
:10C9100083827047002C0140038819B19BB243F019
:10C92000010303E023F001039B059B0D0380704787
:10C9300083899BB20AB1194301E023EA0101818195
:10C940007047038923F007031B041B0C0381704706
:10C95000002100F004B80B4B5B58435004310A48E7
:10C960000A4B42189A42FFF4F6AF094A00F003B8A6
:10C97000002342F8043B074B9A42FFF4F9AFF8F763
:10C9800045FE704760EA010800000020C003002057
:10C99000C0050020CC4F0020FFF7FEBF844641EACF
:10C9A000000313F0030349D1403A23D30B6803601B
:10C9B0004B6843608B688360CB68C3600B6903611D
:10C9C0004B6943618B698361CB69C3610B6A036205
:10C9D0004B6A43628B6A8362CB6AC3620B6B0363ED
:10C9E0004B6B43638B6B8363CB6BC36340304031D2
:10C9F000403ADBD230320BD30B6803604B684360A4
:10CA00008B688360CB68C36010301031103AF3D26A
:10CA10000C3205D351F8043B40F8043B043AF9D2F8
:10CA2000043208D0D2071CBF11F8013B00F8013BCB
:10CA300001D30B8803806046704700BF082A13D3D8
:10CA40008B07B1D010F00303AED0C3F10403D21AA8
:10CA5000DB071CBF11F8013B00F8013BA4D331F800
:10CA6000023B20F8023B9FE7043AD9D3013A11F880
:10CA7000013B00F8013BF9D20B7803704B7843700F
:10CA80008B78837060467047F0B4840743D0541E9F
:10CA9000002A3ED0CDB2034603E0621E002C38D0FF
:10CAA000144603F8015B9A07F7D1032C2AD9CDB2BB
:10CAB00045EA05250F2C45EA054515D9A4F11007CF
:10CAC0003F0903F1100606EB07161A46156055607C
:10CAD0009560D5601032B242F8D104F00F040137EE
:10CAE000032C03EB07130DD91E462246043A032AF2
:10CAF00046F8045BFAD8221F22F0030204321344E2
:10CB000004F003042CB1C9B21C4403F8011BA34276
:10CB1000FBD1F0BC704714460346C6E740EA010368
:10CB20009B0770B42AD1032A28D90C460346214614
:10CB300054F8045BA5F1013626EA050616F0803F9D
:10CB400005D1043A032A43F8045B2146EFD89AB191
:10CB50000C78013A1C7001333CB16AB111F8014FF5
:10CB6000013A03F8014B002CF7D12AB11A440021F5
:10CB700003F8011B9342FBD170BC70470346E6E704
:10CB800000000000000000000000000000000000A5
:10CB90000000000000000000000000000000000095
:10CBA0000000000000000000000600000C00000073
:10CBB0000000800000018001000280020003800369
:10CBC0000004800400058005000000000000000053
:10CBD00000060000070000000000000100028002C3
:10CBE00080038004800500000000000000000000B9
:10CBF0000000000000000000000600000700000028
:10CC00000000000180018002800380040005000014
:10CC10000000000000000000000000000000000014
:10CC20000006000007000000000080008001800274
:10CC30008003000400050000000000000000000068
:10CC400000000000000000000006000007000000D7
:10CC50000000000100020003800380048005000042
:10CC600000000000000000000000000000000000C4
:10CC70000006000007000000000000010002800222
:10CC80008003800400050000000000000000000098
:10CC90000000000000000000000600000700000087
:10CCA00000000001800180028003000400050000F4
:10CCB0000000000000000000000000000000000074
:10CCC00000060000070000000000800080018002D4
:10CCD0000003000400050000000000000000000048
:10CCE0000000000000000000000600000600000038
:10CCF00000008001000280038004000500000000A5
:10CD00000000000000000000000000000000000023
:10CD10000006000006000000000080018002000301
:10CD2000800300050000000000000000000000007B
:10CD300000000000000000000006000005000000E8
:10CD400000000001000280038004000000000000D9
:10CD500000000000000000000000000000000000D3
:10CD60000006000005000000000080018002800332
:10CD700000050000000000000000000000000000AE
:10CD80000000000000000000000600000800000095
:10CD90000000800080010002800280030004000582
:10CDA0000000000000000000000000000000000083
:10CDB00000060000050000000000800080028003E3
:10CDC000000400000000000000000000000000005F
:10CDD0000000000000000000000600000500000048
:10CDE00000008000800180030004000000000000BB
:10CDF0000000000000000000000000000000000033
:10CE00000006000007000000000000018001000390
:10CE10008003000480050000000000000000000006
:10CE200000000000000000000006000007000000F5
:10CE300000008000000280028003000480050000E2
:10CE400000000000000000000000000000000000E2
:10CE500000060000070000000000800000028002C1
:10CE60008003000400050000000000000000000036
:10CE700000000000000000000006000006000000A6
:10CE80000000000100020003000400050000000093
:10CE90000000000000000000000000000000000092
:10CEA000000600000C00000000007300050178017E
:10CEB0000A027D020F038303F6038804FB048D0539
:10CEC0000000000000000000000600000C00000050
:10CED0000000800000018001C00180020003800387
:10CEE0000004800400054005000000000000000070
:10CEF000000600000C00000000008000000180011E
:10CF0000C001800200038003000480040005800546
:10CF10000000000000000000000600000C000000FF
:10CF20000000800000018001C00180020003800336
:10CF3000000440040005800500000000000000001F
:10CF4000000600000700000000007300EE017D02F3
:10CF50008303F603710500000000000000000000DC
:10CF600000000000000000000006000005000000B6
:10CF700000008F007D028303120400000000000007
:10CF800000000000000000000000000000000000A1
:10CF9000000600000600000000008F00EE01F30212
:10CFA0006C0471050000000000000000000000009B
:10CFB0000000000000000000000600000700000064
:10CFC00000007300EE01F3028303F6037105000015
:10CFD0000000000000000000000000000000000051
:10CFE000000600000700000000008F00EE01F302C1
:10CFF000830312047105000000000000000000001F
:10D000000000000000000000000600000700000013
:10D0100000000501EE017D02830388047105000014
:10D020000000000000000000000000000000000000
:10D030000006000007000000000005010A020F03BF
:10D04000830388048D05000000000000000000003C
:10D0500000000000000000000006000007000000C3
:10D060000000E90078017D0283036C04FB040000EA
:10D0700000000000000000000000000000000000B0
:10D0800000060000070000000000050194017D0279
:10D090008303880417050000000000000000000062
:10D0A0000000000000000000000600000700000073
:10D0B0000000050178017D028303F603FB040000F4
:10D0C0000000000000000000000000000000000060
:10D0D000000600000700000000000501EE017D02CF
:10D0E00083036C04FB04000000000000000000004B
:10D0F0000000000000000000000600000800000022
:10D1000000000501EE017D0283038804FB048D0508
:10D11000000000000000000000000000000000000F
:10D1200000060000080000000000050178017D02F3
:10D1300083036C04FB047105000000000000000084
:10D1400000000000000000000006000006000000D3
:10D150000000730078017D026C04FB0400000000F5
:10D1600000000000000000000000000000000000BF
:10D1700000060000060000000000050178017D02A5
:10D1800083037105000000000000000000000000A3
:10D190000000000000000000000600000600000083
:10D1A0000000EE017D028303F603FB040000000093
:10D1B000000000000000000000000000000000006F
:10D1C000000600000600000000000501F3028303D2
:10D1D0006C04FB04000000000000000000000000E0
:10D1E0000000000000000000000600000700000032
:10D1F0000000050178017D0283038804FB04000020
:10D20000000000000000000000000000000000001E
:10D21000000600000700000000000501EE017D028D
:10D220008303F60371050000000000000000000009
:10D2300000000000000000000006000006000000E2
:10D24000000005010A027D02F603FB040000000055
:10D2500000000000000000000000000000000000CE
:10D260000006000005000000000073007D0283033B
:10D27000FB040000000000000000000000000000AF
:10D280000000000000000000000600000500000093
:10D290000000730078018303FB040000000000001D
:10D2A000000000000000000000000000000000007E
:10D2B0000006000005000000000078017D028303E5
:10D2C000FB0400000000000000000000000000005F
:10D2D0000000000000000000000600000500000043
:10D2E000000078017D02F302F60300000000000058
:10D2F000000000000000000000000000000000002E
:10D30000000600000600000000007801EE017D022A
:10D310006C04FB040000000000000000000000009E
:10D32000000000000000000000C000E000F000F875
:10D3300000FFF0FFFFFF18000C00060004000300D0
:10D34000020001005A425E0A8D0FBC148D0FA90B1A
:10D350001CFF03FFA2FE63FE47FD79FD78FC99FBED
:10D3600026FA46F76FF4BBB39A9B87868913180396
:10D3700008424F19B4AE407FC60F0A070B00BFC06A
:10D3800073EEEDECF12F464CEB1A85D022AFB7923D
:10D39000939496979899758A2021237DC7C91E1F5B
:10D3A000C11B1D1512B62F25F229A0305C315C324D
:10D3B000AC21C82D2F31843266339B1D732EE03192
:10D3C00042330B34AC211D272F31E031D23284207F
:10D3D0002F252F311F32F832E025452A0A32D2326A
:10D3E000CF33AC21332EE031AC33A534E41E062F0D
:10D3F0008432CF338C34AC21AC27E03184321D33FE
:10D4000084202F253432D232F0330226962A5C3221
:10D410001D3312348022B12E34321D33F033451EB9
:10D42000EE2ED2321234AB344D22E32734321D3388
:10D43000F03300219B255C321D333334AC27D02AD6
:10D44000843273347337AC21AC2D3432F0337337FC
:10D450008420332E3432EE347337B122AC279C3221
:10D4600073347337E01F8426A43173347337AC27C9
:10D47000D02AD2326335733784209B2F8432B13463
:10D480007337451E3130F83263357337B122AC271C
:10D490009C3229357337E01F84263432293573379F
:10D4A000002070150020993970557035B82E8F2ADC
:10D4B0008F2A00188F2AFDFFFDFFFDFFFCFFFBFFF9
:10D4C000FBFFFAFFF9FFF7FFF3FFEFFF1B28590FF0
:10D4D0000D0112333E0D0C060F455D0E0C070A546C
:10D4E0006E0D0A08172C570F0C010D1D500D08006A
:10D4F000062E510C030009335F0F03000649630732
:10D50000030E0040961CB516B516660600401310B3
:10D51000B51613100E0800400602240A15058C02E9
:10D5200000400912B4056606A300004066069B0190
:10D530008C02030100401320961C7A191505004047
:10D54000C50C1310C50C66060040610B0E0866067C
:10D55000060200403D141310131035030040660608
:10D560000A09C50C35030040132087040904CE00C6
:10D570000040C50C0E086606660600400904090452
:10D580000301030100403D14350315054601004029
:10D59000660687040602460100406128660603010C
:10D5A0001000004009040602230110000040660636
:10D5B0000602030110000040B516240A8C021D006B
:10D5C000004013100602A3000A00004013209B0134
:10D5D0006606330000406606610BA3001900004098
:10D5E00013103503350367000040091215051505B2
:10D5F00033000040240A2301A3001000FCFAFDFAC6
:10D6000048FF49FF810197040006B9088209760B9B
:10D61000260C10000102030405060708090A0B0C7A
:10D620000D0E0F0F10101112131415161718191ACA
:10D630001B1C1D1E1F1F10202122232425262728E6
:10D64000292A2B2C2D2E2F2F103031323334353602
:10D650003738393A3B3C3D3E3F3F1040414243441E
:10D66000444546474849494A4B4B4C4C104D4E4F58
:10D67000505152535455565758595A5B5C5C105D83
:10D680005E5F606162636465666768696A6B6C6C43
:10D69000106D6E6F707172737475767778797A7BAE
:10D6A0007C7C107D7E7F80818283848484848484DA
:10D6B000848484841085868788898A8B8C8D8E8F5C
:10D6C00090909091919110929394959697979798A6
:10D6D0009898989999999999089A9A9A9A9A9A9B46
:10D6E0009C9C000000000000000010B09D9E9FA0C8
:10D6F000A1A2A3A4A5A6A7A8A9AAABAB10ACADAE46
:10D70000AFB0B1B2B3B4B5B6B7B8B9BABBBB10B06D
:10D71000BCBDBEBFC0C1C2C3C4C5C6C7C8C9CACAD2
:10D7200010CBCDCCCDD4CECFD0D0D1D2D2D3D3D4B8
:10D73000D4D408D5D5D5D6D7D8D9DADB00000000A7
:10D740000000000010DCDDDEDFE0E1E2E3E4E5E61E
:10D75000E7E8E9EAEBEB10ECEDEEEFF0F1F2F3F4D1
:10D76000F5F6F7F8F9FAFBFB04FCFDFEFFFE0000FE
:10D77000000000000000000000000000222900005E
:10D780009F390000004000009F39000000000000A9
:10D790001104D3063607000CFDFFFBFFFBFFFBFF68
:10D7A000FBFFECFF0636790909001232330C0A053B
:10D7B0000B18460D08000F454A0E0C0710256F0E7A
:10D7C000080112333E0E0C06061A510505050649DE
:10D7D00063070A0E00000000000000800000004007
:10D7E000000000803BFECBFCCBFCCBFCCBFC68F309
:10D7F0000003040000F400F404F480F400F580F564
:10D8000000F680F600F77CF780F700F880F800F962
:10D8100080F9FCF900FA80FA00FB80FB00FC7CFC3C
:10D8200080FC00FD80FD00FE80FE00FF80FFE8FF21
:10D83000F8FFFCFF00000400080018008000000151
:10D84000800100028002000380038403000480043E
:10D850000005800500060406800600078007000812
:10D860008008840800098009000A800A000B800BE8
:10D87000FC0B000C000C00002FFEFDFB9DF946F791
:10D8800030F58FF391F24EF2D1F21BF40CF67EF8E4
:10D890003AFBFFFD9000A5021004A1044804000318
:10D8A000DF000FFECEFA62F71EF451F144EF37EEBF
:10D8B00047EE8DEFF4F156F56FF9E9FD610265066B
:10D8C00092098B0B060CE00A0908A803FEFD73F70A
:10D8D0008AF0E3E91CE4DADFB6DD27DE83E1FDE769
:10D8E00081F1E1FDA10C2F1DC52E894094510061ED
:10D8F000FA6DCB77EB7DFD7FEA7DCC77F96D016129
:10D9000093518A40C42E2F1DA30CDEFD84F1FBE74A
:10D9100084E126DEB6DDDBDF1CE4E2E98BF073F7A1
:10D92000FDFDA8030A08DF0A070C8A0B93096506A8
:10D930006002EAFD6FF955F5F5F18BEF4AEE35EE31
:10D9400045EF50F11FF461F7CFFA0EFEE000FF0241
:10D950004804A2041004A5028F0000FE39FB7FF8E2
:10D960000BF61BF4D3F24CF291F290F330F545F73D
:10D970009EF9FCFB30FEFFFF4901EB01E2012C01A7
:10D98000E2FF24FE1CFCFDF9FAF740F6F6F43AF447
:10D990001AF494F49EF51BF7E5F8D3FAB3FC60FE95
:10D9A000ABFF7D00C10074009FFF57FEBCFCF5FA81
:10D9B0002CF98CF73AF655F5F3F416F5C1F5DCF6CB
:10D9C00052F8FBF9B1FB4BFDA5FE9BFF1D001B00B0
:10D9D00097FFA1FE4CFDBAFB11FA7AF816F70CF688
:10D9E0006EF54EF5B0F586F6C0F73DF9DEFA76FC39
:10D9F000E7FD07FFC0FF0000C1FF07FFE6FD77FC62
:10DA0000DDFA3EF9BFF787F6AFF54FF56EF50BF689
:10DA100017F779F812FABAFB4BFDA1FE98FF1A002E
:10DA20001D009DFFA3FE4CFDB1FBFAF952F8DDF697
:10DA3000C0F517F5F2F456F539F68DF72CF9F4FA2E
:10DA4000BCFC58FE9FFF7300C2007C00ACFF5FFE71
:10DA5000B4FCD3FAE4F81CF79DF595F419F43BF403
:10DA6000F6F43FF6FAF7FEF91CFC23FEE2FF2D0167
:10DA7000E101EC014801000055555555DF480A48C1
:10DA8000516F1D3D52F415343687952CC10752262F
:10DA9000AFD21021FF3BA31C2FE6E3189CBCB415AA
:10DAA0001F67FD12A918AA105EA2AA0EDCBAF10C1B
:10DAB000486D740B02A7290A02DD0909AEC30E08DE
:10DAC0000715330733627206F9EDC8054C8E33052E
:10DAD0008193AF0412B43A04FAFBD20304BF760375
:10DAE0007E8D2403D72ADB02D185990201B25E0222
:10DAF0005CE22902A464FA01909DCF018C05A90182
:10DB0000FA258601DB966601D8FC49018D073001B4
:10DB10001A701801E4F702018467EF00E48DDD005C
:10DB20006B3FCD005855BE0027ADB0000C28A400B7
:10DB300088AA9800001C8E006A66840000767B002C
:10DB400000397300719F6B00EF9A6400821E5E00C3
:10DB5000741E580030905200226A4D009BA348006A
:10DB6000BE3444006516400011423C00DBB1380071
:10DB70005F603500B748320069662F005CB52C0045
:10DB8000D5312A0067D82700F1A5250092972300F8
:10DB9000A9AA2100C8DC1F00B82B1E006C951C0030
:10DBA00002181B00BEB1190006611800612417009D
:10DBB00072FA1500F6E11400C4D91300C7E0120090
:10DBC00000F6110084181100754710000A820F003A
:10DBD00084C70E0035170E0079700D00B8D20C0006
:10DBE000663D0C00FFAF0B00092A0B0010AB0A00CA
:10DBF000AB320A0076C009001554090030ED080068
:10DC0000778B08009D2E08005CD607007282070003
:10DC10009F320700ABE606005D9E060083590600B2
:10DC2000ED1706006DD90500D99D050009650500B1
:10DC3000D82E050022FB0400C6C90400A59A0400E2
:10DC4000A16D04009F4204008519040039F203000D
:10DC5000A5CC0300B3A803004E8603006265030051
:10DC6000DE450300AF270300C50A030010EF0200E2
:10DC700082D402000CBB020072FF6EFF71FF75FFC1
:10DC80007FFF83FF86FF83FF7BFF72FF6EFF6EFFC8
:10DC900073FF7BFF84FF88FF85FF7FFF74FF6DFFAD
:10DCA0006BFF6FFF78FF83FF8BFF89FF82FF78FF99
:10DCB0006CFF66FF6AFF75FF81FF8DFF8FFF89FF95
:10DCC0007BFF6CFF61FF62FF6DFF7FFF90FF99FF9D
:10DCD00094FF82FF6CFF58FF51FF5FFF78FF98FFB2
:10DCE000AEFFB0FF97FF6AFF3CFF1EFF24FF5CFF03
:10DCF000BFFF3C00B4000E01FD7F0F01B4003B00EC
:10DD0000BFFF5DFF24FF1DFF3CFF6BFF96FFB1FFD0
:10DD1000ADFF98FF79FF5EFF52FF58FF6AFF84FF57
:10DD200093FF9AFF8FFF80FF6DFF61FF62FF6BFF24
:10DD30007CFF88FF8FFF8EFF81FF74FF6AFF67FF04
:10DD40006CFF76FF84FF89FF8AFF83FF79FF6FFFF7
:10DD50006AFF6DFF75FF7EFF86FF87FF84FF7CFFF4
:10DD600073FF6DFF6EFF73FF7BFF82FF86FF84FFF3
:10DD70007EFF76FF70FF6FFF71FF79FF80FF84FFEA
:10DD800083FF80FF79FF72FF6FFF72FF77FF7DFFD8
:10DD900082FF83FF82FF79FF76FF70FF71FF75FFBF
:10DDA0007BFF81FF83FF81FF7DFF76FF72FF72FFA4
:10DDB00073FF79FF80FF81FF82FF7EFF79FF73FF92
:10DDC00071FF73FF78FF7DFF81FF82FF80FF79FF86
:10DDD00075FF73FF71FF77FF7BFF80FF82FF80FF7E
:10DDE0007CFF77FF72FF72FF75FF79FF80FF81FF75
:10DDF00080FF7FFF77FF74FF71FF75FF77FF7EFF66
:10DE000081FF81FF7FFF7AFF74FF72FF74FF75FF50
:10DE10007DFF7FFF83FF7FFF7CFF76FF72FF72FF36
:10DE200076FF79FF7FFF83FF80FF7EFF77FF74FF20
:10DE300070FF74FF79FF7DFF82FF83FF7EFF79FF14
:10DE400074FF72FF71FF77FF7DFF80FF84FF80FF0B
:10DE50007CFF74FF71FF72FF74FF7AFF81FF83FF05
:10DE600083FF7DFF77FF71FF70FF72FF78FF80FFF8
:10DE700084FF84FF7FFF79FF72FF00003FFE2DFCCF
:10DE8000DFF969F7EDF47FF23CF041EEA3EC78EBBB
:10DE9000D0EAB8EA33EB44ECE1ED00F08EF271F534
:10DEA00091F8C7FBF9FEFB01B304F706AE08C00901
:10DEB000120A9E095A084D067C030100F1FB74F713
:10DEC000B3F2D8ED1DE9B1E4CBE0A2DD62DB3BDAD1
:10DED00053DAC3DBA2DEFBE2C8E800F089F84202B5
:10DEE000F70C7B188724DD30303D3849AC54405F57
:10DEF000B668CD705077187C027FFF7F037F187C57
:10DF00005077CD70B568415FAC543849303DDC3056
:10DF100088247A18F90C400289F801F0C8E8FBE27D
:10DF2000A2DEC3DB52DA3CDA62DBA2DDCBE0B0E496
:10DF30001DE9DAEDB1F275F7F1FB00007D034D0646
:10DF400059089F09130ABE09AE08F906B104FC017D
:10DF5000F9FEC7FB90F872F58DF201F0E1ED44ECAB
:10DF600033EBB7EAD1EA78EBA3EC40EE3EF07DF27A
:10DF7000EDF46BF7DDF92EFC3FFEFFFF5F014F0272
:10DF8000C702C90253027101290090FEB9FCB5FA1B
:10DF90009EF889F691F4C3F23AF101F023EFACEE6A
:10DFA0009CEEF5EEADEFC1F020F2B8F37FF556F739
:10DFB00034F9FBFA9DFC0AFE2CFF01007800930067
:10DFC0004D00AFFFBBFE81FD0CFC6EFAB6F8FDF60E
:10DFD0004FF5C2F368F24CF17DF0FFEFDEEF14F085
:10DFE000A2F082F1A7F206F493F536F7E3F884FA8B
:10DFF00009FC61FD7DFE52FFD2FF0100D4FF50FFFE
:10E000007EFE60FD0AFC84FAE3F836F792F507F429
:10E01000A7F282F1A2F013F0DFEFFFEF7DF04BF1FA
:10E0200068F2C4F34EF5FCF6B7F86EFA0CFC80FD0E
:10E03000BCFEAEFF4F009100790000002EFF08FEED
:10E040009EFCFBFA33F957F77EF5BAF31EF2C2F0E5
:10E05000ADEFF4EE9DEEACEE23EF01F039F1C4F23A
:10E0600090F48AF69EF8B5FAB8FC91FE2A006F018A
:10E070005402C802C8024F025E0100000000010005
:10E080000100020002000300030004000400050078
:10E090000600080009000B000D0010000000010040
:10E0A0000100020002000300030004000400050058
:10E0B0000600080009000B000D0010000000010020
:10E0C0000100020002000300030004000400050038
:10E0D0000600080009000B000D0010000000010000
:10E0E0000100020002000300030004000400050018
:10E0F0000600080009000B000D00100000000100E0
:10E1000001000200020003000300040004000500F7
:10E110000600080009000B000D00100000000100BF
:10E1200001000200020003000300040004000500D7
:10E130000600080009000B000D001000000001009F
:10E1400001000200020003000300040004000500B7
:10E150000600080009000B000D001000000001007F
:10E160000100020002000300030004000400050097
:10E170000600080009000B000D0010000000FFFF62
:10E18000FFFFFEFFFEFFFDFFFDFFFCFFFCFFFBFFAF
:10E19000FAFFF8FFF7FFF5FFF3FFF0FF0000FFFFC6
:10E1A000FFFFFEFFFEFFFDFFFDFFFCFFFCFFFBFF8F
:10E1B000FAFFF8FFF7FFF5FFF3FFF0FF0000FFFFA6
:10E1C000FFFFFEFFFEFFFDFFFDFFFCFFFCFFFBFF6F
:10E1D000FAFFF8FFF7FFF5FFF3FFF0FF0000FFFF86
:10E1E000FFFFFEFFFEFFFDFFFDFFFCFFFCFFFBFF4F
:10E1F000FAFFF8FFF7FFF5FFF3FFF0FF0000FFFF66
:10E20000FFFFFEFFFEFFFDFFFDFFFCFFFCFFFBFF2E
:10E21000FAFFF8FFF7FFF5FFF3FFF0FF0000FFFF45
:10E22000FFFFFEFFFEFFFDFFFDFFFCFFFCFFFBFF0E
:10E23000FAFFF8FFF7FFF5FFF3FFF0FF0000FFFF25
:10E24000FFFFFEFFFEFFFDFFFDFFFCFFFCFFFBFFEE
:10E25000FAFFF8FFF7FFF5FFF3FFF0FF0000FFFF05
:10E26000FFFFFEFFFEFFFDFFFDFFFCFFFCFFFBFFCE
:10E27000FAFFF8FFF7FFF5FFF3FFF0FF61FF5CFF28
:10E2800080FF92FF75FF59FF66FF8EFF8CFF67FFCF
:10E2900055FF76FF97FF81FF56FF5DFF89FF97FFD0
:10E2A0006DFF50FF6BFF98FF8EFF5BFF4EFF81FFFE
:10E2B000A2FF7AFF49FF5CFF98FF9FFF61FF3FFFCE
:10E2C00074FFADFF8DFF45FF44FF94FFB8FF6EFF65
:10E2D0002AFF5CFFBAFFB1FF40FF1CFF88FFE3FF8E
:10E2E0008EFF02FF24FFD7FF03003EFFAAFE5BFF65
:10E2F0007700180047FEBEFDBE00AD05FF7FAD05EF
:10E30000BF00BDFD46FE1A0076005BFFABFE3DFF81
:10E310000300D7FF24FF02FF8EFFE3FF88FF1DFFEE
:10E320003FFFB0FFBCFF5BFF2AFF6FFFB6FF95FF0B
:10E3300045FF44FF8DFFAEFF72FF41FF60FF9FFF6F
:10E3400099FF5BFF48FF7CFFA1FF80FF50FF5AFF52
:10E350008EFF98FF6CFF4EFF6FFF96FF8AFF5BFFFB
:10E3600058FF80FF96FF77FF56FF66FF8CFF8EFFFA
:10E3700067FF57FF77FF91FF80FF5CFF61FF85FF1D
:10E380008DFF71FF5AFF6EFF8CFF86FF63FF5FFFFB
:10E390007BFF8EFF79FF5DFF68FF86FF89FF6BFFC4
:10E3A0005FFF73FF8BFF7FFF63FF64FF7EFF8BFFC9
:10E3B00074FF5EFF6DFF88FF83FF6AFF5FFF7AFFD8
:10E3C0008AFF79FF62FF68FF83FF87FF6EFF61FFAF
:10E3D00071FF89FF80FF65FF64FF7DFF88FF76FF87
:10E3E00061FF6CFF85FF83FF6CFF61FF78FF87FF94
:10E3F0007CFF63FF68FF80FF87FF71FF61FF70FF95
:10E4000087FF81FF67FF63FF7CFF88FF77FF62FF65
:10E410006AFF85FF84FF6DFF61FF74FF8AFF7CFF49
:10E4200064FF66FF80FF87FF73FF60FF6FFF87FF5A
:10E4300082FF68FF62FF7AFF89FF7AFF60FF69FF52
:10E4400083FF88FF6EFF5EFF73FF8BFF7FFF63FF1D
:10E4500063FF7FFF8BFF75FF5CFF6DFF88FF87FF0A
:10E4600067FF5EFF78FF8EFF7CFF5DFF65FF86FF25
:10E470008BFF6FFF59FF70FF90FF83FF61FFFEFF6F
:10E480003DC02DB417ACD5A5A9A0379C4C98C69417
:10E490009291A08EE48B5689F086AD8488827D802F
:10E4A0008B7EAE7CE47A2D798577EC756174E372AE
:10E4B00071710970AC6E586D0D6CCB6A90695D68B6
:10E4C00032670D66EE64D663C362B661AE60AB5F61
:10E4D000AC5EB35DBE5CCD5BE05AF7591259315862
:10E4E00053577856A155CC54FB532D536152995133
:10E4F000D3500F504E4F904ED44D1A4D634CAD4BF0
:10E50000FA4A494A9A49EC4841489747F0464A46F0
:10E51000A64503456244C34325438942EE41554124
:10E52000BD402740923FFE3E6C3EDA3D4B3DBC3C39
:10E530002F3CA23B173B8D3A053A7D39F6387138AE
:10E54000EC376937E6366536E4356535E6346834E8
:10E55000EB336F33F4327A320132883111319A3031
:10E560002430AE2F3A2FC62E532EE02D6F2DFE2CC9
:10E570008E2C1E2CAF2B412BD42A672AFB298F29E6
:10E580002429BA285128E7277F271727B0264926AC
:10E59000E3257D251825B4245024EC238923272343
:10E5A000C52264220322A2214221E32084202620C6
:10E5B000C81F6A1F0D1FB01E541EF81D9D1D421D51
:10E5C000E81C8D1C341CDB1B821B291BD11A7A1AF8
:10E5D000221ACC1975191F19C91874181F18CA17CF
:10E5E00076172217CF167B162916D61584153215E5
:10E5F000E1148F143F14EE139E134E13FE12AF124C
:10E6000060121212C31175112711DA108D1040100B
:10E61000F30FA70F5B0F0F0FC40E790E2E0EE30D35
:10E62000990D4F0D050DBB0C720C290CE00B980BCE
:10E630004F0B070BC00A780A310AEA09A3095C09E3
:10E640001609D0088A084408FF07BA07750730077B
:10E65000EB06A70663061F06DC059805550512059F
:10E66000CF048C044A040804C60384034203010354
:10E67000C0027F023E02FE01BD017D013D01FD00A1
:10E6800037FFA4FF8BFF23FF5EFFB6FF5CFF1FFF7A
:10E6900090FFAAFF2DFF3BFFB7FF80FF14FF6CFF29
:10E6A000C3FF49FF18FFA5FFACFF15FF41FFCEFFD9
:10E6B00074FFFCFE83FFD4FF2DFF0DFFC7FFADFFEE
:10E6C000F0FE4BFFF4FF5EFFD8FEA7FFF1FFFBFE5D
:10E6D000FBFE0700ACFFA9FE60FF42002CFF8CFE92
:10E6E000F9FF340081FED0FEAD00AFFFCDFDA8FFE5
:10E6F000550168FE39FDA801CE01A9FAE6FC410FDB
:10E70000FE7F410FE5FCAAFACE01A7013AFD68FEA3
:10E710005501A7FFCEFDAFFFAC00D1FE81FE330057
:10E72000FAFF8CFE2CFF420060FFA8FEADFF060042
:10E73000FCFEFBFEF1FFA6FFD9FE5EFFF4FF4BFFE0
:10E74000EFFEADFFC8FF0DFF2DFFD4FF82FFFDFEE2
:10E7500073FFD0FF3FFF16FFABFFA6FF18FF49FF77
:10E76000C2FF6EFF12FF81FFB7FF3AFF2EFFAAFF25
:10E770008FFF20FF5CFFB5FF5FFF24FF89FFA5FF30
:10E7800036FF41FFA8FF7EFF27FF69FFACFF54FF64
:10E7900030FF91FF95FF36FF4FFFA4FF72FF2DFF63
:10E7A00074FFA3FF4CFF3BFF95FF8AFF34FF5BFF25
:10E7B000A3FF65FF33FF7FFF99FF45FF47FF97FFEB
:10E7C0007FFF35FF65FFA0FF5CFF38FF87FF91FFEC
:10E7D00040FF50FF9AFF74FF36FF70FF9AFF55FF0E
:10E7E0003FFF8CFF89FF3DFF58FF9CFF6BFF37FF0A
:10E7F00078FF98FF4BFF46FF93FF80FF3AFF61FFD2
:10E800009CFF62FF39FF82FF91FF46FF4CFF98FF9C
:10E8100077FF38FF6BFF9BFF59FF3CFF89FF8DFFA0
:10E820003FFF54FF9BFF70FF35FF75FF99FF50FFBF
:10E8300041FF91FF86FF39FF5CFF9FFF66FF35FFB9
:10E840007EFF98FF46FF45FF9BFF7DFF33FF66FF7E
:10E85000A2FF5CFF34FF89FF96FF3AFF4DFFA2FF46
:10E8600075FF2DFF71FFA5FF4FFF35FF96FF91FF4D
:10E870002FFF55FFABFF6AFF26FF7FFFA8FF3FFF7B
:10E8800038FF00000A040508F10BCC0F9813561747
:10E89000041BA41E3522B8252E29952CEF2F3C33BE
:10E8A0007C36AE39D43CEE3FFB42FC45F148DB4BB5
:10E8B000B94E8B5153540F57C059675C035F956134
:10E8C0001D649B660E69786BD96D30707E72C27460
:10E8D000FE7630795A7B7C7D957FA581AE83AE85AF
:10E8E000A7879789808B618D3B8F0E91D9929D94DC
:10E8F0005A961098C099699B0B9DA79E3CA0CBA1EE
:10E9000054A3D6A453A6CAA73BA9A6AA0CAC6CAD27
:10E91000C7AE1CB06CB1B7B2FDB33DB579B6B0B7F8
:10E92000E2B80FBA37BB5BBC7BBD96BEACBFBEC006
:10E93000CCC1D6C2DCC3DEC4DBC5D5C6CBC7BDC81F
:10E94000ABC996CA7CCB60CC40CD1CCEF5CECBCF2C
:10E950009DD06CD138D200D3C6D388D448D504D644
:10E96000BED674D728D8D9D888D933DADCDA83DB95
:10E9700026DCC8DC66DD03DE9CDE34DFC9DF5CE05C
:10E98000ECE07BE107E291E218E39EE322E4A3E4FA
:10E9900023E5A0E51CE695E60DE783E7F7E76AE8DF
:10E9A000DAE849E9B6E921EA8BEAF3EA5AEBBFEB88
:10E9B00022EC84ECE4EC43EDA0EDFCED56EEAFEE82
:10E9C00007EF5DEFB2EF06F058F0A9F0F9F048F16B
:10E9D00095F1E1F12CF276F2BFF206F34DF392F3EA
:10E9E000D6F31AF45CF49DF4DDF41CF55AF597F5B2
:10E9F000D4F50FF649F683F6BBF6F3F62AF760F77F
:10EA000095F7CAF7FDF730F862F893F8C3F8F3F812
:10EA100022F950F97EF9AAF9D6F902FA2DFA57FA35
:10EA200080FAA9FAD1FAF8FA1FFB46FB6BFB90FBC0
:10EA3000B5FBD9FBFCFB1FFC41FC63FC85FCA5FC82
:10EA4000C6FCE5FC05FD23FD42FD5FFD7DFD9AFD55
:10EA5000B6FDD2FDEEFD09FE24FE3EFE58FE71FE1F
:10EA60008AFEA3FEBCFED4FEEBFE02FF19FF30FFC0
:10EA700046FF5CFF71FF86FF9BFFB0FFC4FFD8FF1E
:10EA8000EBFFFFFF000014FEC8FBAFF951F808F8D8
:10EA9000F1F8D6FA4DFDB1FF7301150267018EFF43
:10EAA000F0FC31FA04F8F4F655F71BF9E3FB04FF28
:10EAB000B7014B034C03A701B2FE1EFBC6F789F555
:10EAC00005F576F699F9C1FDEB010D054A062D0510
:10EAD000D301EFFC9AF72CF3D6F063F1F4F4F0FADB
:10EAE0000E029F08E40C760DB509F0017FF79FEC4C
:10EAF000FBE342E091E3F4EE20025D1BC237915349
:10EB0000F56A877AFF7F877AF56A9253C1375D1B72
:10EB10002102F3EE91E342E0FCE39DEC81F7EF018B
:10EB2000B509770DE20CA0080F02EFFAF4F464F1D6
:10EB3000D5F02CF39BF7EDFCD5012C054A060D050D
:10EB4000EC01C0FD99F976F606F588F5C6F71EFBCF
:10EB5000B2FEA8014B034B03B70104FFE3FB1BF913
:10EB600056F7F4F602F833FAEFFC8DFF690115024F
:10EB70007101B3FF4CFDD7FAF0F808F850F8B1F97D
:10EB8000C7FB14FE010017011D01120041FE20FC0D
:10EB900032FAF6F8AEF86CF9F9FAF3FCDAFE350061
:10EBA000B7003E00F1FE20FD44FBD0F91BF955F9FA
:10EBB00065FA0CFCDAFD62FF400044006DFFF1FDD8
:10EBC00034FCA0FA99F961F9FEF94EFBF8FC93FECA
:10EBD000BBFF2900BFFF9EFE0CFD6BFB28FA89F9E5
:10EBE000BFF9B1FA2AFCC9FD26FFF0FFEFFF2CFFA9
:10EBF000CFFD36FCC3FAD1F99EF933FA6FFBFFFC67
:10EC000083FE9AFF01009AFF83FE00FD6EFB33FA3C
:10EC10009EF9D2F9C2FA36FCD0FD2AFFF1FFEEFFD1
:10EC200028FFC8FD2AFCB2FABEF98AF926FA6DFB64
:10EC30000BFD9EFEC0FF2700BDFF92FEF8FC4EFBC1
:10EC4000FFF95FF99BF99FFA34FCF2FD6CFF440079
:10EC5000410061FFDAFD0CFC65FA55F91CF9CFF9AA
:10EC600044FB20FDF1FE3E00B7003600D9FEF3FC68
:10EC7000FAFA6BF9AEF8F6F833FA1EFC42FE13000E
:10EC80001C01180100000000FCFE0C00F0FE180042
:10EC9000E3FE2600D6FE3200CAFE3E00BEFE4A005B
:10ECA000B2FE5500A8FE60009CFE6C0090FE78004D
:10ECB00084FE83007AFE8E006FFE970066FEA10040
:10ECC0005DFEA90054FEB40049FEBD0041FEC40033
:10ECD0003BFECB0033FED3002BFEDA0025FEE10025
:10ECE0001EFEE6001AFEEA0015FEF00010FEF4001B
:10ECF0000CFEF7000AFEFA0007FEFB0006FEFD0010
:10ED000005FEFD0005FEFD7F05FEFD0005FEFC0085
:10ED100007FEFB0007FEFA000AFEF6000EFEF200F8
:10ED200012FEEE0016FEEA001AFEE50020FEE000EC
:10ED300024FEDB002BFED30033FECB003BFEC300E2
:10ED400042FEBD0049FEB50052FEAA005DFEA100D4
:10ED500065FE980070FE8C007BFE830084FE7800C8
:10ED60008FFE6E009AFE6200A6FE5600B2FE4A00BA
:10ED7000BEFE3D00CCFE3000D8FE2400E4FE1800AC
:10ED8000EFFE0E00FAFE010008FFF4FF14FFE8FF9B
:10ED900020FFDCFF2CFFD0FF38FFC3FF46FFB6FF8C
:10EDA00052FFAAFF5EFF9EFF6AFF92FF75FF88FF7A
:10EDB00080FF7DFF89FF74FF94FF68FF9FFF5FFF67
:10EDC000A7FF56FFB2FF4BFFBBFF43FFC2FF3DFF54
:10EDD000C9FF35FFD1FF2DFFD9FF25FFE0FF20FF41
:10EDE000E4FF1BFFEAFF16FFEEFF12FFF2FF0EFF2C
:10EDF000F6FF0AFFFAFF06FFFDFF05FFFDFF04FF18
:10EE0000FFFF03FFFFFF03FFFFFF03FFFFFF03FF02
:10EE1000FEFF05FFFDFF06FFFAFF09FFF8FF0CFFED
:10EE2000F4FF10FFEFFF16FFEAFF1AFFE6FF1FFFD8
:10EE3000DFFF26FFD9FF2DFFD1FF35FFC9FF3CFFC4
:10EE4000C3FF43FFBBFF4CFFB0FF57FFA7FF5FFFB0
:10EE50009EFF69FF95FF72FF8AFF7DFF80FF88FF9D
:10EE600074FF94FF68FFA0FF5CFFABFF52FFB6FF8B
:10EE700046FFC2FF3AFFCEFF2EFFDAFF21FFE8FF79
:10EE800014FFF4FF08FF00000000040013002C0032
:10EE90004E007B00B100F1003A018E01EA015102FF
:10EEA000C1023A03BD034904DF047D052406D506EB
:10EEB0008E0750081A09ED09C90AAC0B980C8B0D86
:10EEC000860E890F9410A511BE12DE130515321699
:10EED00065179F18DF19251B711CC21D181F742090
:10EEE000D4213923A22410268127F728702AEC2B5D
:10EEF0006B2DED2E7230F93183330E359B36293868
:10EF0000B9394A3BDB3C6D3EFF3F91412343B4445A
:10EF10004546D5476349F04A7B4C054E8C4F11510D
:10EF2000935212548E5507577D58EE595C5BC55C61
:10EF30002A5E8A5FE6603C628D63D9641F665F6704
:10EF40009968CC69F96A206C406D596E6A6F75706A
:10EF5000787173726673527435751176E476AE7794
:10EF600070782979DA79817A1F7BB57B417CC47C02
:10EF70003D7DAD7D147E707EC47E0D7F4D7F837F91
:10EF8000B07FD27FEB7FFA7FFF7FFA7FEB7FD27F6C
:10EF9000B07F837F4D7F0D7FC47E707E147EAD7DFC
:10EFA0003D7DC47C417CB57B1F7B817ADA792979F0
:10EFB0007078AE77E4761176357552746673737235
:10EFC000787175706A6F596E406D206CF96ACC6902
:10EFD00099685F671F66D9648D633C62E6608A5FEB
:10EFE0002A5EC55C5C5BEE597D5807578E551254FE
:10EFF000935211518C4F054E7B4CF04A6349D547D3
:10F000004546B44423439141FF3F6D3EDB3C4A3BC0
:10F01000B93929389B360E358333F9317230ED2EEC
:10F020006B2DEC2B702AF72881271026A224392378
:10F03000D4217420181FC21D711C251BDF199F18B5
:10F04000651732160515DE13BE12A5119410890F2F
:10F05000860E8B0D980CAC0BC90AED091A095008E5
:10F060008E07D50624067D05DF044904BD033A0357
:10F07000C1025102EA018E013A01F100B1007B00A8
:10F080004E002C00130004000000000000000000EF
:10F090000000000000000000000000000000000070
:10F0A0000000000000000000000000000000000060
:10F0B0000000000000000000000000000000000050
:10F0C0000000000000000000000000000000000040
:10F0D0000000000000000000000000000000000030
:10F0E0000000000000000000000000000000000020
:10F0F0000000000000000000000000000000000010
:10F1000000000000000000000000000000000000FF
:10F1100000000000000000000000000000000000EF
:10F1200000000000000000000000000000000000DF
:10F1300000000000000000000000000000000000CF
:10F1400000000000000000000000000000000000BF
:10F1500000000000000000000000000000000000AF
:10F16000000000000000000000000000000000009F
:10F17000000000000000000000000000000000008F
:10F18000000000000000000000000000000000007F
:10F19000000000000000000000000000000000006F
:10F1A000000000000000000000000000000000005F
:10F1B000000000000000000000000000000000004F
:10F1C000000000000000000000000000000000003F
:10F1D000000000000000000000000000000000002F
:10F1E000000000000000000000000000000000001F
:10F1F000000000000000000000000000000000000F
:10F2000000000000000000000000000000000000FE
:10F2100000000000000000000000000000000000EE
:10F2200000000000000000000000000000000000DE
:10F2300000000000000000000000000000000000CE
:10F2400000000000000000000000000000000000BE
:10F2500000000000000000000000000000000000AE
:10F26000000000000000000000000000000000009E
:10F27000000000000000000000000000000000008E
:10F28000000000000000000000006AFF63FF68FF4C
:10F2900070FF7CFF87FF89FF83FF79FF6BFF63FFB0
:10F2A00063FF6BFF79FF85FF8EFF88FF7DFF6EFF99
:10F2B00062FF5EFF64FF75FF85FF90FF8FFF84FF95
:10F2C00072FF60FF59FF5CFF6DFF83FF94FF98FFA3
:10F2D0008FFF78FF5FFF4FFF51FF61FF7FFF9AFFB6
:10F2E000A7FFA0FF84FF5FFF40FF37FF4AFF74FFC7
:10F2F000A7FFC9FFCBFFA4FF5FFF13FFE3FEF0FEF4
:10F3000047FFE3FFAA006A01F701FE7FF7016A01E8
:10F31000AA00E4FF46FFF0FEE3FE13FF5FFFA4FF39
:10F32000CCFFC8FFA7FF74FF4AFF37FF40FF60FF15
:10F3300083FFA0FFA7FF9BFF7EFF61FF51FF4FFFF1
:10F340005FFF79FF8DFF9AFF93FF83FF6DFF5DFFE6
:10F3500058FF60FF72FF84FF8FFF91FF84FF74FFEF
:10F3600066FF5DFF62FF6EFF7DFF89FF8CFF86FFFA
:10F370007AFF6AFF64FF62FF6BFF78FF85FF88FFFB
:10F3800087FF7CFF71FF66FF65FF69FF74FF80FFE9
:10F3900086FF87FF7EFF75FF6AFF66FF69FF70FFCC
:10F3A0007DFF83FF86FF80FF78FF6EFF67FF69FFA9
:10F3B0006FFF78FF80FF86FF81FF7BFF71FF69FF92
:10F3C00069FF6DFF75FF7EFF84FF82FF7DFF74FF85
:10F3D0006CFF68FF6CFF73FF7CFF81FF83FF7EFF84
:10F3E00078FF6EFF69FF6BFF70FF79FF80FF83FF7F
:10F3F00080FF79FF71FF6BFF6AFF6EFF76FF7EFF74
:10F4000083FF81FF7BFF75FF6BFF6AFF6DFF72FF5C
:10F410007DFF81FF83FF7DFF77FF6DFF6BFF6AFF3D
:10F4200071FF7AFF80FF82FF81FF78FF71FF6AFF23
:10F430006AFF6EFF77FF7EFF84FF81FF7CFF72FF14
:10F440006CFF69FF6BFF75FF7CFF83FF84FF7DFF0F
:10F4500076FF6DFF68FF6AFF71FF7AFF82FF85FF0D
:10F4600080FF79FF6FFF68FF68FF6DFF78FF81FF06
:10F4700086FF83FF7CFF71FF68FF67FF6AFF74FFF1
:10F480007FFF86FF87FF7FFF74FF6AFF00009E02F9
:10F490005F0AF116CF274A3C8B539D6C7B8614A0E4
:10F4A0005EB858CE1EE1E9EF20FA56FFFEFFF8FFE6
:10F4B000EDFFDCFFC5FFA9FF87FF60FF33FF00FF03
:10F4C000C8FE8AFE47FEFEFDB0FD5CFD02FDA3FC0A
:10F4D0003EFCD4FB65FBF0FA76FAF6F971F9E6F832
:10F4E00057F8C2F727F788F6E3F539F58AF4D5F32C
:10F4F0001CF35EF29AF1D2F004F032EF5AEE7EED98
:10F500009DECB7EBCDEADEE9EAE8F1E7F4E6F2E5F7
:10F51000ECE4E2E3D3E2BFE1A8E08CDF6CDE48DD9F
:10F520001FDCF3DAC2D98ED856D71AD6DAD496D3DE
:10F530004FD204D1B5CF63CE0ECDB5CB59CAF9C8E1
:10F5400096C730C6C7C45BC3EDC17BC006BF8EBDC6
:10F5500014BC97BA18B996B712B68BB402B377B188
:10F56000E9AF59AEC8AC34AB9FA907A86EA6D3A427
:10F5700037A399A1F99F599EB69C139B6E99C89782
:10F5800021967A94D19227917D8FD28D278C7A8A79
:10F59000CE8821877385C68318826A80BD7E0F7DE1
:10F5A000617BB47907785A76AD7402735671AC6F8B
:10F5B000026E596CB06A09696367BD651964766249
:10F5C000D560355F965DF95B5D5AC3582B579455EE
:10F5D00000546D52DC504E4FC14D374CAF4A2A4952
:10F5E000A7472646A8442C43B3413D40CA3E5A3D56
:10F5F000EC3B823A1A39B6375536F7349C334532EC
:10F60000F130A12F542E0B2DC62B842A46290C280D
:10F61000D526A32574244A2324220221E41FCA1ECE
:10F62000B41DA31C961B8E1A8A198B1890179A1654
:10F63000A815BB14D313F012111237116310930FD6
:10F64000C80E020E410D850CCE0B1C0B6F0AC809AB
:10F6500026098908F1075F07D2064A06C7054A0549
:10F66000D3046104F4038D032B03CF027802260236
:10F67000DB01950154011901E400B4008A00650022
:10F6800046002D0019000B000200000000000000E1
:10F69000240348066A098C0CAB0FC812E115F9184F
:10F6A0000A1C1B1F2222282526281E2B112EFB3068
:10F6B000DD33BB368B39563C163FCD417A441C476F
:10F6C000B3493E4CBF4E33519A53F3554358805A79
:10F6D000B35CD65EEB60F062E764CF66A4686C6AE8
:10F6E000226CC96D5D6FE1705472B37304753F761F
:10F6F0006B77837888797A7A5C7B287CE27C887D5A
:10F700001C7E9C7E067F617FA67FD67FF37FFF7F76
:10F71000F47FD77FA57F607F087F9A7E1D7E887DDE
:10F72000E27C287C5B7B7B7A887983786B773F7679
:10F730000375B4735472E1705D6FC86D236C6C6AAD
:10F74000A568CD66E864F062EB60D65EB25C825A72
:10F750004158F4559A533351BE4E3F4CB3491C4760
:10F760007A44CC41173F563C8C39B936DE33FB30F6
:10F77000102E1F2B2628282522221A1F0C1CF718B2
:10F78000E215C812AB0F8C0C6A094806230301006E
:10F79000DCFCB8F996F673F356F039ED1DEA08E78C
:10F7A000F6E3E5E0DEDDD8DADAD7E1D4F0D105CF53
:10F7B00022CC47C974C6AAC3E9C034BE86BBE4B82C
:10F7C0004DB6C1B342B1CDAE66AC0CAABFA77EA503
:10F7D0004EA32AA1159F109D189B33995B97949572
:10F7E000DD933892A3901E8FAE8D4B8CFD8AC1891C
:10F7F00095887D8778868585A584D8831E837782C2
:10F80000E5816581F880A0805A802A800C80028082
:10F810000C8029805B80A080F8806581E5817682FC
:10F820001F83D883A584858578867C879788BF8940
:10F83000FE8A4C8CAC8D1F8FA3903792DE939495EB
:10F840005B9732991A9B0E9D179F29A14DA37FA507
:10F85000BFA70CAA65ACCEAE42B1C1B34DB6E4B8F9
:10F8600086BB33BEEAC0AAC374C647C922CC05CF43
:10F87000EFD1E2D4DAD7D8DADDDDE7E0F5E307E768
:10F880001FEA38ED54F076F395F6B8F9DCFC000089
:10F8900068696B6C6E707374767A7C7C7E8183840D
:10F8A00087898A8C8F919193949594949493929054
:10F8B0008E8B89857F79746E655D58534E4A4949B0
:10F8C0004B50565D6874828F9EADBCCBDAE4ECF58C
:10F8D000FFFCF8F4F0E8DED3C8BCB1A6998D847BB8
:10F8E0007269625B55524E4A48484948484B4E50EF
:10F8F00053585C5F64686C7175787A7D7E7D7D7C21
:10F900007A787674716F6E6C6B696968676768671F
:10F91000687B7A7C787675757675717273716E6DA9
:10F920006D6E6E6C6E7274767A7D838788878B8E2F
:10F930008D8B8A8A8A8783817F7D77726F6B645F04
:10F940005A54524F505257616F7C8CA0B6CBDAE5B7
:10F95000F1FFF6EEE7DFD0C1B4ADA69D9695959484
:10F96000918F8F8D8A8683807D79746E6966615AE6
:10F970005656555452555A5D5F62696E6F70727477
:10F9800073716F6F7070707175787A7C7C7E7F8018
:10F990007D7B9595949394928F8F8E8B8A8988879F
:10F9A00086868584848482817F7D7976726D69679D
:10F9B00063605F5D5C5C5B5A58585654524F4D4BC8
:10F9C000494746484A4B4E565D6471818D9BAFC195
:10F9D000CBD9ECF2F5FBFFFBF5F4EEE4DBD5CBBFC6
:10F9E000B8B0A59C948C817A736B625C554D46418E
:10F9F0003A383736373A3F454C555C636C73777A03
:10FA00007F808081828180828282838789898D90B4
:10FA1000919295868179777876757B7F7D7F807AE4
:10FA200074716D696C737B8390999C9C998D7F73C5
:10FA3000695F5D62686E7D898C8E939287878B8B00
:10FA40008EA0ADAEB9C0AE9485693C24261B1C4582
:10FA5000748EB7EFFFFAFEF8CCA4957750484E4766
:10FA6000465A66636E7D818193A1A2AAB6B3A79E12
:10FA700093786153453433404A5A768E9CACB9B77B
:10FA8000AAA2927B6962574E535C60687880838932
:10FA90008F8A8686949A9EA2A3A6A6A6A4A09C97C7
:10FAA0008E8880766E67605B5754535456595C62FB
:10FAB000676E747B8185898E908F8E8E8B86827D1A
:10FAC00078726B665F5B554F4B4A484649525A65A0
:10FAD000798C9BB1CBDCE6F3FEFFF8F3EBDCCAB923
:10FAE000A89888786A625A544D4C4D4B4B4C4F51F4
:10FAF00054585C61697279808A949BA0A4A8A8A4D8
:10FB00009E978F867B6F68635C595A5C5E646A71EE
:10FB10007980878E9494A3AAABA9A2999082736CE2
:10FB2000695F514B4B47454D60707E8E9A9C9B940C
:10FB3000847771695A504C453C3436404B5C74882C
:10FB400096A2A39A8F87847F7978796C50403E3251
:10FB50002B4C7085ACDDEFEEF7FFF0DCD6D2C2AAFD
:10FB6000978D7F6F696B717A8997A4B5C3C9CAC72E
:10FB7000C5BEAC9479624A270E192D3647698B9D14
:10FB8000A6B1B8BBB9B0A89F91806C564A49433D15
:10FB9000465A67728294B2B0ACA1A09F8F8A897DC9
:10FBA00079726A645F5A5451505146514E464B52D5
:10FBB000504B4F5657525961595A605F5A595F58C6
:10FBC0005558575052554F515458535F6662687795
:10FBD0007E7B8D9F9AA8BEC2C9D3E0E6E8F1F8F912
:10FBE000FDFFFFFBFAF4ECE5E0D1C1BDB39E948FBD
:10FBF000776A64584B423A352F26272B282B2E380C
:10FC00003B424F535E696E77868B8F9DA4A6A9B643
:10FC1000B5AFB7BCB7B1B297999C90898F8A7E7AFD
:10FC2000817F7370747671717675767A828280883E
:10FC30008E898F90868F998C808A917D717D776176
:10FC40005A68634943534D3C414D4038525B4850DC
:10FC50006B6D667F92878FB0BBB3BAD3DCD1DAF419
:10FC6000EED9E9FFE6D6E8E1C5C5C9B29C9995830E
:10FC7000706764513F464026263122192E2F212ECF
:10FC80003F41414E5E64656F7E82838E999696A257
:10FC9000A6A09FA4A3A4A097B7A797827D71535055
:10FCA000595250657A7F858D9DA094908F90836D79
:10FCB0006361543B354B69717590A6AB9075776B5A
:10FCC000411B2E4427183746444F67767A8688753D
:10FCD0007879675C74826A7096988489A8AE999DD9
:10FCE000BCCBC3CCDED7D1CFBAA09E98787091A3FD
:10FCF000A2A9BBD2CFC4C2B5A07A655C55614D4004
:10FD0000618498ABD2EBE4C59580703801143E3124
:10FD10001E3D667686AED0CDB7A89E908178747170
:10FD200072757C878C878793988F8D97A09B989905
:10FD30008E807567544A535E656E8293968F867F78
:10FD4000705C473F3D3A363B47545F65666B726C6B
:10FD50005B5354524A4D546792BDC9CDE8FFE5B795
:10FD6000A39C846967737D8EA2A7A5B2BBAD9BA03F
:10FD7000AEAEA7A5AAA99C877164594E474C5C6D8D
:10FD80008094A3B5C0BEB1A38B6D554833222C41DE
:10FD90004B54728D99A4B6BCB2A8787F87807B7EC5
:10FDA0007D797C8C9EA7A09AA8B8B8AA9F9B928CBC
:10FDB0008C84746F716A5F64778173676F81847EEE
:10FDC000725F4F4F5E614B36332F2223343D352512
:10FDD0001416355A665749455EA4F4FFCAB0D9FDDA
:10FDE000F3E8F1E3B39BA0998B96A18863566C8DE1
:10FDF000A7A7958A8D9DB0BCB5A097968675839F61
:10FE0000956C5458656D787C6C575667716964774A
:10FE1000867A70829087808D9485788988848EA375
:10FE2000A79D9DA6AAA9AAA39A999B978D85818033
:10FE30007F7A6F6C717169656667686665645F5E1D
:10FE400065614F485359483332424531212B3D407B
:10FE50003332414C505C75867B7195D3D8A79DD9C0
:10FE6000FFE1BFCDE3D8C2C3CBBA9C94A6AA896CEC
:10FE700073888773666D7C817A78818A8A898D968A
:10FE80009892929B9F93888E958E7C767B7B7066F2
:10FE9000696F686168716E6A717B8389ADB0A4A374
:10FEA000BECBBEBBC5C5C6D0CEBFBABCBFB7AEA267
:10FEB000958F958D736665615751433A3233322F72
:10FEC000211D1B1F231F14161818232D1A12233B44
:10FED0003A35323B4B5D6A6F7B7B7895D2CC9CA0E8
:10FEE000E7FFE2D0EDFBEDE8FBFEEAD2D4EBF2CB8C
:10FEF000A8B6CBBBA19E9A8C818B8A746266676719
:10FF000061554C4F5252554E4446585D534E5C60BD
:10FF10005D67766E6877868A898A8F9CAD797C71F9
:10FF20006E717A7D747E827A8F9080888E918D89B1
:10FF300087878C80868D657B936D6881887C7E90B9
:10FF4000928BA0AB8685A381758B5E4F6448373753
:10FF5000251B2218131626423338706D65A5B7A0ED
:10FF6000BDE3E7E5E7FCFFE0E6E8CBCDBD9499A073
:10FF7000716170574A5A50424C56575F61615F74C5
:10FF8000815E69947B768F889093939D94909CA3D7
:10FF9000948C9B9D8E898989857A7E7B6F79ACB2A2
:10FFA000B9C1C1C5D2D2CDD5D8D3D1D1CFC5C2BFA9
:10FFB000B9B0A9A1958F8B79726F60585555433DA3
:10FFC0003E393039301C272A211A2A181829261EB2
:10FFD00026282C35363D4757615E74908789BBC40F
:10FFE000ACC0ECE1DBF0FDF5F6FFFCF9F7EAE4EA82
:10FFF000DEC5C4C5B19FA5997E7B816A5D62594407
:020000040801F1
:100000004B4936343F342E3330333A37373E45464A
:100010004D56585A66727379868C8B99A6A6AC7821
:1000200066617290ABAA97A0B9BDC4CAAC8F898F24
:10003000968F776B737E87887B7479736B737A6224
:100040004442515E66593E3D576F706456626E5F22
:100050005D64553C2B263F555248495B6B76A3E1C6
:10006000E9AC83B9FFEFA892A7AFA6ACB9A98F916D
:10007000B1C7C1A88C7E93B2A2705A6C8088887F69
:100080006F6E71768996805B4F67867C55425067AC
:10009000767F7A6C6F869AA5A28A70738F9E90780D
:1000A00068727C8994A0AAB0B5B7B8B5B3ACA49B6C
:1000B00091897F77706A625D585251505254585DF1
:1000C000646E78858E9AA3ACB3B6BAB5B1A59D8F90
:1000D000807160514238322D2E2B2D2F37475B74A3
:1000E000899FB1C3D7E9F7FEFFFAEFE0D0BEAA942B
:1000F0007E6854453B34313032353B44505A666E4D
:10010000767D868E949CA2A6A9ACAEADAEABA8A21D
:100110009991877F746B6158504A48474A4F575F9F
:100120006868666464676C72797E889198A1A1A7FB
:10013000A5A39E9A938C857971675F5D5B5A595D23
:100140006269747E888D94989FA2A3A29C978884EC
:100150007A6E645A4F433F3B3B3C3A39383F4B60E1
:100160007A92A7BCD0E5F6FFFFF2E8D6C8BCB1A6EC
:100170009A908B89898C8C8782776E645C52463D1D
:10018000312F2D363F4D5967778596A0A8AEACAC80
:10019000A7A49B968E87837C7A7475716F6E6C6B47
:1001A00069683437414E637F98B4CAE0ECF1EFDD03
:1001B000CEB6A38B78695B5850514E4D4E48483EA1
:1001C0003F3D414C586E829DB2C7D8DEE4D9CDB4D4
:1001D0009F887062524A4244494E57524F433E3FB5
:1001E00045576475849DB9D4E9EFF2E9DDD0C2B614
:1001F000A292817875767B78756F6B645C594F49F4
:100200003F39312D36435C769ABBD7ECF5FCFFFDC8
:10021000E9CCAF8F7862554C474642464546433E4F
:100220003931345A5B5F6674829AAAB7C1C0B5A4EB
:100230008E7B675B504C4C53636E797C7E7F7A7605
:100240006E6A696970798A96A1A5A69F9588786477
:100250004C3C33333B475462717D89908A80706790
:10026000677386A2B7C7D2CFC6C0B7B5B4B5BCC591
:10027000D4DDE6DED0B597795A473836383F536437
:10028000777C7A6C5542394253718EB2CCE2F5FEDE
:10029000FFE1B98E64453129262B35445C6C7778B3
:1002A00075675F5A747F88939FAAB4BABFC4C4C2EB
:1002B000BFB8B3A99F958B7F766D6760595656542A
:1002C0005654585E6068676B6A6A6867625B574E2F
:1002D0004A41403B3B3A3D40464E5865747E8696C7
:1002E0009EB0BAC0CED0D2D6DBDDE0E5E7EBE9F0D8
:1002F000F1FAF8FBF6F5ECE4DBCBC0AB9A826C5973
:10030000483526180F05010209111C2937444E5D96
:1003100068767C80837F807D7A73716964615D5CBF
:100320005D61646C740A0F233D6282A4C1CFD0C1A9
:10033000AA957E7270707B8899AFB7B7A9896B4A0E
:100340002C150203142E5B87B2D2E4F2F0E3CCAF9B
:10035000917151423A3B3E42484B51576370737919
:100360008C9EC3D4D5D0AE83736D77889FADC6DF26
:10037000F7FFF2D39D6B45271D1B223A5B88AFCA5E
:10038000DAD0B79671512E19101C3E6993B9C3C4C7
:10039000B5A28F6A492E1C2A436C97BAD5DFE3D8E1
:1003A000B5926134190A80817D7C7A79756E655CBD
:1003B000544F4F4F56585E63686C72787B828386C9
:1003C000898E91959BA1A2A5A6A7A8A5A49E968B70
:1003D0007E766D665D57514C4C4D52525452524F81
:1003E0005360728A9CAAB3B1ACA9ABAAA9A4A3AA70
:1003F000BBD1E9F9FFF0DAC2A8978A847F7D7878CB
:100400007679786F624B351D12101C2D4455636A46
:100410006C7070726F716F727C8CA0AEBEC1C0B711
:10042000AA9B908A848280A8ABA6A5A2A39E9B9338
:100430009089837E7A77726F6A6B676B696B696884
:1004400065666564646568686D6D73757A7D8182C3
:10045000817D7A78706F696760606061686C787EB2
:100460007F7D80848F96A1A6A7ACB5C4D4E2ECF2C0
:10047000F9FAFFFFFFF9ECDDD0C1B3A79B948479B3
:100480006B6358524741342A1E17140E0F0E131572
:100490001A1F2B34424C586269737D8B8F999AA135
:1004A000A2A6A5A9AAABAAA869757F8A8F93918BEA
:1004B000827A736C6D6F787E838E9091887A634FA9
:1004C0003C3A48648CB5D9E9E6CBA57C5B4C5271CB
:1004D0009AC6E5F2E3BA854C2001051B426C899E61
:1004E0009A84634933313B56728FA9BAC4C2BDB2F4
:1004F000ABA7A5AEB5BFC3C2BBB4A4928372655708
:100500005251575E6A72726F6557493F3B414F5F68
:10051000778D9EA6A59E8B7D6E6A6D79899AA7AB15
:10052000A99C8E796B605E5F69C2C6CFC9CABDB532
:10053000A7A8A4A59A9A8B87786D6B6461565249D7
:100540004942463F423A424758595B504E474C5009
:100550005B6667676767656A666E6064606F7C8DFF
:100560009CA799938D97ACC2D3C8BFB2BAC3DBE145
:10057000E5D5CEBDC6CCD7D2C5AFA1928B8F8D8726
:10058000716651544A564D4A38342629312F312349
:1005900010070123485D6D5D5850647D9EABB4A883
:1005A000A6A8B8CDDADED6CDBEC28197B6BFC3B598
:1005B000AB9B9B9BA8AFBDB9B29A83737585969C84
:1005C00090765851536B7A8575634B474F657172BE
:1005D000625147495665716B675B5C5A6367777F09
:1005E0008E919180767886999F9A888496B9CCCCA2
:1005F000B59F97B4D4F5F0D5AD999EBAD1D3BD9D32
:10060000847A858F998B816B615251494E565F5C1C
:1006100047240701215272754B2207235790A69A4F
:100620006B4B46699BBFC3AC8F7B814842597E9D13
:10063000A79A7B5C4E597194AAAF9B7B6055617EF3
:100640009CADA588675151688AA4AA9473564D5CE5
:100650007C9AA89E866A5D657D9AABAA9477626350
:100660007493B0B8A682593B303A5F88ABB9A5788D
:100670004B3D5B9CE2FFEEAE6C495D99DCFAE0A07D
:100680005A333A699BB7AD84502C253B63879890C9
:10069000744E2E294275A7C2B78A593E5081BBDCE1
:1006A000D4A56D4A4D74A3C2BD9C6C484C2F3050EC
:1006B00088BDD5BE874E344B8EDAFFF5B165343B2D
:1006C00075BAE8D79F53201A427DA6AC8B582D1DD2
:1006D000305C849FA08B6D57566B91B4C8C2A380C9
:1006E000696C8BB4D3CDAA6F3C1F275484B1BEA1D3
:1006F000652C193C85D2F1E0A15D3B4F8ED4FAE820
:10070000AF6C42456CA2C2C09E6C422E3D5D839B85
:10071000997B522A1C306298B6AD8350344276AE33
:10072000D5D3A9724E5277A8C7C5AA794C3B2A26C1
:100730002E4A5C6E7687AFAEE5F7FFF1E8D0BC9746
:100740007E72656C5444210F163B718B8B7C6972F1
:100750008FA8BEA9857977827C685241516D8286C7
:100760006D6877A6DFF0CE9A6049405470717F8B38
:1007700089795444466DBADDECBA77444779C5E3CC
:10078000CA8F492529659AB1A7876A595E78889AE0
:10079000A6A39B805332254C80AFB68140132371B2
:1007A000B7EEE3A46B4F70AAD2DBB78C5C3BB89D6D
:1007B00054076DFEC13B579B7CB4CB6C1F95ECADD1
:1007C0005C65747EBEB856308ABD8D6E726674AA42
:1007D0009F4846A7B6725E676583B79E403E849881
:1007E0009A836A4267B8C66F53596E76BBB15E4F43
:1007F00093AC7B6C7C6A6696906574A68042599037
:10080000A097905B4874A8B382574883CDAA453A15
:100810009EB1867D6B508BDF8D345A9792ADBF4A67
:100820000B7AFFBC6048347AFDE32B0189CFB8997D
:100830005D6E78987C5A7CB59B3A7DB79650839DC7
:1008400090736E8095AD5D7176927C91758C7475A8
:10085000818890727E80758E867F61A3A35A43A1A2
:1008600095955F7C89777AA88E6059AA77758E9462
:10087000345DC2B23A4B96C26B5266C1976C3987EF
:10088000DC8E1F6DE8AB183AEFC63318B3FF5C255A
:1008900066E38D386EBA984A768F947772849C7826
:1008A0005B8F8C917785984B65AEBC605273B6991F
:1008B000763A0116333F2833577C85A5C2C8B9B0B4
:1008C000A092827E848F867178898D828183816FE8
:1008D00064636A756E7379797D8081858F8E777692
:1008E0008790978E89929AA7AD9B807284877B614F
:1008F0004B415575766A6D79888A89878B898379AA
:1009000074888A7D8791908A8F978B7E7C9299825A
:100910006A5D6C72726D6A6A7489838596A0988923
:1009200077686261797A7789A7D0D6B8ABC7D09457
:10093000765F42010220322938618A95A6B5BAADA8
:10094000A59C95867A7D8A887B7E8C92887D787A34
:10095000766D66656B6C6E73787F84838690928902
:100960008990908E8B8E93928F94938A81807A75E2
:100970006F685E65727470737A82847F7B7B7A7A2B
:1009800073737E817B8490918C8F97998F87898DEB
:1009900085776C6D6F727170707D8B89848A8A7DAA
:1009A0006E66625D5F79939FA4BBE5FFDCB4C0A770
:1009B000715F5E480125567C5C3D475E5E81AAC240
:1009C000A78D8592959499A3987D6E77837F747196
:1009D00076716964697A7E7E787C7F7D7E848F946F
:1009E0008B909A99948D9297938B86807C7B808252
:1009F000857F756367717976716D6D6E6D6E787BCD
:100A00007D767882857E8C9DA392817E8385888E7B
:100A1000958B7F7276808D877765615F595E798669
:100A2000827A899E998298C4D7AEB5B4928382B1F6
:100A3000AD6D5E9B76010F465D2B0C3076A0ABBC96
:100A4000C8B5AB918369616667615D6F93A89F8844
:100A50008290988F7B62676F6F6B687279838890E2
:100A60009996A4A9A2988C8A7F7C767C827C8085CA
:100A70008A8D89816C6C6D6E69615C687B817B7627
:100A8000727D8184898F85858C8F898380807B7E30
:100A90008793918A7C797B7F725842516B828BA7B6
:100AA000C0BEAA9FB2B78563673C3B89C4AF7E795D
:100AB000C3F5C09B95711B184052341D386D92A42C
:100AC000AFC9DAC49A81655D6A6E624E55697F8CE2
:100AD00090929EA3957F737C8481786E747C8389C9
:100AE000919A9A9A91847D7C807C766C6E75777CE5
:100AF000808A8F8B8578767C85867F76767D7F7CF5
:100B00007E82877E71676D767D807B76797F8B9123
:100B100095979C9484736B6973736561809CA295AF
:100B2000A4C5D4AD88673A3B4B5B464070ABBDB3C0
:100B3000B4E2FFD4959A7A22012E4D3A1A224B77CD
:100B400098B1C0C1AE9E9A9484796C555169858FD5
:100B50008A7F7C8FA09D86736F75797471777B8196
:100B6000838A929596948C8B878981756A6D7A7F3A
:100B70007A75767E8487847D7D80828280848B8C6A
:100B8000837872767470646569778384828791A0B4
:100B90009D8F87807D71686467819492838BB2D1C9
:100BA000C9A39C7B52575A391E2244576DA5E0EECB
:100BB000CFB8D7FADD9AB189410323484D28192FC0
:100BC0005572889BA79F99918B86878C9FA0919344
:100BD000948278737B807E726568788A8F8882774A
:100BE0006A6B7986878A92979290918A8179706CE4
:100BF0006B6A6C77888F918B8A8C898E91887D7BCC
:100C00007B76716C6C6C6F7272727989887E827C73
:100C1000727270737F99AEB4AB98A1BECBAC867F75
:100C2000594F5E716236364F4D464F6E7C89AEDA53
:100C3000E8CEB0CFFFF4B1D0915E242E4A42241A00
:100C4000355A758A9BA39D958F867F869093877B67
:100C50008EA6AF9B817A7C8783726364696A6F78A2
:100C60007C7B7C838B8D8D9390857C75787B756E7A
:100C7000707A868B8B9196948E8B8E877E746F7430
:100C800079807D7B807B7A7C7D786D6466665E5F33
:100C900069778998ABBCC7BDBBC0BEA98D6F3F3D0E
:100CA0005C5F4E4860747076827B655960686E87C1
:100CB000B2D1C9B1C2EEFFD0E79B662A26464832C0
:100CC0001C2A51748A9EB0B4ADA091837977756F58
:100CD0006F82979F94888FA8B09577635F686964E7
:100CE00062666A6E75808B9297958D827C7F817C1F
:100CF000757681868487959D998F87838483776CA9
:100D0000747E817E7878727378746559555D6974E4
:100D10008AA1AAAAA9B8D2DFBF9B6E52626A5D35CA
:100D20003052727D828F9A8F8A83735C4E505C63DF
:100D30007CA7CDCEB3AED7FFE7FCA6702A0C373F19
:100D4000250B1F4E768CA4B8BCB4A9988878787906
:100D5000736B7588938D878CA2A3907F7B8B8B7828
:100D600060525E65645E606A788592969591939212
:100D70008B8285979F91858591988F776770797819
:100D80006F707E87847A7162595759565A6B8CA856
:100D9000AAA7B5D7EAC99F90797474593A384E62B8
:100DA000565A7C9A9E9795998D81796951414659F9
:100DB00065769BCFE4CCB7D2FFFCFFA67230053836
:100DC0004F4323284E768EA3B1B4AAA3998F7F7E7A
:100DD0007E817E7E888E817068798A8D7F6D6E7748
:100DE00077788488766861667B898B8B8B8A8B9514
:100DF0009B998A7B808A8679707A8D958C83878887
:100E0000817B7F7E7363524D55687F928F8080A176
:100E1000D0D2AA93796F7C7D74605F6C6B68788B9D
:100E200091786B7A8D8A7F7D8682808482684D4638
:100E30005B6F8096BACDBBA5C1F6FFFFB5834B199A
:100E400043594C2626466F88A1B2B5AAA49C958129
:100E50007774787577838F8C837D81837766565717
:100E6000636A6E737C86909CA59E988B8993908113
:100E70006E676E777B7D82878C8D8F94998F807A59
:100E8000756B5F5C646D768195A29E94A0B5B78DFD
:100E900071664F546364595A6B8797A3A79E8B86DC
:100EA0008882695D667A7F7D8495958C837F6F5B90
:100EB0004A4C58708DB2C1B5A2BCEBFFFFC0875938
:100EC0001C37504D332E4C748A9BABB8B4A491861A
:100ED00077706F6F6D717F8C8B817E8793917D654D
:100EE0005E63625E5F677781878F9EAEB8BCAC96AB
:100EF0008B7266676865666D78848C949B98857044
:100F0000696B6D707F96A19D93A1B8B59586674F6B
:100F1000545C5D4E4F66777D848A91979E9C8C7A57
:100F20007B868C7D6E768A90857C838B897B6E5EDA
:100F300051494E5A708BAEC5C1ADB8E2FFFFD58F97
:100F4000601B2349523B2C466F8A97A0A8A4998B1B
:100F5000827C77787777818E948C7A737D8785779A
:100F600065626C716F6C6D757B7979869CACAD9C9C
:100F70009197A6A28872616B78766B5F616D7C80B9
:100F80007E889DACA4949AB2C3A685755956635EBB
:100F9000473E4E636B758895969390919396938593
:100FA00075747F8B7F6E6D7D8E8D827F81837C716A
:100FB00060524C4F576888B3D6D6BDBBDDFFFFEA01
:100FC000A06A2910324B42262B537A909EABB2ABCB
:100FD0009B8D7F6E666A6C6F7781847E7D8792962B
:100FE0008E7D7172757A7C777372716C6B7482907E
:100FF0009497999FA29C918F8F7860555164839F9D
:10100000A49189A0C8D6B4957F66626663463749C5
:101010005A5F65747C787D8B908E8A878A919AA1BD
:101020009C8B7B79807E7772757E7B7373767D7EF9
:101030006E594C4951647D98B8DBE6D3C2D7FFF9AD
:10104000FFC7854E15213E3F2C2A496E859BADB1C9
:10105000A48F8071625A5F656B76838F94979797A0
:101060009A989185776D686A6F6E6A656875848EE7
:101070009397998C7E77787777736C7C9DC3CEB885
:10108000A9AEC1BA9077593D4F645F4E546A6D6BFB
:10109000757D7D75736F6B71808889898D969DA133
:1010A000A29E91817979726760636D71747D848885
:1010B000887F766B605556657A9FC6DFD4BFCFF9BF
:1010C000B7B1A5978975695D554C473E342D2626E5
:1010D0002626231B13080201070F1A2024282B3071
:1010E0003A434E586069748291A0ADB6BABFC6D17A
:1010F000DEECF5FCFCF7F3EEEBEBEBEAE8E4DED735
:10110000CFC7BCB2A4958B847C766F6153443A2FD1
:101110002B2824201A1714141A20272D33373C416A
:101120004A515A6268717D8B99A6B2B9BEC3CCD3BD
:10113000DBE2E2E1DAD5D2D3D7DDDFDED7CFC5BE41
:10114000B7C9C7C1B5A38F80736E6B6B635A4C412F
:10115000382F2A231912090301050B111417191E20
:10116000232C313638393B404A58656D70717174A3
:101170007F8B99A7B1B9BEC3CAD3DAE2E6EBEFF42D
:10118000F7F7F2E8DACABAB5B2B0AEA6998C7D76B6
:101190007273726F65574C47444A50565A5D626687
:1011A0006C747776746F6F747E8890918C8782856B
:1011B0008F9CACB1B2ACA8AAB3C1D1DBE0DBD3CB7E
:1011C000C7C973747576736C635B545151514F4941
:1011D00040352A221D1B1A1B1A1816141311101041
:1011E000100F100F11151B21282E353B41454B5078
:1011F000575F6871787F878B8F93959697969899AC
:101200009EA1A6A9A9A8A49F9D9D9EA0A4A5A7A6AE
:10121000A7AAAFB5BCC5CBD2D8DBE1E4E9EDF2F7C4
:10122000FBFDFFFDF6EFE4DBD3CEC9C3BDB4ABA13C
:101230009A969394918C857E79787A7F8587847F3E
:10124000787473BEB9B3ADA69F9A958E887F766B7E
:1012500061574E453C32281D130C0503010103055F
:10126000080B0D101214171C222A323B41474C5216
:1012700059636E7A858D93979A9DA1A5A8ACAEB25D
:10128000B5B9BBBEBEBCBAB7B5B5B5B6B7B7B4B1E4
:10129000ACA9A7A5A5A3A29E9B97938E8A888584B7
:1012A00084858687878483818082838587868687F5
:1012B000898D93989FA4A9ADB2B8BEC5C9CCCCCA3C
:1012C000C7C3C0BE928F8B857B71665E56504B46FE
:1012D000413C352F29231E1A15110D090503010163
:1012E00001030506060505040405080B0E11131479
:1012F0001516171B212830363C41454A5057616B63
:1013000077838F9BA5AEB5BABEC2C8CED6DEE6EB5C
:10131000EDEDECEBECEFF1F5F6F7F5F1ECE7E5E3ED
:10132000E2E3E5E7E8E7E4E0D9D3CDC8C5C3C1C14E
:10133000C2C1BFBCB8B4B0ACAAA9AAAAA9A8A5A1A9
:101340009C98959392ABA6A29B948B8075675C53F7
:101350004D4A4746443F392F251B120A0502010218
:101360000506090B0C0B0C0C0F13181C1E1E1B186A
:101370001615191F2935404B535A5F646B717882DB
:101380008B96A0A9B0B6BABABBBBBBBEC1C6CACD0C
:10139000CCC9C7C4C3C4C6C7C8C9C7C6C2BFBDBEFF
:1013A000BEBFC1C3C7CBCDCFCECBC6C0BAB5B2B01E
:1013B000AFB2B2B3B0ADABA8A7A7AAAEB2B5B8B939
:1013C000B9B7B5B1AEABBDBCBDBCBCBBB9B3AAA0CF
:1013D000968E8883817C7670685F564C4134281DD8
:1013E0001613131313110C0806060A0E1112110E10
:1013F0000D0C111820272E3339404851595F626374
:1014000065697078828A909293979EA8B3BEC7CC84
:10141000CECDCED1D7DFE9F1F7FBFCFCFDFCFDFD25
:10142000FFFFFEF9F2E8DCCEC1B5A99D9184776A91
:101430006059555556595A5D6165696E73777A8062
:1014400089929EAAB3B9BD9AA0A7ADB3B8BBBBB7EA
:10145000B3AEACACAEB2B4B2B1ABA5A19D99958F11
:10146000867D736A615B534C453C36312D2A2721BA
:101470001B15100F1115191E212324272A30373E62
:1014800043494F596473818D979EA4AAB1BAC3CCC6
:10149000D4DBDEE2E6EBEFF6FAFDFFFFFDFAF5ED59
:1014A000E3D9CEC5BBB2A99F9285796B60584F48EE
:1014B000423C373635363A3C4143474C52575E64DE
:1014C0006970767D858C949A6D6A686866635D57ED
:1014D0004F4944423F3C3A36323234383E43464626
:1014E0004441404042444543403B373535383A3C1F
:1014F0003B3834302E2D2C2C2C2B2A2828282A2D12
:1015000030343A4049535D676F767B81888F99A26A
:10151000ABB3B9BDC2C7CFD6DFE7ECEFF0F2F3F65D
:10152000F9FCFFFFFEFCFBF9F8F6F3EDE6DED7D1A0
:10153000CCC9C7C3BFBBB6B3B2B3B2B1ADA69D935E
:101540008B8582807F7C77726D8576695E53493F9B
:10155000352A2018130F0C0B0703020408111B2552
:101560002B2E31343940464C5051504F5053585C1B
:101570006162626262646667686664605D5C5D5F4A
:101580006060616468717B858E969C9FA3A7AAADFD
:10159000AFAFADAAA6A29F9A9693908E8D8E8F8F95
:1015A0008F8F8E8F9194989DA2A6A8ABB0B5BCC327
:1015B000CAD2DAE0E6EDF3F6F9FBFEFEFFFEF9F241
:1015C000E7DACEC2B9B1A79E9285BBB6B4B2ACA1E0
:1015D000917F6C5E544F4840372A1D17161B242EEE
:1015E000363736333230302F2D271F171312141A87
:1015F0001F24292D353F4D5B6972797E80838A9146
:10160000989FA5A9ADB2BDC8D6E3EEF5F7F6F2ED09
:10161000E8E2D8CDBFAD9B89786B625C5855514FDD
:101620004D4C4D4E4E4E4C484646484B4F555A61D8
:101630006C798A9FB4C6D4DCE0E5EAF2F9FEFFFAE1
:10164000F0E5D9D2CFCECECBC5C0BB85807D786F3B
:101650005F4E3C2F27242525221B1107010107106F
:101660001B222424211F1E22262B2D2D2A26232136
:10167000222425252422212325292B2D2C2A2A2CFE
:10168000323B444C505353565E6A7B8D9DA9B1B694
:10169000BAC0C7CED5D9DAD8D5D3D1D1D0D0CFCE54
:1016A000CECFD1D4D4D2CEC8C4C2C4C8CBCDCCCA7C
:1016B000C8CACED6DFE7ECEDEDEAEBEDF1F2F2EDE4
:1016C000E5DCD3CCC6C0B8ADA1948B858783807D83
:1016D000776E6255493F3834302B27211C1A1A1D6A
:1016E0002226282724211E1B191816110C08040174
:1016F000010306090C0F1113171A1E212425272A8E
:101700002E343B434B535A606A747F8B96A1A8AF2B
:10171000B4BAC0C6CCD1D2D1CFCDCCCCD0D3D6D810
:10172000DADBDDDFE2E6E6E6E2DFD9D5D3D1D1D2FE
:10173000D3D4D6D9DDE2E6EAEBECEBEBE9E8E4DF83
:10174000D6CCC3BAB3AEABA7A29B948D879A969220
:101750008C82726151463F3B38342E251B130E0D8F
:101760000F1112100B06020102060B1012131519AD
:10177000202A37444F575A5B5D60656F79818687B1
:10178000868484878B91959693918E8E91969B9E5D
:101790009E9B98959596999B9A98938F8D8E9093F2
:1017A000949493929293979A9C9C9C9B999A9CA1B7
:1017B000A8AFB7C0C8CFD4D9DCDFE4E9F0F5F8F6BC
:1017C000F2EAE2DCD9D8D6D3CDC2B5A99F9A6B672D
:1017D00064625E59524C47444242413F3B36302C92
:1017E0002A292928251F1A130F0D0C0D0D0D0B0A80
:1017F0000A0C11161B1F2124262A2F343A3E404181
:101800004143454A4F5356585A5C626971777D810E
:101810008183858B919AA2A8ACAFB3B6BDC3CAD061
:10182000D4D7D8DCE0E6ECF1F4F4F3F2F1F2F5F819
:10183000FAFCFDFEFEFEFFFEFCF9F4EFE9E4E0DB5E
:10184000D5CEC4B9AFA69E98938E878078706B5022
:101850004E4B474038302823212223252627252494
:1018600026292F363D44474A4C4E51585E676D71CC
:1018700072727072757B8086898A888683807C7795
:1018800070686159524D46413C3836383D43494DA8
:101890004F4E4E4F545C656F777C7F82868C929B57
:1018A000A2A9AFB4BBC3CCD7DEE5E7E8E8E9EBED2E
:1018B000EFF1F4F5F7FAFCFFFFFFFDFAF6F1EBE3C9
:1018C000D8CCBEB1A399908881786E655C56515092
:1018D000C8C2B4C1ABA5998B817660574C3B4024FC
:1018E000221C01110B01110B1627253445485D5CA4
:1018F0006E7F74869CA8CECDECF2E9EFF8F4F6F09A
:10190000E7DAB8AFA58F8B6970614140393942265B
:101910003034272B3645506A779085949F8D9E9A58
:10192000A39B88957D74867A8A87807E72696F68AA
:101930006567535C5856746B8C9295ADB6B3C6CA46
:10194000CAC6B2B2A594A89FABABA5B5ACAFC7AFA2
:10195000C8EFEDE3EED7C6C2AFA28F8876675A54C0
:101960004636241B0B07010A171A2E323A53424FF0
:101970004E53565A67787A979AA7B9C0C5DAD8DE17
:10198000D3D4C5BDBDBCB7B2A7AD9A96958E8377AB
:101990006757574D40484F585B5A69676A71748062
:1019A0007C82766D736765796D808185807B746DCF
:1019B0005C5B584A514C4D5B55626D74879490A3A3
:1019C000ABA09F9A95908A9B9BACB5BCC9D1D0E443
:1019D000DBEFFAFCFCFFF0E4D4C9BEA89C94887C41
:1019E0006C64513829180E040C1A1B2632364343F6
:1019F000434A4D50575C6E737A8C99ABB6BED5D1C5
:101A0000CDCEC5C2BCBDC5C1BFBEB6B4AAA1A18F53
:101A10008473575A4E474F50575F595A595C606804
:101A2000777E7A736F69656D79787E837F82757052
:101A30006C56534C424F494B53555A5A60767D86EB
:101A4000939D9E8F8C8A787E878FA0A0B2BCBFD2D8
:101A5000DCE5FAEEF8FAFFF2E9D8CCBFABA8A19525
:101A600092877B6955432A1E19171E252C2D3B454D
:101A700043495454535B62656C787E889DABB0BF1C
:101A8000C8BFBAC0BEAFB8C2C0C0CDCFC3BEBBAF67
:101A90009D9281685A52454A504F5254584C525B5D
:101AA000596872706A6567616477787A8783847A27
:101AB0007C755A5654454B4D5250545B585B6D776C
:101AC000808F9C9D948A8572747B7D8F949CA7AD3A
:101AD000BFCCD7EEE8FCFFFFF2E5D2C5B1ADA6A1C1
:101AE0009B998D8174624B3C2E261D202325283422
:101AF000373D4653555F686D6E767A7F8A9DA7AFF6
:101B0000BDC8BCB8B5B0A6AFB9C6CFE1E2D5CCC2AE
:101B1000AD9E918067594A42444D4E595A58505291
:101B20004F525A68656260615C66728089939492D4
:101B30008682716157584F54575A595D5C5D637185
:101B4000788590A09A93877E6B6C6B737B81838D75
:101B500094A7BDD6E8DDFBFFF2E0C6AD9E92999D4D
:101B60009B98948E80796F625445382F2B3139437E
:101B7000484B4C4E535E697174797C7675818FA1A8
:101B8000B1CBD7C9BAAB98878FA6BFD9E6ECD9C479
:101B9000B6A8A1937B654B3F424A525A69655A5297
:101BA00050484B5463635C54515164778D9CA59E9F
:101BB0009A8C8074665E605B606467696F68676B4F
:101BC000737B8B96A2A098877B6865666C777D7621
:101BD000787A89A4C2DDD1F7FFE4C59E7763697E78
:101BE000898D87837C6D71736D60554C44494D5B65
:101BF0005F58514E484F626D76838588736E7B893E
:101C00009BB2DAEBD5BB9F86677095BEDDE1E3CA78
:101C1000AC9F9DA79A826E51454C5D798B8C7A64FE
:101C2000473F41535E655F4935242E56708C9EA315
:101C30009385807B7567676E6B737E8E8683847AEF
:101C4000777A8B9EA7B4BBB2907C6D6769718D92D9
:101C50007C6E5F6777A0D1DEFFF9D8B88D64596BD1
:101C6000808A898984766875756D5F5A4C444B54B7
:101C700066655C524A4452646E808E8E866F6D7DBE
:101C80008CA3C5EDF5D7B9997D6379A3D1E7ECE9CC
:101C9000C7ACA1A9AA937860463C465E7B857D6867
:101CA00052312E3C4C535B523A2219335E7795A643
:101CB000A49289857F746D6D757883949F93908CC1
:101CC0007D7D8198A7AFBCBFA98373676365779358
:101CD000886D574E5972A6DEF2FFECC79B6E5457C3
:101CE00067797F8381786D6B6F6A60584D47485381
:101CF0005E6860564A474B5E6D838F978B81747A1E
:101D000088A0C2E8FEF5D3AF8A716E90BEE5F8F602
:101D1000E2C3AFABAA9E8365493A3B536A807C6FAE
:101D20005337212B38464C4C381E0B1B3A66849E89
:101D3000A39B8D867D76706B6D788297A1A6A19806
:101D40008B818596A8B9C5CCBB9C7C6D6466788C6C
:101D50008C765646455F8EC9F2F5F3D6A177584C7E
:101D6000505D6D74776E676963615D5448454248A4
:101D70005D6062564D484D576A85959A9686837B7D
:101D80008BA3CCEFFEFFECBD997B808EB7DEFBFC16
:101D9000ECD7C4B9AB9988634B3B3E4F657274690D
:101DA00051342A21293039322815060F284A768BDA
:101DB0009C9C96877D716B696B75889AA9ACB2A261
:101DC000978E8E9FAFC9DADBC9AC91756D6F818E2E
:101DD00083765A43405788BCE6F5EEE7C18D604CE8
:101DE000424A566B737E726D675B504D433F424A69
:101DF00053655A534644495C6B859DA19788787D0D
:101E0000809DBBE6FDFAEBD1A588768699C3E4FFF9
:101E1000FBEDDCCEC2A47F6A483D364A6277796D1D
:101E2000583B262F2D36383B26170A05203E5D8667
:101E3000939D99958278676465718198ADB8B2B3C6
:101E400098919299AEC5DBE6D3B6968573797E926A
:101E500092765C46384A6BA9D2F1EEF3F2C7905EF7
:101E6000343239577A93A59C83614936343D425ABE
:101E70006470745347353A526686A1ACA29173637D
:101E8000676E93ABD7F2ECE5C09D856B65739ECF13
:101E9000F9FFFCEED0BC8B67534250506577807BD6
:101EA000614D3A41454D58545B4B34261526426BE3
:101EB00092A9B1AB9978604646596A98ABC1BFA068
:101EC000876C6E849DB8CFDBCAB792838280918E77
:101ED00096987D664033426999C8ECF3FCFADB9D25
:101EE000613B31395D7E9AADA48B6341322E39411D
:101EF00054656A7059403633435E7D9BACA692723E
:101F00005F5A6481A2D2F4FBEECEA8887362688F18
:101F1000BFEDFFFFF3DBC6966D52434E52677C83E5
:101F20007F65493236465362605F54392618203F38
:101F30006C95AEBAB098795D4545566D91A9BFBB19
:101F4000A18569677896B3CADACFB18D7C7985941B
:101F5000959A99856D44323A5F92C3EEFCEFE0F1B9
:101F6000CCAF9AB0A1A8A5928E8F8F8E7E806F780D
:101F70006C575C799D8B8E898398ACB3AFA28690A9
:101F80009D959FAACFD4D6CEBCB5C6AFB7A3979820
:101F9000A9CBE0B7A7A29EBEAA777B6E4D4E546236
:101FA0007A83805D3C483F332C010F251D28142582
:101FB00035445D52222D45434A391E2D29373D5B5C
:101FC0006A687565415E718392B093857F867D8C6A
:101FD00088716C856A898E8A90B2C1DEF3EFE2C89F
:101FE000C7D0D4AB9986918A7772616E856F63583A
:101FF0003E4A5356585D6B897A5D4B628D8B7B539D
:10200000625859585D849596968A74877A86776F58
:102010007176949B6B60788DAC8E6F787B746A72EE
:10202000809DAFAF9787878B76665A56636E6A4BF3
:10203000517AAEBDA37C75A29C8470757E80553F9D
:102040005E7686714E384D6C8273757887979C9159
:102050007C8E9D9F797193B9AB9897C0FEFFE2E0AB
:10206000E8EEE3CBAE8A9EB195748168534A2E5256
:1020700055433C35384248454F4B675B5863636B6B
:1020800045674F2F5366706A4B45716158465958E2
:102090004E5F344F6F444F5A5B795C426972714CAA
:1020A000689395A39790C0B0A9C3A2A8C2B3B3BCCC
:1020B000968FAACFD9C1C8C8F4D4AEABB497976DE8
:1020C0006590695C55383C3E37506F71616D7B7E21
:1020D0008575819FBFA7A8B9BCB4B7B5D1FFF6E09D
:1020E000EDECF0D2CDAC9C8393A19B9271493F3033
:1020F000444E483E322A3D3624314D6E72605F6F49
:1021000089644E323874815C4029363D304821253F
:102110002D3237132034254C4B54593F3D494A5EEC
:1021200047626F8189ABAAC7D6CCEAF7EFF8FEED1C
:10213000FED9C4C9D4F1F8F4F2DEDFE2C6D9A4991D
:102140008C91AB7E61563223321E2F415B4549563E
:10215000737A727386B1B6C7C9AFA9C3C3C6ECFFA1
:10216000EDBEC6BA9DA48E7A7186948E967C534934
:10217000355B7957484743594B4750617F93757694
:10218000788B69524F5280774D3E29395031232C3C
:10219000394B3326162A434649494D604526384A6D
:1021A0005E4E546B7B83959BCFDCD5E1D3E4FFF48B
:1021B000E0D9D6CDD9E5F3E6E5D6DBCFBDC8CAA2D6
:1021C000A798A0BA96776247545743394654576B3D
:1021D000807C89746E98B6B2AB9A9898969AA6C588
:1021E000C8BEA6ABB3A29B908B86898C7C85897E6A
:1021F000735D645F584C5450605050546A778A7DC8
:10220000878B96786F6D6D8069504D424D3C2D28BF
:102210002B233028271932313732304354402D2EAA
:10222000374B3C3A49646C7185AEBCC7D1E1E2F4EE
:10223000FFF7F7EEEFFCFCFDF6FEFCEFE1D8D0D99E
:10224000D5C3ADB5BAB598876F6B5A503F424B4C6A
:1022500048545F6E72707980848590908B8A9090DC
:102260009BA3A69C97A09D9E8D807D9398929DA1F7
:10227000927F7577636A6B6B63776F6B6C7E8AA9ED
:10228000A5ACA5A9989790787E85857266644D4A1D
:1022900040412C40404039342B3C4336373D3823B5
:1022A00030252725323E586B6689A7ADB8C6CDDFED
:1022B000EFF1E5E7EAEAFFF7F3E6F2E4D7CBCFCEBA
:1022C000CACEB49EAFB59D8A7C58524E3F312E285F
:1022D0003A484450625851637374718788817378A7
:1022E0007F88939C9797939B918B888594A797A4BD
:1022F000A49D9D9B9C9197A89D8F937C7D8499A282
:102300009D9B95899088817B7577726A5B444B2F82
:102310002E382C13251612151D1B2332293B43384A
:10232000404E43586169667A97A6C7D0C9CCDCE2B3
:10233000F2F2FDFFF7F8FBF7F5EDDBE1D3BBA2A36B
:102340009D9B9986728C927D6D60423F453F363BE6
:1023500033323C474E5356565E6C6F6E7D7F7B7DAD
:1023600081889C9F97B4BCC4CCCAD6CAD0D3D5D7D9
:10237000C3AEB5BAB6A794868A877682666A7E822D
:102380006E706158534E4E43261F2A1B16191514A2
:102390000A11181E011C151A385F555552627784B0
:1023A0007A76767A9B909493B2CFE8F5E6E8E9FCEA
:1023B000FFECD0E2F1F2E2D4CDD8D3C1C3B0958620
:1023C000908E96886E677474634F3833362B2A2646
:1023D0002E3534354451546F7157565E747F857D68
:1023E0008A95A8B7C1B4DADFD3C6C1D0C7C3BFB11D
:1023F0009B977F8E88757A6D6057493132222825E8
:102400003918221410012931292629274738464B2B
:1024100055597E7C7D657F6F8593A8A09593A29C7E
:10242000A1A6A19C9E958A9C97909F8C92A0A79A0A
:10243000A3AD9794A7A5ACB1A4A4A4A89FB5A59259
:102440007E7B7E938C80627281867567575D566B4A
:1024500062625154546D5C63788676948893A0B818
:10246000ACB5BFD9E4E9DACCD3CEC8B2AFA9999361
:102470008778756E696050563B3323110F20040234
:10248000010A041D201A103651584C59647386A352
:10249000A59794B7C8C1A5B6B5B7C7CFB8A2B1C202
:1024A000B9BAA891989586756C63676F6B636A6E0D
:1024B0006F787C74767C7B768D8F83878B738D941D
:1024C0007864737C818A7C63708385816E627B749F
:1024D0007461685B556C857686949BA2BCC8BDC050
:1024E000D4CBDFE7E0E4D8CCB5B2ADA7998980744E
:1024F0006D615649443E36262618130E0B0108041A
:102500000709141E2B2F3B4159626368747D95A304
:10251000A5A6AEB2BDBCB9B2B1AEAFB1ACA79E99E3
:102520009C978D8075726F675A595A5B5D5B5B65CE
:102530006F70707573787A82848C90939295909274
:102540009693898E94979A94888D9698928C888E7B
:102550008D8D8383868F9AA5AAAAB5BEC4CACECA1A
:10256000D2D4D0CACECBC6BBB5A59C908E8476669D
:102570005A4E473F392D242112140D0A090801062D
:102580000A0F1627313B4A595E6E757E82919FAACB
:10259000B5B8BBC4C2C4C3C5BEB7B5AFA9A7A197E0
:1025A0009390807E76675E58504F58574F4D4D57E9
:1025B000656D686F6D6F747B81818B8C8888908E60
:1025C0008C8F90888F9A989691898F989999928BF1
:1025D0009094978D999DA2AAB7BBC0C6CFCFD5DCEA
:1025E000DCD7D8D1C7C8C2B9ADA5A69E92897E72E4
:1025F000665A4F433831281E180B0907040303019C
:102600000307090D131A27353F4954616A758592EE
:102610009CA7ABB6BAB8BEC0C3C2BEB8B5B6B1AB64
:10262000A298908C81786D615A56514E4E4B494C10
:1026300053575F6467696D737B82868C8E8F919A26
:102640009C9A9C9E9A9A9F9C9D9A96989FA1A39EC5
:10265000999DA3A5A3A9A8A9B2BABCC3CBD0D6DA29
:10266000DBDBDEDBD7D2CAC2BFB2A6B2ABA2998D8A
:1026700080766A62574C463D332B211C17110B069E
:10268000010103070A0E15212C374149535E677378
:102690007E8A9499A3ABAEB6B9BBBCB9B8B7B7B58F
:1026A000B1AFA9A29D978D85796E69645F5A565323
:1026B0005458595C61646568696E777B7F82868A4D
:1026C000909695939595989E9D9C9B9B9DA1A3A369
:1026D000A09F9FA1A19E9FA0A3AAB0B4B8BBBEC259
:1026E000C8CBCBCDCCC9C8C8C3C1B9B2C1BEB8AACA
:1026F0009B918D7F77695C5350453A2B24201F179F
:102700000A02010107050407141B242C2E35434D32
:1027100059626C797F8E989AA1A9AFB4B4B3B4BC56
:10272000BDB5B5B2ACAAA1948983756C665B5352F2
:102730004E4E555251565D5E636A6E79858B919E01
:10274000A1A8B2B6B5B9B6B3BBBAB6B2AFAAAEAB72
:10275000A29C99979695908E8F8F969E9EA0A6A8E4
:10276000ADB3BAB9BBBDC2C7CBC7C7C2C1C9C2B678
:10277000A79889807873716E6B66615D5855545166
:102780004B403121120701020915212D3840474ED7
:10279000545B636A6F72767A7D8188929CA5AFB52F
:1027A000BABEC1C4C9CAC9C5BEB6B0A9A39E9896CF
:1027B000918F8C888179706B66646363615F5C5A0A
:1027C0005B5D6065696C6D6F717474757374757938
:1027D0007D8185888A8B8D90969BA3AAAFB1B1AF7E
:1027E000ACA9A6A7ACB3BEC7CFD4D3D3CEC9C8C3F8
:1027F000BCB4AAA29C96918B8276685A4E464240FF
:102800003E392F22170A0301030C151B2226272904
:102810002B2D2E303336393E44494D545E67707C43
:1028200087939DA6AFB6B9BABBBDC0C3C6C8C8C55D
:10283000C3C0BDBAB5ABA0968F8A89888886837FCE
:102840007B7A7A7D8082817E79726D676260606456
:10285000686E73787D8083888E959CA5AEB2B5B87E
:10286000BEC4C9CCCFCFCDCCCDD0D2D1D0CCC8D99D
:10287000E6E6D4B79473616272858E8F8168574F94
:10288000525B6670716D665F5653586159472F12DF
:10289000010210243845494A4A505257616D7B85E0
:1028A00097AABAC3CBD1CFC5BAB5B9C2CFD7D8D6FC
:1028B000CDCBC8C6BFB093765A473731374144476E
:1028C0004F5560738DA4B0ACA28D79645448414BD0
:1028D0005D6D768083888B8C887E6D5F5E68737D8E
:1028E0008FA2AEAFAAA69D959CAAB8C1C0C8CED9EA
:1028F000A3A09B938A7F7369635E5B5955514C47D4
:10290000423D39342F2B2928282724201A130D085B
:10291000040201010204080D1216191A1B1C2129B8
:10292000313A42495059636D757A80848891989FF5
:10293000A5AAAFB3B7BABCBAB9B7B7B9BCC1C4C519
:10294000C4C2C0C0C3C6C9CCCFD1D3D4D4D2CEC9DF
:10295000C4BFBBB9B7B6B7B6B5B3B0ADAAA7A4A24A
:10296000A3A9B2BDC5C9C9C6C2C0BEBAB6B0ABA7DD
:10297000A3DBD2C7BAA99681706259555453504A05
:10298000423B35302E2F34383B3B38312A21170F4C
:102990000803010104090F171E2326292A292A2EBC
:1029A00032383E4245474C586A7F93A6B3BABEC1FF
:1029B000C2C5C7CDD1D7DBDCD7D0C8C4BFB9B5B08D
:1029C000A9A29E9B9B9FA4AAB1B7BBBDBCBAB7B23C
:1029D000ACA49788786C625E5C5E5F5F5E5D6066EB
:1029E000717F94AFC8DCEBF6FBF9FBFAF8F5F0EB7E
:1029F000E4DB9F9C98938B81756A605A56555452BC
:102A00004F4A433D37312D2B292725211D18130D02
:102A1000090503010104080E151C22262A2B2A2968
:102A2000292A2C2E30323438425265798B979D9E5C
:102A30009D9D9FA4ACB3BABEC0BFBFBFC1C3C4C439
:102A4000C1BEB9B6B4B5B8BDC3CBD2D7DBDBDAD71C
:102A5000D4D3D3D2D0CCC5BCB2AAA4A09D9D9DA1F5
:102A6000A6ADB4BCC3C8CACAC9C5C0BDB9B6B2ACAC
:102A7000A7A39F99958F89827A70655B524B4641D7
:102A80003D38322C27231F1A17120F0C0906040396
:102A90000201010202050608090A0A0A0B0E1215B4
:102AA000181B1D1F21252B323A4452616E7A858DE9
:102AB00093979BA0A5AAAFB5BABEC2C5C8CBCDCED1
:102AC000CECDCBCACACACBCED1D5DADEE2E4E4E2BF
:102AD000E0DDDAD8D7D5D3D2CFCCCAC9C9CACBCCDE
:102AE000CDCECFD0D3D4D4D1CECAC5BFBAB5B0AC79
:102AF000A7A39E99ADA8A39F9A9286786A5D544E2B
:102B00004A453F37302925201D1A1613100E0B0891
:102B100005030101010205080C0F1316191D232AD4
:102B200030363B40464D555E656C737C87919CA565
:102B3000AAABAAA7A7A7AAAEB3B8BBBCBDBDBEBD72
:102B4000BCB9B4AFA9A4A1A0A2A5A9ADB1B2B2B0BD
:102B5000ADAAA6A4A2A09FA0A2A4ABB4BFC9D2D77D
:102B6000D7D5D2CFCED1D3D5D4D1CCC7C2BFBCBAA2
:102B7000B9B8B5B2ADA89F97928F8982776A5C5039
:102B8000453A3128201A15130F0D0D0C0C0B0A08AD
:102B9000050301010204090E13191F23262B323CE1
:102BA000474F575C61666B737C83898F959A9EA2B1
:102BB000A6A8A8A7A4A1A0A0A1A4A6A8A8A7A6A5C6
:102BC000A4A4A3A19D9996928F8E8E9195999A9A7D
:102BD000989795959AA2A8ADB2B5B6B8BEC6CFD50E
:102BE000DADADAD9D9D9DCDFE0E0DEDAD6D2D0CC55
:102BF000C9C5C1BAB2A8988C8278716A61564B4037
:102C0000352A2018100C0C11161A1C1D1A17141036
:102C10000D0A080604020102060A0C0D0D0B0A0C2F
:102C2000131C26323C454C515356585A5D6269700C
:102C3000767D8184868B939EABB7C0C5C7C8C9CC4F
:102C4000CFD2D4D6D4CEC6BFB6B0ACAAAAA9A9A8B2
:102C5000A7A6A3A09E9EA3A9B3BDC6CED6DEE5EDD2
:102C6000F5FAFDFDFBFAF8F8F7F5F2EDE6E0D9D25A
:102C7000CCC6BFB8AFA5989087807872695F554879
:102C80003F37302A251F1A151312111112100D0883
:102C900004020103040607080A0E121820272D3328
:102CA00039404750575D61636463646566676A7065
:102CB0007981888B8C8B898D939AA1A7ABAFB2B6A3
:102CC000B8B8B7B3AEA9A39E9B98969594959596E0
:102CD000989EA5ACB3B7BBBFC2C8D1D9E0E7EDF2AF
:102CE000F5FAFDFDFBF9F5F1EEECE9E6E4DFD9D20A
:102CF000C9C1B9B1A9A19A907F78736E6A6660590B
:102D00005149423C363129211A1411111112121263
:102D10000F0A070302020304070C131A24313C466E
:102D20004F575D6165686A6C6E6F6F706F6D6B6A2F
:102D30006B6F737574727171757E868C90949AA2A4
:102D4000AAB1B6BAB8B3AEA9A39F9B979492929238
:102D500094969AA1ACB7C1CAD1D5D8DDE2E8EEF419
:102D6000F8FAFEFFFFFDFBF8F4EEE8E0D9D4CECA96
:102D7000C4BCB2A99F968D867F8D847B746F696277
:102D80005C544D46403930261B120C0A0D101313AB
:102D9000120E0A0705050503020103070E17202678
:102DA0002C33383E464F59616A717677797B7E8144
:102DB000858B9094969594949497999B9A999899C9
:102DC0009BA0A2A2A29F9B97939191939496969772
:102DD000959594979CA2A9B1B7BCC0C6D0D9E2E999
:102DE000EFF0F0F1F2F4F5F7F8F6F3F0EBE6E0D9F6
:102DF000D4CEC6BFB9B1A9A0978D94867769615B1F
:102E00005955514B433C352E26201A191A1E2123A1
:102E1000211F1C18151311121415181C21252C37ED
:102E200044515F6C7780878E96A0A9B1B5B9BAB9C5
:102E3000B7B7BABDC1C3C4C2BEB5A99D92877E7AD9
:102E4000797978736C635A524D494A4F545C616585
:102E500066635F5C5C616B7885919AA2A9B2BDC91B
:102E6000D5DFE7EEF4F9FDFEFFFFFDFBF8F1E9E148
:102E7000D8D1CBC5C0BBB6AFA79E949C9690877B9C
:102E80006F615349423E3F403F3C38312B27252458
:102E900024222121212426272725211D1A191A1F22
:102EA0002935424F5A62696E76818F9FACB6BFC397
:102EB000C5CAD0D9E0E5E7E6E1DCD5CDC7C1BAB1F6
:102EC000ABA49C948A81766758493C312C2A2D2FDB
:102ED000302E28231E1D212C3D5266788894A1AFE8
:102EE000BFD0DFEBF3F8F8F8F9FAFDFFFEFCF6EEE1
:102EF000E5DCD5D1CBC6C0B8B0A9A29C87807B75D4
:102F00006E665D544E494644413D3733302F31356E
:102F1000383A3C3C3B3A38342F2820191412100F11
:102F20000E0D0D0B0B0B0D0F1319222B343D4449C5
:102F30004E556170808E9AA2A8B0BBC6D1D9DDDB98
:102F4000D6D2CECBC9C8C8C6C2BAB0A69D979495F2
:102F500094908A8178726F7279828C959B9FA3ACD2
:102F6000B6C3D1DCE4E7E7E7EAEFF5FBFFFEF8EEF6
:102F7000E4D9D0C8C2BCB7B0A89F968E876B5F5407
:102F8000483D342B221B150F0C090706070A0E12A9
:102F9000171D22282B2F33353737373633312D295C
:102FA000241F1A15120F0B0A0A0A0B0D1013171BF8
:102FB00021262B3139444D58636E7B86939DA7B2F1
:102FC000BAC3CBD3DADFE4E8EAEBEBE9E8E5E1DE2C
:102FD000DBD6D1CCC7C2BFBDBCBFC1C5CACFD5D956
:102FE000E0E5EAEFF3F7FAFDFEFFFFFEFEFBF9F581
:102FF000EFE8E0D8CFC6BCB1A69B9083786B76682B
:1030000059493B302820180F0703010104070B0F13
:1030100013181F242B2E32373B3F3E3E3D3E3D3D95
:103020003A362D251F1D1D1E1F211D1916181D2383
:10303000292E2F2F2F323940484F5A6876858F9B83
:10304000A5AEB9C2CFD7DDE4E9EEF2F4F2F1EAE3DE
:10305000E0DFDFDBD4CDC3BDBBBDC2C6CBCED1D399
:10306000D5D8D9DADDE1E8EBEEEFF0F0F0F2F3F2EB
:10307000EEE7E0D8D2CDC7BDB3A59A938B83768413
:10308000715B45342B27231E120701020710171D01
:103090001D1D1F252D36383A3E41423F3C3A3B3CF0
:1030A0003E3E372A1C1211141C2428231911101714
:1030B000232F3739342E2D3136393E4A5B6E808CC2
:1030C000979FA4AFBCCCD8DEE6EBF1F6F9F9F6EAAF
:1030D000DFD8D8DCDBD5C9BAB1B2BAC5CED4D7DA1D
:1030E000DBDBDBD8D4D4D7DEE2E7ECF0F4F6F7F89C
:1030F000F6EFE6DDD4D0CDC7BDAF9F969494918412
:10310000927A5E432E282C2F2F22140F1321323E49
:10311000434039353A424C4F4D4E4D4B453D393A7F
:103120003B403F38281606060C1A28302A1B0C0A8A
:10313000132439484B443A34323333343F536A7D95
:1031400089929697A0AFC4D2DAE1E4E7EDF2F2EF0C
:10315000DDCBC0BDC6C9C4B7A69BA1AFC0CFD7D871
:10316000DBDADBD9D1C7C4C8D1D5DCE7F4FBFFFF7C
:10317000FEF7ECE2D7CEC8C5C1B5A3928B949DA053
:10318000929A7F6045312E3640443A2D2931455C74
:103190006C71695D5658616B6D6966635D554A4433
:1031A0004445494941311C0B0A1122343C35210F59
:1031B0000B152943575C564B423D3936343D516817
:1031C0007C878D8D8A91A1B6C5CCD1D2D3D8DDDED6
:1031D000D9C5AF9F9BA5ACA99D8C818B9EB2C4CC59
:1031E000CCCECECFCBC2B7B2B5BDC3CEDEEFFBFFE8
:1031F000FDF9EFE1D6CAC0BBB9B3A593827F8C9E1F
:10320000A59A9D8161473433404F574F44414C65E7
:103210008093978D7E73737C8687807A746C6254FA
:103220004C4B4B4F4D46341E0B0A1124374038236C
:103230000E09142A475F6763594D47413B38405494
:103240006C7E888D8A848998AEBDC3C6C5C4C7CB41
:10325000CCC7AF98867F8A929186776D7990A6B910
:10326000C2C1C3C3C4C1B8AAA5A9B2B8C5D9EEFB2F
:10327000FFFAF5E8D7CCC0B6B0ADA69884757485D2
:103280009BA69D9075563D2B2D3F54615C53546415
:103290007E9BAFB2A7948581889191877E756A5F86
:1032A0004F464342444139271201010A1F34403935
:1032B0002513121F37567078756B5C52483D353CAC
:1032C0005167798184807B8293A9BBC6CCCBC9CE60
:1032D000D4D4CCAF947E737F8889807268758EA3B6
:1032E000B4BBB9BBBABDBDB8ABA3A2ABB1BFD4E947
:1032F000F9FCF5EEE2D5CDC2B7B0ACA4937C6A6719
:10330000768D98907559402F1F22375466646068F7
:103310007E99B2C4C4B8A390888C918E80736B617F
:103320005849413E3A3D3A33231001020B1E3543C2
:10333000403123273652718B939084726457483BF7
:103340003D4F616F737572707C8EA2BACEDCDEDA8F
:10335000E4EBE7DBB99D83747D848682766E7A8F99
:10336000A1ABB1AEAEABB0B7B5A89C989EA1ABC0B7
:10337000D4E4E8E1DDD4CDCBC3B9B1AEA792766198
:103380005962727D75543D30281D1F304E64696D41
:103390007C93ABBBC3C1B5A38E8080837D6B5E562F
:1033A0004F493F3D3F3D3F3A342C2118181D2D3FDA
:1033B0004C4B45404758718CA1A8A79E8B7B6A5CFB
:1033C0004D4B585E6768666565758696B0CEE5E9D3
:1033D000E7F7FFF9ECCAB399858B8D8E8E868087CF
:1033E00097A1A0A19C9C9B9FADB2A5999093909210
:1033F000A0AEBCC0BBBEBABABFBEB7B1B0A99379CC
:103400006454535A5E5445342E2D25232D475D694F
:1034100074869AA9AFAFA89F917F716E6E67564A66
:103420004542403D3F444749444142403E40434B72
:10343000535B5B5B5E6777899CAAB0B3AD9F91805D
:103440007264606664676663626678868DA3C1DCB9
:10345000E1E0F4FFFBEFD4C5B09D9E9B9B9D969150
:10346000929CA0989692919094A4AA9F9285857F11
:103470007C848B969A979C9CA1A9AAA6A2A4A292AE
:103480007F705F555150453A2C2A2A2421283D53FC
:1034900063728598A1A3A0989186776A64635C4C57
:1034A000423E3E41434850565854515457595B5D33
:1034B000606367696E757E8B99A6AEB3B7B6ADA132
:1034C00092877C797C74736F69676D808A8B9DBBF2
:1034D000D7DDDCF2FFFBEDD6CAB9A6A6A0A1A49F5A
:1034E0009A979C9C8E8B8785838698A19B8D7F7BEA
:1034F000757175787F817E82848C95979594989864
:103500008B7D71615249443A3B2F2C2A25262B3C56
:10351000505F6C7E939E9E9C989387796C666560E5
:103520005248414246474C565E605B58595B5F606B
:103530005E606266676C75818E9DAAB2B7BBBCB5D2
:10354000ACA1989090948C877F77767E939B96A57C
:10355000C3DDE0DBF2FFF9E7CDC3B19B9C98979DFB
:1035600099959298998983818181879CAAA5958252
:10357000766A666867686A666566717D8383868C2D
:103580008C847B7263564C453B4C433F3C3A3D3FF9
:1035900047535F667790A3A4A1A19B88796D686764
:1035A0006457493C3B3D3D3D4854554E464241479A
:1035B0004B494B535C5C606E8393A8BBC4C8CACBB9
:1035C000C5BDB6B2ABB0B7ABA191878894ADB2A779
:1035D000B1CEE9E5DCF3FFF3DABBB09A80838283F6
:1035E0008F9292939EA6928A8E9398A1BCCDC3AFE0
:1035F00092755C57585148473F38333E4F595C6687
:1036000072797A7B7A706960574C6B6A6B6D7179ED
:1036100078726E6D6D7C9BB5BBB9BBB396847C77BD
:10362000747264513B2F2F261A202C2A1B0E020184
:103630000E1D22293F55585E7498B0CAE4F0EFE79A
:10364000E1D6CFCFCFC9CDD2C2A98D7F8495AFB4FB
:10365000A3A6C0DACFC4DEEADCBF9D937D606A6CAE
:103660006A7D888E93A2B19B8D99A1A8B7D5E8D920
:10367000C6AF835C585A4D3B3B311D101420292B9B
:10368000384A59687884878B86756B93989B9EA778
:10369000AEA99A8C81787C92AAB0AFB2AA918582A9
:1036A0008181807868554B483C2B2B30291A0E03BA
:1036B000010C1D2830475C61667A9AB2CAE2EAE4DE
:1036C000D6CDC3BFC4C9C6C7C8B79E83777B86950E
:1036D00097888693A0978E9CA59D8C77766A586074
:1036E0006566747F878C9AAB9D929CA3A8B1C5D068
:1036F000C4BDB38F706C6F6555564F3B2D2A2B2977
:1037000026303F4F637A8F99A2A29793ADB5B9BD8A
:10371000C7CFC6B09A887A78889EA4A3A59D8377E0
:103720007777787A76695A524F433432362F1F12A0
:1037300006010C1C252E4154575C7091ACC5DEE986
:10374000E1D2C8C0BFC7CFD0D1D0BFA487797B8317
:103750008C8E817C80867D757D837E7061625D4FFD
:10376000575D5E6B76808A9AB1A9A0ACB4B8BFCC25
:10377000D4C7C3BF9C7B76786C58595541332B28EE
:10378000201A2333445D7D96A7B4B6ADAD98A0A7AB
:10379000A1A1B8CCC7985C4E6880938E97A5B29DC6
:1037A000919A9A9F9367444F7176644454768462E9
:1037B0004F4C5575632B090C2E4A5355718EBCC75F
:1037C000A57E54616B7977859CC8FFF4C4A3787F8C
:1037D000A09D917A8CC6E8D5D7DFC9BFA671674F87
:1037E000445D7587A9A18B94A6BC8F574F503F3F6E
:1037F00062747C8F9C7946465C61465352515353A8
:10380000636C5E637871677AA2B2AE9A8D989F916D
:1038100074849AA09A8658444340466A9CC2C6A5BE
:10382000767AA6B8BA916D5476B3CA9349386C9338
:103830005A3D2F486C79522D060E3D666147578AD6
:10384000AAA67F47506F8D8F8C8EB5E2E9B67E6257
:103850007BC0CC9D6A87DAFFCF7F58669ABEB39F44
:103860006E4A667A7A6F5B638B9EAB989BA291726D
:103870005C7394A8C0B465283D61695B61708C93EA
:10388000837A6C3F375D80999E9BA3B0B3A99FA0BC
:10389000A2989598948E7D6E6765676E79899FB0C2
:1038A000BCA699A1B3BAA88E6C76868273594F6272
:1038B000715D4931323D44362A2C363B4148505BDC
:1038C000686A5A535C6D848F90959FA8B7B8A49688
:1038D000949EA3B0BBB8C2E1FFFCE9D6BCB0B4B4BF
:1038E000AF9C8794A7AFA5958D9BA8A88F79727878
:1038F000787D7B665668735B3F36353E4046474968
:103900004F5F69665F637576787E858A888C90A044
:10391000939F948C838080827263637381888F9D70
:10392000B8D6DED3CADBE9ECD4AFA8AAA290736103
:1039300063706C553C33303A33302C26211D2228DD
:1039400036464A47474F5D686D778392A3AEADA573
:10395000A4B3C1BFBEC3CFE2F1F9FFF3EBDDC9B73A
:10396000ACB1B3AAA89F989287849192856F6F7526
:103970007E7B726D57382C2E27202B35392D303E0B
:103980004E4E50545D61687B7F80838A8E7D74814A
:1039900093879E9490816C777A6E584B616E808B82
:1039A00085A6CAE1DCC7D2E7E6D8B3AFA79E8C6B89
:1039B0005A58676D604E47444E4D53513D2823265B
:1039C000252D414B4B516273706E76868F9BA29C66
:1039D00097A2AEB7B7B2B6C1D5E3EEFFFFF6E9D511
:1039E000C3B1AEA89A958F8A8C8B8E8E8981747A9A
:1039F0008684746B716138211E1C1A233747444139
:103A0000495D5F5C5A67757B7E7376838D8F7E71AF
:103A10007C87778C8783715B6472705145576D79B1
:103A20007C7395C1E1D6BFC4E9EAD8B1A49F9C8755
:103A300070605A6E7A71594B4450586465503532F3
:103A40003837384553575A70837C737C8D979F9FC6
:103A50009591A1BCCCD0CAC3CEDEE4EAF8FFF7EA68
:103A6000E2D0C0B5AFA59D948A888F91928A7F6F6E
:103A7000717A7C6C6A69603C201317161A2C3D38E9
:103A8000353E585E59546175817F6A6A74837E75CC
:103A900069747785948B826E53607570544F62742D
:103AA00083827A9ECCE8E4CDD5EFF4E8C4ADA59F3F
:103AB000907F6B5C6C837A61483A475B6C6F5739D7
:103AC000333C3A3A424D4E526A817968738796A1E7
:103AD0009A898699B9D1D7D0C7D1E2E5E3F3FFF54A
:103AE000EBE1CDB9B4B2AA968880828B8C8A8579B5
:103AF0006668737065605D543613070A0B0F2335D3
:103B0000302836525F5D5561798C886D6A78888679
:103B1000737077858199978C724D54787658475E8B
:103B20007A8583748EC3F0F1D4C6EAFAF1CAACA0E8
:103B30009F8F796C5E74827C6451444E5D6C7365BA
:103B4000483A413C3C425457596C827C6D7687938D
:103B50009994828290AFCDD1C6BBC5D9D6D1E5F8B4
:103B6000F0E6DAC2AFA8A9A591807477858886812E
:103B7000765E6072716A5C57543A1501040A0D282A
:103B800037312D395F6F6A627185989179757B86BF
:103B900089797B7C814C7A73543C163A7D856B68BD
:103BA0005231223E4B7591B7B09272ADB5B37F6B77
:103BB0006F746B648697BEBA98665B5979928D87ED
:103BC0007E79829E9B9188857D91BDD4B7A0AFB749
:103BD000AABFBE9071132E78B7B8DAAB92869CDC80
:103BE000FFE5BEAC826582C3EACE9D6C56627CA2C4
:103BF000B19F5A4C668BAABEB091520F06325256F4
:103C00006063413C427C8B907778686369748E9BDB
:103C100089533745384C03010413222F50737F6CAE
:103C200043231611171F35537593A19F936F50357A
:103C30002A2D3D546A7E8EA0A593704D373C527359
:103C400096AFBFD2E8E6C4977A798B9BA0AAC0DC76
:103C5000F4F9EFCD9D7D7D82919CABCCE6F1F6F140
:103C6000E7D0B5A9A39DA2B3CEE3E7E4D7C0A08572
:103C7000787269606C8AAABCBDAE926645373B41DA
:103C800044567491A19A8D7557382E333A3F4B663E
:103C900081887A5B401F0309111D2C40597586816C
:103CA00068432416161B213358839B988365462C42
:103CB0001E1A22324B68839297907D5B37273353CD
:103CC000728EAAC2D3D4C19F7D6866717E8A9DBE62
:103CD000E4F4E7C9A3836F71737C90B0D9F6FFFA5F
:103CE000EDD7BDA69B9595A2BBD7EDF5F2DCB790BD
:103CF0007770706F768BAAC2CBC6B1947259504F51
:103D0000576B8CAABAB9A88F7256413A3C44536794
:103D10007F8D8A7C5E381609121C2737506E868A82
:103D200074502F1C181E2530445F798476593A232D
:103D30001811101A2F4963798178654D382C30425B
:103D40005B748DA5B7BEB29474626068768594AAE0
:103D5000C1D2D3BFA48A7971747E8EA5C4E6FBFB61
:103D6000F1E1CCB5A5A2A8B1C0D7F0FFFCE8CBB07B
:103D7000978988898892ADCDDBD2BCA28C766765A5
:103D80006C7C95B1C6C7B9A0876D55484853616E24
:103D90007E8E908063432A16122F384353657173C9
:103DA000664F341E191F2E3A4251616D6954361CFC
:103DB0000E101C27303C495966614E3726202639A3
:103DC0004D627386989E988268565460707F8C9A74
:103DD000ADBBBEB29B8576767F7F8DA0BBD6EDF660
:103DE000EEDDC6B2A9AAB3BEC6D3E5F8FFF1D7B9D6
:103DF000A79F9FA3A6AEBCD0DFDCCCB5A2938A88D8
:103E00008B929FB2C2C8C1AE90776660636A6F76CC
:103E1000808C91886D50382F2D2F4B565D646A6BC6
:103E2000625038251C2230404D5155575548341C9E
:103E300007010B1C2C363F464C4C412C1810162702
:103E40003E505E6A77808278634F484F62788993EC
:103E50009BA3A49F93806F6A728392A7B8C9D8E589
:103E6000E6D9C4B1AAB0BECDD9E3EEF7F9EED9C216
:103E7000AEA6ABB7C2CAD1D9E1E3D7C2AA99959C85
:103E8000A9B3B9C0C7CCC9B9A1887973777F858830
:103E90008F94958A7558413536404B616C72706DC0
:103EA00063513E2C232533455760615C5348351ED2
:103EB0000B01071A303F44443E383224140A0C1BCD
:103EC000324A5E686D716C6457484146556B839108
:103ED0009796938A7F72645E6477929CB3C0C8D0D1
:103EE000D3CBBAA9A0A7B9CCE0ECF2F4F3EBDAC5D6
:103EF000B3A8AAB5C7D4DDE0DEDAD4C4B2A39CA1CE
:103F0000B0C3CFD5D7D4D0C5B098837C818E9CA2C6
:103F1000A19E978D7A624A3C3B45546172767165E9
:103F20005849392F2A2D384857605F564737281887
:103F30000903051327383D3930271C140B040612DA
:103F40002740545F625F584D433D3C41516578873F
:103F50008F8D857B6D625C5A61728DA6B2C2C9C8B5
:103F6000C5BFB6ABA4ABBED7EBF9FFFCF5EBDECE1D
:103F7000BCB4B6C1D1DFE7E9E4D9CCC0B3ABA9B0DA
:103F8000BECDDCE5E5DFD4C8B9A89990959FACB368
:103F9000B1A79A8B7B665547444C5B6B72716F6619
:103FA000584A3C312F333D485259594F3D28191337
:103FB000100D0F16243138362A1C100706070C186E
:103FC0002A3B4951504E48433A35373F4D606F794F
:103FD0008080786C615A5B636D7A8C9FACB6BCB99B
:103FE000B3B0AFADACB0BDD4E9F8FFFEF4E7DBCEC3
:103FF000C3BFC5D0DBE4EAECE9DED0C2B8B2B3BEE1
:10400000CAD7E1E7E8DFD3C7BEB5AAA3A1A9B2B872
:10401000B7AFA08F7D6E5F59575F697173716A602A
:1040200055483F39393F454B50524F493B2A1C12A6
:10403000101012161D2629261B0E060201050B1351
:1040400021303C4344403C38363538414D5A666D4A
:1040500070706B62595658616D798694A2A9B0AEA2
:10406000A9A4A5AAB1B8C3D5EAF7F9F4ECE4DCD564
:10407000D0CED1DBE5ECEFEFEAE1D5C9C2C2C7CDC6
:10408000D6DEE6EBEBE4D7CBC2BCB9B6B5B8BEC062
:10409000BCB1A29283766D6663666D7376726A6157
:1040A000574E464343464A4C4F4F4A43382B2019FC
:1040B000151516181B1D1E1B150D040101050D16E7
:1040C0001F2830333737353433353A414A525A6036
:1040D00061605E5956565A6068747E88929A9BA3B6
:1040E000A19FA1A7B0BBC8D6E3EEF2F0EBE4DFDB03
:1040F000D9DADDE1E8EDEEEDE8E1D7CECACACFD5F9
:10410000DBE1E6E9E7E2DBD1CBC6C4C3C3C5C5C486
:10411000BEB5A89B8D8179757273747474716B616F
:104120005E59545151504F4D4946413C352D262042
:104130001D1B191815120F0C0905030102060A10A0
:10414000151A1E202325272A2C31363C41464A4C7D
:104150004E4F4F505153585E666D737A80868C90E7
:10416000989DA3AAB4BFC9D3DAE1E5E7E7E7E6E79C
:10417000E7E9ECEEEFEFEFEDEAE5E1DEDDDDDFE1D3
:10418000E4E6E5E6E5E2DEDAD6D3D1D0CFCDC9C3A9
:10419000BDB6AEA49C948E8985827F7A76716C665A
:1041A0005E6B6764605D5A56504B47423E39332D13
:1041B00028241E1A140F0B0805040202010203042E
:1041C00007090C0F11151A1E2124282C30333537FE
:1041D000393D4043474A4D51555C5F656B7279816B
:1041E000889298A1A9B1B9C0C7CDD2D8DDE1E4E7E2
:1041F000E9EBECEDEDEDECECEDEDEDEEEEEEEFEFF1
:10420000EFEFEFEDEEEEEDEBE8E6E3E0DDD8D2CD5B
:10421000C7C1BBB5AFA9A39D97918B86807B7673F1
:10422000706B7691736789AC8A765DA9988986955B
:1042300091626B775D5F46382F34502437314025CB
:10424000163F2727221E2D2F2B222539616D625EF6
:104250005A516867526E624F464A7F5C5650717E73
:10426000764FC7B5C9A3C0C8B0BFBDD0DCE5D5D1B6
:10427000E8FFD5E1DAC4D6B5D8E3EBBAD7A3C3A932
:10428000AD9CC8B5818781AC9580898A76848F7F03
:104290004B7F7667696482836D8C9C7C8087A08C61
:1042A0008A78766C4D5D5B5F6451554B6F54444A20
:1042B000414132324F36251A2D012141212010145F
:1042C0001D1E342E29202B435E5E444845649EA269
:1042D000967C67828AA3B0AE927292A3968B8596E3
:1042E000ABAA8B8D9B9B99B2AD918D9FA39EA3A0F2
:1042F000A2D7F8E7DDC2AFD4D2D7EFEDD2D5BDE17A
:10430000CECDCBE7CFB8A4A0C4B49F9E9FA8B3AC3A
:104310009F7C94888D92808779676973696B7570CB
:104320005B59566C5A37534F3E3C39494D53343CD8
:1043300031272A252734291E192C011D2C2930212B
:104340001A252E40323A34425B757C62525171C25A
:10435000C5B2967C92A9C6CEC7BB9AB5CDC09A9578
:10436000AED2D7C27A758396BEC29E7A8196A39545
:104370009991CEF9EFE5C6ADC6DAE8F7EAD4CDC833
:10438000DED3D6D3E5CBC7B4ABBDB1979195A29E92
:1043900093937A7B6F778B7F725A5E454555626443
:1043A0004C2E30455A391D3A44332827353B3527A2
:1043B000453B221F1C212E2B262F2B01172D353577
:1043C0002C292C39493A503F486B8E91725F627F9D
:1043D000DFE3D2B594A7C4DFE5E0D9B4C2F0DEA92B
:1043E00095BDEEF1D988648090C5D6AA7B80A1A83E
:1043F0008E9B89B5EBEFE1BD9DAAD1FFFBF1D8BD46
:10440000C3DFDBD3C9D8BCBDB2A7AEA38F9296954C
:10441000737A806E6A6262726950466043324050BD
:10442000503B2125413925192F3C342B2A2E343776
:104430003D4F46332D2A28353E39392A1729353E36
:10444000423E3C3F4D514D605754729A9F7F6E746F
:1044500093E6ECE3D3ADAFD0ECEDE8E7D2C5EFE9FE
:10446000BC9EBFEFF8E48C587583B5C9A273789FE2
:1044700091799A8599D8E7D6AD8C96D0FFEFE4CEA6
:10448000B4B5D2D5C7C2C7ACAAAE9D9A9188898867
:104490007E62616B6263615659584D4D5849373A97
:1044A00045483C292931251411212E2F2B27252C55
:1044B0003947564F3F352D293744403828212E376C
:1044C0003F49484447545957656560749FAB917E96
:1044D00083A7EBFBFAEFCABFDCFFFEFDFBEDD7F1D4
:1044E000FBD6ACBFECFDE595556A799BB79D6B6F2C
:1044F00092836C878387C2E4D2A88590CCFFF2E4D4
:10450000D2B7B1CDD3C4C1BFA7A0A79C8E8A8483E4
:104510007F6F524B52545A594B43464B50554A3A6F
:1045200031363B3A2D231F141B1A26343D3E3933B6
:10453000374452605F52433B3A434C4C453B383E14
:10454000484F565854565E64676D6F6D7996A8A3B0
:104550009292ABD8F5FDF0D6C7D3F0FFFEF5EADEB8
:10456000E6EED9B7B4CBDCCE9E6A637182969073C7
:1045700068797A6C71777EA2C6C3A88F91B8E1E2A0
:10458000D4C4B3ADBAC0B9B2ACA09C9D94857D7EB5
:104590007D796850464A5259585047454C585B53AC
:1045A000463934373C3A33281B1A171F2E3E4543F1
:1045B0003C3B43526163584A3E3C434A4C4A433E6B
:1045C000444C535B605F60646B6F7374768299AD2B
:1045D000B0A6A3B3D5F1FEF5E2D3D5E7F9FFF6F027
:1045E000EAEDF0E3C7B8BFCBC6AB7D6A6E7B8A8BC2
:1045F0007B6B6E74706D6E7692B4BFB09E9CB3D3BD
:10460000DFD6C7B5ABAEB7B5AEA59D97978E7F7316
:1046100072736F614E40404B565852484245505756
:104620005246352929303432271A0101050D162248
:104630002D3840484D4F4D48423A342D28262525E7
:10464000282E3740484E555C62676B6F747B838DB4
:1046500098A2ABB6C0CACFD4D6D7D7D7D6D4D2CCEF
:10466000C7BFB7ADA29487817D7B7A76797D81843F
:1046700083817F7D7C7E828992A1B4C5D2DDE7F003
:10468000F6F7F5F2EDE7E1DDD9D3CCC5BDB7ADA3C3
:10469000978B7F766E68636162666A6D7072747202
:1046A0006D655B4E403224190D0501070106142685
:1046B0003B4E5E6E7D888F8E867A6B5B4B3B2E26E3
:1046C00022262E38434C545E6A7378736A615B5BB2
:1046D000626A71777E8795A3B1BDC2BEB5A5927B94
:1046E000635143392E24181622416993ADBFC5CAC0
:1046F000D2DBE3E7E1D0BAA69EA2B0C3D1D7D7D828
:10470000DBE1E6EBEDE9DED1C5B9B3ADA9A59F9636
:104710008B8077747474727072767C818990989EA5
:10472000A09D948774624F3F312213074E44465335
:1047300065778694A1ABB2B8B8B2A89B8B77645268
:1047400049464B545E656A6E76818C95958C7C6A81
:104750005D5B6474828D9399A1AFBFD0DBDAC8A78B
:104760007B513327272A251402011E5596C9E4E7F9
:10477000DCD0CCD2DCDCC7A275513E4153677476E5
:104780007572747A86959F9D9281736C6C747D8529
:104790008886807D7F858A8D8D8B88838081868EBB
:1047A000959A9C9891887F78716C655B4E75716E57
:1047B0006B6764615E5C5958575655555555565749
:1047C00058595A5C5D5E5F605F5F5F5E5C5A57552B
:1047D000514D4A45413D3834312E2B292726272774
:1047E0002A2D30353B424A535C66707C88949FABDF
:1047F000B6C1CBD5DDE6EDF2F7FBFDFFFFFEFDF91F
:10480000F5F1EBE5DED7CFC8C0B9B2AAA49D989365
:104810008F8B888583828181818283848586888845
:10482000898A8A8A8A89878684817F7C79757C7760
:10483000716C68635F5B5856545353535456585BBE
:104840005E6265696D70737577797A7A7978757259
:104850006E69635D575048413A332D27221E1A185E
:104860001718191C21262D353F4955616E7B8996F5
:10487000A4B0BDC9D4DEE7EFF5F9FDFFFFFEFCF9FA
:10488000F4EEE7E0D8CFC5BCB3AAA29A938C868297
:104890007E7B79777778797B7D8083878A8E919408
:1048A00097999B9C9C9B9A9895938F8B86817C81F2
:1048B000818180807F7E7C797773706D69666360AB
:1048C0005E5D5C5C5C5D5F6265686C7074777A7D70
:1048D0007D7E7D7B78736D655E554C42382E251D3F
:1048E00016100D0A0A0C1017202A364555657688D1
:1048F00099A9B9C9D7E2ECF4FAFEFFFFFCF8F2EB94
:10490000E3DAD0C6BCB3AAA29B958F8C8987868632
:1049100087888A8C8E909193939494939391908EA0
:104920008C8987858381807F7E7E7E7E7F7F80816C
:104930009B978B7A6E6A6E788187857E756E6967C4
:104940006563615F6164696D6D6B67666B75808AB5
:104950008D877C6F67676D767A776A574130231D44
:104960001B1B1C1C1E202222201D1D23344E6D8A61
:10497000A0ABADACAEB7C7DBEEFBFFFCF6EFE9E4F6
:10498000DED6CDC3BBB6B1ABA2968A827F838B91B4
:10499000928D8379757A8796A4A8A59A8E84808152
:1049A00085898D8F91918F8A81756B666A768695E0
:1049B0009B92A3A79D8B7B7376808B92928D857F34
:1049C0007A7671696059585D676F726C6258565D8E
:1049D0006C7B838174635650555F66665C4A3726EC
:1049E0001B1513100F10151E293234312A2A354E8B
:1049F0007297B4C4C6C1BCBEC9DBEEFBFFFCF6F0C7
:104A0000EAE5DCD0C2B6B0AFB2B4B0A59587828675
:104A100093A1A9A89C8E84848D9CA9AFAA9E8F8403
:104A20007C7A79777575787D83847E726257576357
:104A30007A928FB9CFCBB599868390A4B5BDBBB21E
:104A4000A79E948876614F464B59686D634B32221E
:104A50002336526970624A3023293A505D5D4E39DF
:104A60002517100E0B090B14253A4C5146311F1D0A
:104A7000325E95C4DFE1D0BAABAEC0DAF0FDFFFA2A
:104A8000F4EFEAE1D2C0B1ACB3C3D4DBD2BDA3949E
:104A900096AAC5DCE1D3B99F9193A3B6C0BDAB92F2
:104AA0007B695F58514A474B576773736349312994
:104AB000395E8F84A3B2AC98878595B1C8CDBDA06F
:104AC00084777E909F9E89684A3D455A6D71624801
:104AD000312A38536C74674E37303C53686B5A3CFC
:104AE00020141D3246493A1F0904153351605B4CAE
:104AF00041466088ABBEBDAFA2A4B9D9F5FFF3D9DA
:104B0000C1B8C2D8EBEDDABBA0959FB7CBD1C3A992
:104B1000938D9CB7CFD6C9AE968E98AEC0C1AD8CE2
:104B20006E5F64768686725439303C577079715D59
:104B30004C4D62848092A2B2C1CDD8E0E6EAEAE8A8
:104B4000E5DFD7CDC3B8ACA0958B827A736E6A6768
:104B5000666768696B6D6F7071706E6B66605950D7
:104B6000473C32281E150D07030202050A121D2AB2
:104B7000394A5B6E8295A7B9CAD9E5EFF7FCFFFF0A
:104B8000FDF8F2EAE1D8CDC3B9AFA7A09A95939109
:104B9000909091939597999A9A9896928C857D7416
:104BA000695E52463B3128201A1615161A20293301
:104BB000404F5F6F808196AABED0DFEBF5FCFFFF10
:104BC000FCF6EDE2D5C8B9AB9C8F8379716B676653
:104BD00066696D737980888E94989A9A99958F8674
:104BE0007C7063544537291D120A040101050C1617
:104BF000223244576C8196AABED0DFEBF5FCFFFF52
:104C0000FCF6EDE2D5C8B9AB9C8F8379716B676612
:104C100066696D737980888E94989A9B99958F8632
:104C20007C7063544637291D120A040101050C16D5
:104C3000223244576C817B95A7ADABA9ADBCD1E4C2
:104C4000ECE6D5C1B4B1B4B8B3A48D786D6E7985F6
:104C50008A8274655F64727F858072655F65727C2D
:104C60007E725C453631363B392E1C0E0A14283EC6
:104C70004E52504E5568839EB1B9B8B6BCCCE2F6E0
:104C8000FFFAE9D7CAC8CCD0CDBDA792888994A035
:104C9000A59E8F807A7F8C999F998B7D767B87915B
:104CA00091856E5645404347443725150F182B40D4
:104CB0004E524E4B50617B7492A8B3B3A898887C37
:104CC000777C8898A7B1B3AC9E8A7563554F4F54D3
:104CD0005E69727879766D63564C454347505C67E0
:104CE0006F6F6758412913050108182D415056521E
:104CF000483B302E384E6E93B5D2E3E8E2D5C9C0BA
:104D0000BEC5D2E3F2FCFDF6E6D1BBA6978F8E932B
:104D10009BA6AFB5B6B3ACA2988E89898F99A6B37E
:104D2000BBBDB5A58E745D4C46495464727B7A71E7
:104D30005F4A392F313F5874758E9FA39A876E57FB
:104D400048454E62798F9EA5A0958679706D7179E0
:104D5000838D9395948F887F74695D524943424552
:104D60004B5256544C3C29140601081A324E636FBC
:104D7000706554433A3D4E6C90B1CCDADACEBAA9A4
:104D80009E9FAABDD5EAF7F9F1E1CDB9ABA3A2A5E3
:104D9000AAAFB2B2AEA7A0978E857D767170747DF2
:104DA00089959EA19C91816F615C6271869CABB17B
:104DB000A9967B614D454B5D7579A2B9B8A17D5A25
:104DC000443D4555677784919A9F9B8D79645A5EDF
:104DD000718A9FA9A392817574797C76664F3A3265
:104DE00038495C66614F341B0801030A1625394FA8
:104DF00064727060442B212F578CBFE3EDE0C5AB8C
:104E00009B9AA7BACDDEEBF5FBFBF2DEC3A8979425
:104E10009FB2C2C6BCA89488868B908E816F605D5D
:104E200069819BACAFA28D786964676F7A8695A71C
:104E3000B6BBB096704B353751797EB1CECAAA7BDE
:104E4000533D3E4F647781878E97A1A298846D5F12
:104E500061748EA09F8B6B4F46526D868F80613E32
:104E60002725344A585441260F02020911181F2DD4
:104E7000435E757B6C4C2916204B8AC6EEF5DEB975
:104E8000988A91A7C1D5E2E9F0F8FFFEF0D8BDAA53
:104E9000A7B6CAD8D4BC997C717C97B1BCB09374C6
:104EA00061637791A4A6967F6A60616970767B845E
:104EB00096AABAB9A2784A2C2C4B7E86B8D7DBC703
:104EC000A3806860636A7072747880888A81715D7B
:104ED00050516076899088776864708599A199842B
:104EE0006D5F5E6A787E7561462F2220242A2F32FC
:104EF0003843515C5B4D341D1425518DC8F1FFF2D0
:104F0000D7BBAAA6AEB8C0C3C4C8CDD1CFC2AC92DD
:104F1000807A8494A2A49783716C768BA0ABA593BE
:104F200081777C8DA1ADAB9C86736A6B727A7E8132
:104F3000858D969C957F5E3D2C33558618191B1CDC
:104F40001D1F20212224252628292A2C2D2F3031EF
:104F500033343637393A3C3D3F4042434546484971
:104F60004B4C4E505153545658595B5D5E606263D2
:104F70006567686A6C6E6F71737577787A7C7E800E
:104F800082838587898B8D8F91939597999A9C9E23
:104F9000A0A2A4A7A9ABADAFB1B3B5B7B9BBBDC013
:104FA000C2C4C6C8CACDCFD1D3D5D8DADCDEE1E3DE
:104FB000E5E8EAECEEF1F3F5F8FAFDFF180202027B
:104FC00002020202020202020202020202020202C1
:104FD00002020202020202020202020202020202B1
:104FE00002020202020202020202020202020202A1
:104FF0000202020202020202020202020280FFFF19
:10500000FFFFFFFFFFFFFFFFFFFFFFFFFFFFFFFFB0
:10501000FFFFFFFFFFFFFFFFFFFFFFFFFFFFFFFFA0
:10502000FFFFFFFFFFFFFFFFFFFFFFFFFFFFFFFF90
:10503000FFFFFFFFFFFFFFFFFFFFFFFFFF02000675
:105040000D13191F262C32373D43484D52575C60D3
:1050500064686C6F7275787A7C7E7F8081818281D2
:1050600081807F7E7C7A7875726F6C6864605C5733
:10507000524D48433D37322C261F19130D0600FDB3
:10508000F6F0EAE4DDD7D1CCC6C0BBB6B1ACA7A37D
:105090009F9B9794918E8B8987858483828282825D
:1050A0008283848587898B8E9194979B9FA3A7ACDD
:1050B000B1B6BBC0C6CCD1D7DDE4EAF0F6FD0080C6
:1050C00080808080808080B0B0B0B0B0B0B0B0DA06
:1050D000DADADADADADADAF5F5F5F5F5F5F5F5FF33
:1050E000FFFFFFFFFFFFFFF5F5F5F5F5F5F5F5DA45
:1050F000DADADADADADADAB0B0B0B0B0B0B0B080BA
:10510000808080808080804F4F4F4F4F4F4F4F2582
:10511000252525252525250A0A0A0A0A0A0A0A003C
:10512000000000000000000A0A0A0A0A0A0A0A250A
:10513000252525252525254F4F4F4F4F4F4F4F8074
:105140007F868C92989EA5AAB0B6BCC1C6CBD0D59E
:10515000DADEE2E6EAEDF0F3F5F8FAFBFDFEFEFF3B
:10516000FFFFFEFEFDFBFAF8F5F3F0EDEAE6E2DE06
:10517000DAD5D0CBC6C1BCB6B0AAA59E98928C8613
:105180008079736D67615A554F49433E39342F2AF0
:1051900025211D1915120F0C0A0705040201010033
:1051A00000000101020405070A0C0F1215191D2148
:1051B000252A2F34393E43494F555A61676D73791B
:1051C0007F808080808081838487898D91959AA05B
:1051D000A6ADB3BAC2C9D0D7DEE4EAEFF4F8FBFD5E
:1051E000FFFFFFFDFBF8F4EFEAE4DED7D0C9C2BA57
:1051F000B3ADA6A09A95918D8987848381808080A4
:1052000080807F7F7F7F7E7C7B7876726E6A655F31
:1052100059524C453D362F28211B15100B0704020F
:105220000000000204070B10151B21282F363D45F6
:105230004C52595F656A6E7276787B7C7E7F7F7F89
:105240007F80808080808080808081818284868948
:105250008D91969CA3AAB2BBC4CCD5DEE6EDF3F843
:10526000FCFEFFFEFCF8F3EDE6DED5CCC4BBB2AA33
:10527000A39C96918D8986848281818080808080A4
:105280008080807F7F7F7F7F7F7F7E7E7D7B797642
:10529000726E69635C554D443B332A2119120C0729
:1052A0000301000103070C1219212A333B444D5519
:1052B0005C63696E7276797B7D7E7E7F7F7F7F7F88
:1052C0007F7F800004080C1014181C2024282D3126
:1052D00035393D4145494D5155595D6165696D719E
:1052E00075797D82868A8E92969A9EA2A6AAAEB281
:1052F000B6BABEC2C6CACED2D7DBDFE3E7EBEFF366
:10530000F7FBFFFFFBF7F3EFEBE7E3DFDBD7D2CEF3
:10531000CAC6C2BEBAB6B2AEAAA6A29E9A96928ECD
:105320008A86827D7975716D6965615D5955514DCA
:105330004945413D3935312D2824201C1814100CC5
:1053400008040000181A1D202225282A2D30333683
:10535000393C3F4245484B4E5155585B5F62666948
:105360006D7074777B7F83868A8E92969A9EA2A6B2
:10537000AAAEB2B6BBBFC3C8CCD1D5DADEE3E7EC88
:10538000F1F5FAFF181A1D202225282A2D30333670
:10539000393C3F4245484B4E5155585B5F62666908
:1053A0006D7074777B7F83868A8E92969A9EA2A672
:1053B000AAAEB2B6BBBFC3C8CCD1D5DADEE3E7EC48
:1053C000F1F5FAFF180404040404040404040404BA
:1053D000040404040404040404040404040404048D
:1053E000040404040481FFFFFFFFFFFFFFFFFFFF32
:1053F000FFFFFFFFFFFFFFFFFFFFFFFFFFFFFFFFBD
:10540000FFFFFFFFFF040404040404040404040475
:10541000040404040404040404040404040404044C
:10542000040404040481FFFFFFFFFFFFFFFFFFFFF1
:10543000FFFFFFFFFFFFFFFFFFFFFFFFFFFFFFFF7C
:10544000FFFFFFFFFF04000D1A26323E49535D6641
:105450006D747A7E81838483817E7A746D665D53F8
:10546000493E32261A0D00FAEEE1D5C9BEB4AAA112
:105470009A938E898684848486898E939AA1AAB40D
:10548000BEC9D5E1EEFA000D1A26323E49535D66DB
:105490006D747A7E81838483817E7A746D665D53B8
:1054A000493E32261A0D00FAEEE1D5C9BEB4AAA1D2
:1054B0009A938E898684848486898E939AA1AAB4CD
:1054C000BEC9D5E1EEFA0080808080B0B0B0B0DA1D
:1054D000DADADAF5F5F5F5FFFFFFFFF5F5F5F5DAC0
:1054E000DADADAB0B0B0B0808080804F4F4F4F250D
:1054F0002525250A0A0A0A000000000A0A0A0A25C8
:105500002525254F4F4F4F80808080B0B0B0B0DA56
:10551000DADADAF5F5F5F5FFFFFFFFF5F5F5F5DA7F
:10552000DADADAB0B0B0B0808080804F4F4F4F25CC
:105530002525250A0A0A0A000000000A0A0A0A2587
:105540002525254F4F4F4F80808C98A5B0BCC6D0E5
:10555000DAE2EAF0F5FAFDFEFFFEFDFAF5F0EAE226
:10556000DAD0C6BCB0A5988C8073675A4F43392FE8
:10557000251D150F0A050201000102050A0F151D60
:10558000252F39434F5A6773808C98A5B0BCC6D07D
:10559000DAE2EAF0F5FAFDFEFFFEFDFAF5F0EAE2E6
:1055A000DAD0C6BCB0A5988C8073675A4F43392FA8
:1055B000251D150F0A050201000102050A0F151D20
:1055C000252F39434F5A67738080808083878D955C
:1055D000A0ADBAC9D7E4EFF8FDFFFDF8EFE4D7C9F5
:1055E000BAADA0958D87838080807F7F7C78726A3A
:1055F0005F524536281B100702000207101B283691
:1056000045525F6A72787C7F7F80808083878D952A
:10561000A0ADBAC9D7E4EFF8FDFFFDF8EFE4D7C9B4
:10562000BAADA0958D87838080807F7F7C78726AF9
:105630005F524536281B100702000207101B283650
:1056400045525F6A72787C7F7F8080808080818213
:10565000868D96A3B2C4D5E6F3FCFFFCF3E6D5C471
:10566000B2A3968D868281808080807F7F7F7E7DC1
:105670007972695C4D3B2A190C0300030C192A3B13
:105680004D5C6972797D7E7F7F7F808080808182A2
:10569000868D96A3B2C4D5E6F3FCFFFCF3E6D5C431
:1056A000B2A3968D868281808080807F7F7F7E7D81
:1056B0007972695C4D3B2A190C0300030C192A3BD3
:1056C0004D5C6972797D7E7F7F7F80000810182095
:1056D0002831394149515961697179828A929AA276
:1056E000AAB2BAC2CAD2DBE3EBF3FBFFF7EFE7DF04
:1056F000D7CEC6BEB6AEA69E968E867D756D655D0E
:10570000554D453D352D241C140C0400081018205F
:105710002831394149515961697179828A929AA235
:10572000AAB2BAC2CAD2DBE3EBF3FBFFF7EFE7DFC3
:10573000D7CEC6BEB6AEA69E968E867D756D655DCD
:10574000554D453D352D241C140C04007A6E6254D1
:10575000473B31271C120C0A08060203070E1318D8
:105760001C232A313840484D5155585B5D5E5D5AC7
:1057700056524D48433D372F29221C1915110F0E43
:105780000F14181E252D37404D5B69778793A2AF04
:10579000BCC9D3DCE5EDF4F9FCFFFFFDF9F5F2EE51
:1057A000E8E0D6CFC9C3BDB5AFAAA6A2A0A1A4A563
:1057B000A7AAAEB4BCC4CAD0D4D9E1E7EAECEDECF8
:1057C000ECE9E6E1DBD3C7BBB0A6998A7A857564BC
:1057D0005446372A1E130A04020103050A131F2B1D
:1057E00037445362707F8E9CA7B2BCC5CACDCFCE62
:1057F000CCC6BFB7AEA295897A6C5D4F42362C22DB
:105800001B161413151A2028323F4E5D6D7D8D9E98
:10581000AEBCCBD7E3ECF3F9FDFFFDF9F4ECE3D834
:10582000CBBEAF9F90827466584D433B34302F30CF
:1058300033373F48535F6D7B8895A3B2BFCAD3DB34
:10584000E2E7EAEBE9E6DFD6CCC1B4A596857B6E4C
:105850005F4F42352A1E130C050101040508101F75
:105860002A353F4D5C69768595A0AAB4BEC4C7CAE7
:10587000CACCC7C3BDB5ABA0978C7E7062564B42F5
:105880003B342E2B2A2C2F333B44505D6B7A899569
:10589000A4B4C1CDD7E1EAF1F8FCFFFDF8F5EEE5DF
:1058A000D9CFC4B6A7998B7D6E60554A4039343440
:1058B0003434363B434D58636E7983909FABB5BC0F
:1058C000C1C8CED2D2D2D0CBC3BBB2A798897B3AC3
:1058D0003E36251E1D1C120A090501071719121D47
:1058E0003B505355687B7F7E91B3BEC4CCDBE3E075
:1058F000DDE4F2F1F1EFE8DED9DDD8CCBAB0ADA449
:105900009F9F9D8F87878D8F8C91969FA5B5C6D0C1
:10591000CBD0E2EBEEE6E5ECEFF5FBFCEFE3DEDB14
:10592000CDBDB5B1A896887E6D5141382F241A148B
:105930001A180D0908111F2C2E2E30323F4E5C60B4
:105940005955586769676B73746C6A69634E3D3A61
:105950005968675C5F6A76726F7474727583877B4F
:1059600085A5BAB6A7A4AAA199ADDBE8E6E0DFDC7D
:10597000D5D0D8E9E5E2DCD7CFCCCBC6B9AEB2B949
:10598000B3ABA7A0918C939FA097908B8B8A99A77C
:10599000A89B9BB1C0BAA1918B8B97A7AFA28B7F1D
:1059A0007A6E6467727368605C4E362B27262829EE
:1059B0002B372F180801102A3F3D352C22272E3C6B
:1059C00045403B404F5551555C635E626F72625675
:1059D000594C4C45404C5C6F6E68675F5C56565E38
:1059E0006380A3B5A9835A3B262A528EAEB097791D
:1059F000616169788A8485818C94907F6A585D772B
:105A0000929785684D43527296A59C8D7B7D8293BB
:105A1000A6AFB6C6E7FFFED9B3948FADD2F3FCE7CD
:105A2000D0B8A5A1AABCC4C8CAC9BAA38F817D91A8
:105A3000AAB9BE9D673D2F4F83ABAC946842322C10
:105A40003A44424243525E5B5B4C42393A4B575AAE
:105A5000564C7C807F78746F685B4B3B302D2D35C6
:105A600043516876786C512F140101102534372E7C
:105A7000241C22292E352E2F2B302D271709040FF9
:105A8000273D4C4D474044505F6E70655A505562FB
:105A900075899CAEC3DAE8EAD5C0A69DA7BBD3E65C
:105AA000EAEBE5E1E3E9F4FBFDFAF4E6D9CCC5C79E
:105AB000D8EDFBFFF0D4BEB1BACBD6CFBDA38F8A51
:105AC0008D969DA2A7AAAEADA69882705F56596129
:105AD0006B787CB0C1C8C4B59E83654C39323845FB
:105AE0005A7185969E9B8D79624E3C312B2B2C2EC4
:105AF0002F3138414B5157534F45392B1C0D040161
:105B00000715243544505C686E6F6A5E52474348FF
:105B100055697F93A7B7C5CAC7B8A79285808490F7
:105B20009FADBBC7CFD9E0E5E4DED1C2AFA2999863
:105B3000A0AFC1D0DDDFD9CFC2B6AC9F9187808145
:105B40008993A0ABB2B8B9B6B2A89B8B7A6C6568E2
:105B500072849AB0CDE8F1E7D0B08E694833303C1A
:105B6000526F8DA3B3BAB6AB9986786552423C3674
:105B70003332323A434F5C66655F4F3E291A110B50
:105B8000010110233645576D7F83847F705E4F4A35
:105B90004D586B8297AAB8C6CAC0AC967C6B656735
:105BA000707F8C9FB1BCC8D3DAD7CBB7A28B7A6F8A
:105BB000717D90A7BACBCFC9BCAA9A8C7C6C656862
:105BC000748697A4B3BCC3C6C1BAAD9C897768621A
:105BD0006A7891AFCDBADCE4D0BAA5978564515A02
:105BE0006A80A2BCC2CCD7D2C9BFB3BAAA806B6D3F
:105BF000685F56463A353D50564E4F3B230C1B5678
:105C00005C1D01214B61555D90ADA2ADB9AE9C8884
:105C10008C918C98A8ABAAAABECCB7967B5A464E5C
:105C20005D666B6B7583818196ACA6978B746258A9
:105C3000474A545C7587969788776763787A625687
:105C40005A698C9D99ACB0AFBAB2A69E8C827A6F1D
:105C5000696E7B8A9BBA97ACAAAEA6A4B2B3A4968F
:105C6000A8B2BAE2F2DAD9F3E1D5E9D9E6E1A89B24
:105C7000A2A091836C3F2F313B42343D3616013058
:105C8000A8C056244F7C988474AED0A6AACAC0B0CF
:105C9000B1BBB5A3A8A4968B758090755B4C3735C6
:105CA000455B605249454B463B576F665B675B44BB
:105CB0004E423840404C4C6A5F3B533E39798A76BD
:105CC0006C767B96AF9293938A968F8C8E7C848F22
:105CD00087828183817E97C5D3AEDADBBDD9D9D0E7
:105CE000C0D5D2C0E2E5C1B5E2C099DDB39ABC909F
:105CF00077757B5B504E27271F12241D18201F1419
:105D000026606D3B3C5949677A54749B727DA59718
:105D100088B2B48BA8BF9CA2C2A49FBDAC979CA024
:105D2000968D9E9E8394867E9378808C826C737D04
:105D3000495C6E3E3A614C177753017743156A5FB1
:105D40004F466F62488C715E797A79707E8974767D
:105D50009C9284A9A7A9A9C5D5E6C3EFF5CEEFF516
:105D6000E4DCEFE6D5E5E8D3BBE8CD93E4BA8ABE40
:105D70009E81787E624A50382923131C180D171E05
:105D8000191930381E283B26384A2D425C3B4C6B93
:105D90005B528482598EA2798AB89C8EBAB79DA72D
:105DA000C3A595C3AC8BBF9F8CB69394A29D8282F2
:105DB000A16564935F41866D148B6A0188561F67E5
:105DC000574E396B642C79714A70746A6C74887D93
:105DD0007AA89C8FBDB8B9C3D5A7B297CDBE7ECEE9
:105DE000D1AFB7CEA8A9CAC69B82C5BA56D8A16FF3
:105DF000C08C996F7180533E643325023C47035A2F
:105E000032265D4785623165675C5F5C6C6D297722
:105E10007D3665A15F54AF79718B9F9469C2BF6C69
:105E20008FD96C6ED17E7CC08268C99B83C6BD7BD6
:105E300072D7925ACE9631C3C901A3C102B1754C33
:105E4000835AA34662A2476DAC715772786A4E7D41
:105E50006A76866B88939274ABA77D7DA39C814CF8
:105E60009DC78696C27D66A1AE5A4D90A723A38199
:105E7000419669B1575DAA4531923F4201607E0566
:105E8000993F409550BA935D8D96858B87999A1A64
:105E9000A5A32A8EB75075D05E889873AE4BB9D63D
:105EA0004780E3474CCC637AB4624BC79F62D5C04E
:105EB0005A50E5AC4BDCB130D0E21183D536A46F3B
:105EC0007C894AC75C57C27B5ED0B03C74997C3CED
:105ED0007180A06C62A0738A47BD7D7374726D6619
:105EE000605A534A433E3C3C3C39322B241E181521
:105EF000131315161715110A0401010205090E13D3
:105F00001514110F10141C22282F3538393A3A3C39
:105F10003F49545E656A6C6F70727A838D979FA952
:105F2000AFB1B0B1B2B7BEC6CFD6DCE0E1E0E0E1E0
:105F3000E4E8EDF3F8FAFAF7F4F2F0EFF2F7F9FA31
:105F4000F6F0E9E3DFDCDADBDDDFDDD6CCC2BAB3C5
:105F5000ADABACACA8A29B92877C76739B9D9D9FBA
:105F6000A2A9B0B7B9BABABBBCC0C5C7C6C2BEBA8F
:105F7000B6B4B4B5B3ADA4998D86807D776E635900
:105F80004E433B35312F2A2319100E1015181A1ABB
:105F900017161C263342505961676F7E93A7B7C20C
:105FA000CBD1D6DAE2EAF4FCFFFEF6EEE9E9E9E865
:105FB000E3D8CABBAFA59E9891867A6A5C524D4AD7
:105FC00048453E362E2928292F373D403E3B3C424E
:105FD0004B56636B6F7072767D868F979B867E784B
:105FE000747271706E68625D5A5A5C5C5A57524F97
:105FF0004D4C4C4E4F4E4A433E3A393837352F2898
:10600000221D19171614120D0904020205090D0F9D
:106010001111131A232F3B464E555D6777889AA8B6
:10602000B1BAC1C8CFDAE4EEF5F7F9F8F7F9FCFF39
:10603000FFFDF8F1E9E5E1E0DEDAD6D0C7BFBBBA93
:10604000BABAB8B3ADA9A7A7A9ABADAEACA8A3A186
:10605000A2A5A7A7A59E9995939392918D86857DDC
:10606000777574737375797D7E7E7B766D60504233
:106070003A36373A3C3D4043454544454749494611
:10608000423C37312B2524272D3234343332302D06
:1060900029251F1A150E070202071224426A97BF0C
:1060A000DDF1FCFFFBF1E6DCD7D5D6D6D7D9DCDEB7
:1060B000DEDDDBDAD9D8D5D0C8BFB9B5B2AFAFB362
:1060C000B9BCBEBFC0C1C1C0C0BFBFBFBBB2A69A32
:1060D000908A868384878B8E8F90908F8E8C858517
:1060E000827E80858A89898E969C9E9F9F998C7CD2
:1060F0006E68686C71737375797C7D7F848A8E8F0E
:1061000091928E8476695F5B5F666A696660584FBC
:10611000484541382F29231A1008070B173360937D
:10612000BFDFF4FFFEF3E4D8CFC9C3BDBBBBBBB830
:10613000B2AAA5A19E9E9F9F9A8E7E6F6866686B8D
:1061400070777D8184878A8C8C8A8A8D91918B7EF1
:10615000706661626469707477797D8183848585F6
:106160007D94867F9FB898605575877F8AB4CAA34F
:106170005923204A829F875D5C808E68434E6B6AFC
:106180005E79B6D5BD8F6848364D87B0AD95805FD6
:10619000332241604A1E25628E826351370C0146CC
:1061A000B0E7D9C4CFD2A36869A9E1DBB4A7BED157
:1061B000C8AC8C6B52567CACC6BE996537315988D9
:1061C0009A959DB3B4977C849C9C7F697BAFDDDB03
:1061D000A25C3F4F667389ADB38552567A7F605A91
:1061E0007D6B9C957E94B8A465475F77747DA3B85A
:1061F0009246100F3D778F7042456F794B263B5E7C
:10620000543E61AFD4AE734F36223371A6A78B6F65
:106210004B1A05285440080651948E5F4132180FDE
:1062200047A8E2DAC8D5DAA76468BAFFF4C0B3D8E1
:10623000F4E4BE9A77595F91C9DDCFB2844A325BEC
:10624000A1BDACA7C5D4B58D93B5B9947587BEEE85
:10625000EEB66E4C5D778293B6BE8A4B4D7E865508
:106260003E6B679490777F9B9261414D5E5E607854
:106270008569320A0B2B5360462528474B270C1F94
:106280003B301C37779474452D1F111B4976796478
:106290004F3612011E443A0F0B4782845D443F384B
:1062A000355899C5C6BCC8CDAA7A80C2FBF3CAC30B
:1062B000E5FEF1D2B89F8990B9E5F1E5D5B88A70CD
:1062C0008EC9E3D0C7E0F1D9B7B9D4D8B99FAAD164
:1062D000F2F1CA967B84969CA3B9BE956161878CC6
:1062E0005F44676E888470707F7A5B44464E4C4B87
:1062F000555947260F0F203439281415252610012B
:106300000C1C1608193F4F3C211510090F2A464A4C
:10631000403528150D213A37211F456D715C4F51CD
:106320005254688EABAFADB7BCAB9298C2E7E4CE27
:10633000CCE4F5EFDED0C4B9BFD9F3FAF4EDDFC495
:10634000B3C4E7F7EBE4F2FEF0DAD9E8E9D6C5C961
:10635000DDEDECD6B6A3A6AFAEAEB7B89E7D7A8F14
:106360008F705C6E787D776C676863574B484640EA
:106370003C3C3A31231A181C1E1D160E0D100E0639
:106380000104090602071318130C0A0A0A0D172242
:10639000262524221F202A3539353949595F5C5C6E
:1063A00060656B7586949B9FA6ABAAA6ACBDCDD04D
:1063B000CCCFDAE4E5E2E0DFDDE1EBF5F9F8F8F582
:1063C000EEE9EEF9FEFAF7FBFEF9F1EFF1EFE8E0A6
:1063D000DFE2E4E2D8CCC2BFBEBAB6B4B0A49692B3
:1063E00095918276787875716D696764615D5B59A6
:1063F0005653504F4D4A474544423F3D3A38363454
:10640000312F2D2B2825221F1C1814100C080605CF
:1064100005030202010204090E13191F28313A4232
:106420004B555F6A7784909CA6B0BAC2CAD3DBE3AF
:10643000E9EEF2F6FAFDFDFDFDFBFBFBFAF9F6F3E2
:10644000F0ECE9E6E3DFDCD7D4D1CECBC8C6C4C1DB
:10645000BEBDBCBCBAB7B5B3B1AFABA7A4A09A954B
:10646000918D88827C787576787979787775727075
:106470006E6D6C6B6A6969696A6B6A696764626090
:106480005D5B5855524F4B47433D362E251E181421
:10649000110E0B090603030305080B10161C222915
:1064A0002F37404C5D72879AABB8C2CAD0D7DDE3B4
:1064B000E8EDF1F5F9FDFFFFFDF9F4F0EDE9E5E0B8
:1064C000D9D2CAC4C0BEBCBAB6B2ADA8A4A09D9A67
:1064D00096939191929497999A9B9B9A9895928D65
:1064E00088837F7A7775757580898E8F8E8A85808F
:1064F0007D7D81858A8E9193979A9E9F9E9A958F96
:106500008A87837F7C797978767066594B3E332A07
:10651000231E19130E0907050506090D131B232851
:1065200029262220273D618BB0CBD9DBD9D5D5D800
:10653000DEE4E8EBEFF5FBFFFFFCF6EEE5DDD8D39C
:10654000CCC1B3A498908E8F91908C867E78747015
:106550006D67625F6062666C71777C81848584821E
:106560007E78736E6B696C7573828E92908D8A875C
:106570008586898E9193979A9EA2A6AAACA8A29985
:10658000918C898887888988868076695B4F4641A7
:106590003E3B362E251D1916151413110F11192205
:1065A00028271D0E01031D4E8CC5ECFEFBEDDFD729
:1065B000D7DEE5E8E7E6E7EAEDEDEBE5DBD0C7C3DC
:1065C000C2C0BBB2A6988C8481807F7E7B77726EBE
:1065D0006A645D565353575C636A6F7376797C8047
:1065E00081807B736B6562677374838E8F8984830C
:1065F00085898F9495908C8B8B8E92969A9A968F94
:106600008984818184898E8F8C84786B5F575556FD
:10661000595D62646059545252504B453E352F319A
:10662000383C3728140301174A8AC7EFFFFAE9D626
:10663000C7C3C8CDCDC6BDB6B2B0AFAFACA69E9AEB
:106640009DA3A9ACADACA5998C817A7675777A7B40
:106650007875716C666262666D747A7B7A75737434
:106660007A8184827B736B6668746D83949799A337
:10667000AFB1ACA9A394827A7F817A74797F7E7B53
:1066800082929FA4A7ABACA79E968D7F6D5E56525B
:106690004E484A58686F70788A99947F6C6053436B
:1066A0003D41423420140A010A3D8ED5F2F2EEEC4F
:1066B000E1CCBEC1C8C3B19F8E7A6A68798B8F8BDB
:1066C00090A3B4B6ACAAAFAB9A867A726557545908
:1066D0005C595B697A807B777C848A8B8C8A817138
:1066E000635E5D585358666F6B646D6D83949AA3B7
:1066F000B6C5C4BBB4AB957A7177796F686E7370A9
:106700006E7E99ACB2B6BEBFB4A49B91816B5B5454
:106710004F473E40536B777984A1BAB7997C6E603E
:106720004C4043422F18100F03013190E2FCF0E976
:10673000F0EAD2BEC0C4BAA5937E614747627E86A6
:10674000848EA9BEBFB2ADB0AE9A83756D5E4A416C
:10675000474E4D4F637F8E8A8387919492929287A2
:10676000705A504C433C455E6F6D656D52505152AE
:1067700056595D5F61636465656463605E5E5F6218
:106780006871787D7E7C7875757574777B80858B74
:106790008F92928F898075695D534D46423C3732A6
:1067A0002E2925211D1A1A1F29384F6F92B2CEE3C8
:1067B000EFF7FAFAF7F2EBE3DCD4CEC4BAAC9F8F72
:1067C0007D6B5A4D433D393A3B3E434C5563707E99
:1067D0008C9AA8B5C4D5E5F3FBFFFDF6EBE0D3C575
:1067E000B6A99A8E837A726B66605B56524C525B86
:1067F0005E5D59524B4B4E53595F61666C73838F8C
:10680000989FA2A29F9A928C837A71645B5A5A597C
:106810005954514E4D51585F646665646363625FBD
:10682000564F463E3A3B3D43494B4F5A69859DB0D2
:10683000C0C7C7C9CBCED0D0C8BFB1A69F9C999DB9
:106840009B938B837B77756E685A483F3C3E4F5FC6
:106850006D7D8A95A5B9CEE5F5FCFFFCF6F3F2EE69
:10686000E4D4BEA79380766A605B524A4A4C5B5D73
:106870006665594C3A272424252E302D3037436441
:106880008097B0BDC3CBCFD1D9D3C8BDA8948F89D1
:10689000858477695F55545F676E71685C534D4DB1
:1068A00050463C301F192028394C525B697896B508
:1068B000CCDEE4DAD5D2CFD4D8CEC2B19A908F8CC8
:1068C000959B928A817472716861513522170F1DF0
:1068D0002C34404B4F64829EC6E3F0F8F9F5F9FF83
:1068E000FDFAEED4BDA996938C807C6D5C5A5B78E2
:1068F000747B78685B452D27231D201B100E111A11
:106900003A597392A4AFBFCCD6E6EAE6E4D5C5C542
:10691000C0BDBDB0A093857D8386868374605245DB
:106920004142372C1E09010710233B48576A7A99C8
:10693000B9D0E5EDE3DCDAD5D9E0D9CFC0A79B9893
:1069400090959A8D83786864655D594F3421150858
:106950000D181A2228293D59759DBBC8D3D6D1D808
:10696000E2E4E7E3D0C2B5A9ABA9A19F917E7B7811
:10697000968F908E827868575455545853433B39BC
:10698000405D7B95B0C0C6CFD2D1D6CFC4B9A89751
:10699000969595988F867F766D70706F6C61524872
:1069A0004448514C4131170601010D1F2A394E62EE
:1069B00085ABC9E1EDE5E1E2E4EDF8F7F1E7D3C835
:1069C000C2B7B7B7A79686736E706E716E5C4E4095
:1069D0002F2B2B221E18111C324B6C82898D8B851C
:1069E0008991949B9E9795979AABB5B8BCB1A09CA2
:1069F00096A69994908A8986838B97A1A9A4948757
:106A000081869DB5CADDE6E7E5DED3C7B49D866E17
:106A10005B5756585B5B5C5F5F58565049433A3151
:106A20002F374A5D635F4F362011080C161F2E4327
:106A30005B7FA6C9E2EDE9E6E8EDF7FFFEFCF8EDC5
:106A4000E6E0D6D1CBB8A18B776F7278848D8D8834
:106A50007D6E615541301D0D0D1B2C404C4A433E4F
:106A6000393A3D3F44494D56657997B0BFC7C3B9E0
:106A7000B1A6A9988B86878D95A0B2C6D9E4E2D637
:106A8000C8C0C4D2E3F2FCFFFDF4E6D5BDA2846326
:106A900046312825272A313C474F4B43372C2019B4
:106AA000151A2D4964737569543D281C191C24322C
:106AB000445E80A5C9E2ECEBE9EBF1F6F8F7F5F3FB
:106AC000F2F0EBE5DED3BFA389766D707C8EA1AECC
:106AD000B2AC9F8E7A61472D1810151F27292115FA
:106AE0000E0B0B09090B0F17243A5A81A3BCC8C817
:106AF000C3B8A9AE9A8C85858A929FB3CEE7F6F685
:106B0000E8D7CAC9D3E2F0F9FCF9F0E1CEB69A7D34
:106B10005F47362D2725252B37454E4B412F1E0E1F
:106B20000401061C3D5C7178705B442D1E17161B1A
:106B3000283D5D86B0D7EEF7F3F1F3F8FEFEFCF9E1
:106B4000F5F4F3F0EDE9E3D2B99F897D7D8596A94F
:106B5000B5B8AFA08B74573C210D070F1C26261E1D
:106B6000110A07080604020107132A4C7599B5C6D5
:106B7000CCC9BFAEB9A38F8580838D9EB6D3EFFFFE
:106B8000FEEDD6C5C0C7D3E0E8E9E3D6C4B09A8627
:106B9000776D686560574B423E434D55524A3928E0
:106BA000190E090D203D5B73807E715D4834271EF0
:106BB0001C263C608CB4D2DEDCD2CCCED7E1E5E33F
:106BC000DDD4CDC5C1C3CAD2D3C8B49D887D7F8B67
:106BD0009BA8ABA2917A5F432B1A141B2E3F4A4706
:106BE00039271916171A1C1D1D20253246627E9B57
:106BF000B5C7CFC9B9C5AF98887E7D8598B4D3F0A5
:106C0000FFFCE9CFBAB0B3BCC6CDCDC6B8A48E7B6D
:106C100071748193A2A49A8772615B5A5C5A554C35
:106C2000433B36312F37475D75868E897D6C5641E3
:106C30002D20243A618FB3C6C1B0998D8E99A9B524
:106C4000B9B5A797857D8192ABC2CBC3AC8E786D69
:106C5000717D898D8879634A33221D273C5A727E63
:106C600078644A362D2E3640484E51515151566265
:106C70007A9AB8CDD1C5C3AC9382777273829CB92E
:106C8000D1E1E6DCCCC3C4CAD0D9E4E5DFD3C3ADDF
:106C900094817B7D8288887F6E5F544F4C4F575D17
:106CA0005D62696B655F5F63676F78787065553D9E
:106CB000240E0104194477A0BABEB7A79D9FACBAB1
:106CC000C4CBC8B59A817470788B9EA69C8C7A6B65
:106CD000636A7A8C969B9889715C4C43424D606ADA
:106CE0006A6150351D161A24303F515D61666D761C
:106CF0007F91ACC3D0CFC39F8A746964605C657BAD
:106D0000909FAFBFC2C2C8D8E2E0E1E7E6DBCEC2E7
:106D1000AF937B6E68615D5D5B5453585B5B6274DF
:106D2000828994A2A69A8D857A69605E53453B302C
:106D30001E0C020106173D6C90A9B7BFB9B5BAC8C1
:106D4000CFCFCFCAB3927468616169797E79767862
:106D500079798498AAB5BFC2B59C877A6C5D595B76
:106D600054473D3422101020313E536B7B7E859278
:106D70009DA1A7B3BAB6AD9F7765534F53534C51FE
:106D8000616F77869FAFBBCDE7F3EAE0DFD9C8BC80
:106D9000B5A78C716257493F3F42465267757A8367
:106DA00097A8ADB8C4C5B3A29581655247362319DB
:106DB000130901040E1724456E8B9FB2C3C6C7CEBC
:106DC000DBD9CBC4BDA7876D645C55576164646C27
:106DD0007D8B94A5BBCAD1D9DDCFB5A196856C5D5D
:106DE00054422C2220190F19354D5A6D8596979DC6
:106DF000ACB7B6B1B1A89886776876776C5D432A50
:106E0000365B7D99A29D948D99C7E8EADEC6A38A78
:106E10008695ABA78C714F353A4F6C85898279691D
:106E2000729FC5D6E0CCAA8D7B8493846D542301D8
:106E3000051022332C1E0E04266190B4C4BBA89BFF
:106E4000A1C5DEDED6B9875F4F5D7785837A625054
:106E50005E82A5BFCAC2B6ACB1C9D5C9B5956842F4
:106E600039414D4E4232190315467595A29E9383C2
:106E700085A9CCD6CFB58D70636872A2AC9A7D47D8
:106E8000273E6594B9AB88694E5A93BCCAC08E5DE3
:106E90004A4E78AEBAAA8A543C516FA0C4B09072E0
:106EA0004E5E9AC4E0E3B07D63587CADAA97732D23
:106EB0000D1F3766856D4B2001235B8CBCBC997D13
:106EC000666EA8D2DCD9A8694F4B6BA3B8AB9264AD
:106ED000465D86B1D5CAA283686C9BBCC1B8864AA0
:106EE0002E2A45737F6F572C1231679DC7C3A1842B
:106EF000656B9FC8D8D3A36B57557282CAD5BF9A0A
:106F0000502E4E72A5D1AE754B1F2E7198AEA66154
:106F10002A1E2866B2C4BC9B57456887C4ECC3913F
:106F200067354C92BCDFDD955E4B457EC3C7B88D9F
:106F30003A213D5D9EC0986B2D01275889BFAE79DF
:106F40005D414D9ACBDBDD9F5A4E527CC7DAC4A51A
:106F500064406185B0D8BA7D5631387AA5B3B27431
:106F60003426295095A49173391F4A7EB7E8D39DE2
:106F7000774D5594BCD0CE8F544D53825A523A41DE
:106F80004E485D8C9D9EB1B2999AAFAEA4AAA180E5
:106F9000778B9497AAA7867472656A8587787863D9
:106FA0003838555B70A9B7938F9F837BB9D3A8A05E
:106FB0009B44072A2F1649692A0D291C257BB0BC42
:106FC000E6ECB7AEBCA2A7D2C08C7C5919143B46E4
:106FD00057828971748082A6DDF2FBFFDCAD9D8C47
:106FE000767F815D42361606254353789C9E9FB27C
:106FF000BDC4D4D9C9B9A078625D504C5A6C594708
:107000005A5A46576F6A7896948EA5ADA4ADB29E33
:1070100096A3A6A8B3A98A72614E4F61665F5B4CC6
:10702000342D3C537095AEB3A79792979EB1C1ABE8
:10703000805B2B0109232C3F4E311321385693C816
:10704000D6DDD6B59FA7A9AAB7AD825C4127244952
:107050006D7E919B8E838FA3BDE0F7F7E8C8A28E6B
:10706000847D837E675A533A33433F3B5D797E98F4
:10707000B1AAB0C5BEB6CAC2A19C946E616C8C8028
:107080006960523522293E586D7C83807F8D9FA98F
:10709000B8C7CBC9C6BAA38A715F50413A311B0F3A
:1070A0000F0B1538587092ADB4AF9E8F939CAACB3E
:1070B000D2A373502515314E5F6C501401172F5A0F
:1070C00098C2D5D9BC9897A8B6D1DFB676503524EA
:1070D00039627C919A826263768FB7E0F8FBDDB00B
:1070E0009B9E9CA3B7B493745D45332B2F4B728446
:1070F00083848E9DADBED5EEEDD2BBA58E878CB0C0
:10710000A18F837062656E716F695C504D586A7CA7
:107110008A93949397A3ACAFAB9F876D5D4F403933
:10712000392D1C17181C2F55788C95958A838EAA9B
:10713000C5D3CDB081523938434F564B290D0B176B
:10714000346AA2C0C8C6B6A7ACC1D5E1D9B8885CBC
:107150003D35445E737E7A685B61789ED0F5FFF8BA
:10716000E5C7AFAEB4B3AFA4876758585F6B797FFC
:107170007A737379859099A3A397929A9C9DAAB0EC
:10718000AC9382735A5257575E6D6A61696E676D30
:10719000786D5C5E65697C9396908E8A878F9693F6
:1071A0008B7A54332419152A4447444A4138527A79
:1071B00096B7D6CCAA937F6E73807C6B4F23010168
:1071C0000D2457839097A29898BDDEE7F6F7C898EC
:1071D000866E59687A716965534B6282A2CAE6EB82
:1071E000EBE7D7CDD1D0C3B8A78367605A5A6F7881
:1071F0006A6B73697096A4A1B7C1A69CABA49DAC41
:10720000AC9B958F918B7E7B808483827F6F606245
:1072100061585C5F4F4F646A73919C99AFBBA7A3A1
:10722000AB98877F654A4C4124273B34334C5C62E2
:1072300080A2AABACFC3B6C0B393918864584A2536
:107240002D42232358533C759B8BB2E0CAD2FFE5F5
:10725000B8BFAD7D766E443F533A23486C697CA33A
:10726000AFBBDBD5BED4E3BFB2C09E787D73586A96
:107270008075747D70728680768B937D767F79764B
:107280008B9B817F7A7E7C6D63645C54575344444E
:107290004A42465B5D55646C5E667765576C684430
:1072A0003A371D1925100119221A2A34293F625A2A
:1072B00054717B6E777E737A8063525D513E4B5082
:1072C00045596E6066878785A8B6ACC2CFB3B6D382
:1072D000C0A5B1AB8F92957E86A3998EAFC6BFC76E
:1072E000DADCE7F8EBDBE2D7BABAC1AEA9B4A7990A
:1072F000AAB1AAB8C3BABDC8B8A4A9AB9A8E8D87E3
:107300007E7C8196A994817F7468655B595E555334
:107310006B7059616D4C36463F232A3722141E1A72
:107320000C0D1209030202060E131E2C22141F2834
:10733000171C3A3A2D465749556C5D546A67576594
:10734000706A7888848C907E7F95908DAEBCADBC41
:10735000D3C4B8CAD1CBD5E0D9CCCCCAC0C4D6E04E
:10736000D8D6DFE3DFE2F0F4EAE6EFF0E8F1FFFB86
:10737000F7FFFBE5D5D2C5AFA5A18B7067614A4782
:1073800067787B9683736D7A72646C72696A6347FF
:10739000383C30283F4A373C4B3C38596661737F54
:1073A00066554F3B28292619161408040B13213A59
:1073B0004E57636D6D71838A89928E705F5A44391E
:1073C0004A4E495C665D687C8396B9C7C8D4D4C10F
:1073D000BEC7BDB0B3A78982877A7B98A3A0B8CD7A
:1073E000C8CFE5EBEEFEFFF0E3D3BDB3B2A9AAB17F
:1073F000A79CA6AAA3B1CAC7C0CEC9ADB1BAA08F77
:107400009E907176838E8E877A6E6158555451495D
:107410003F352F2C2A2822150B050207131C212289
:107420001E181615171D1F1C160F050102070F1633
:107430001C2022242B3743515E65676763606468B4
:107440006D71716F6C6A6C747E8A98A2A7ACB2B7CA
:10745000BFCAD4D9D8D4CFC8C3C5C8CACDCECAC96B
:10746000CCD3DCE6F2FAFDFCFCF9F6F8FDFAF4EF19
:10747000E4D6CECDCBCBCDCDC5BDB9B7B8BDC2C29C
:10748000B9AEA3978F8E8E9597928877675B565784
:107490005449403F3B393F3F2F1D1105010B1B2530
:1074A0002927221B151B2A353B3F3A291E1C1D226A
:1074B0002D36373029282B34485F6B70736C636826
:1074C000757F8A918F83756D6F7784949E9B979754
:1074D000979CB0C7D4D8D8CFC1BABEC6CBD2D3C779
:1074E000B8B2B2B4C0D2DFE1DEDBD6D4DBEBF5F567
:1074F000F2E9D4C2C1C2C2C6C9BEABA09A969CACC6
:10750000B6B4ADA4968B8E92908E8D8D8A85807A3E
:107510006E5C4C3D353435332D21150B04010306CB
:10752000060809070705040B141E2B343433312DCC
:107530002C32363B3C3732302C303C48536063634E
:107540006A70768493999D9C948E8C8E959B9B9D5E
:107550009E98959DA8B4C2CCD1D3D0CFD1D5DDE42F
:10756000E2DCD5CBC3C0C3C9CFD2D3D0CBCDD6DE1E
:10757000E6F2F5EFE8E1D8D5D5D3CDC5B9AB9D9608
:107580009697999C9D98939279797675797A797A7C
:1075900079756D625952483F392E24211F1B1817E7
:1075A0001513141615110B06020106101A252D339A
:1075B00035383C434B5053544F474545434A545547
:1075C000565D60636E7D8895A0A4A6A5A4A8ABAD0A
:1075D000AFB0A9A19E9D9DA2ACB4B7BAC1C3C7D29A
:1075E000DBDFE3E6E3DCD7D3D1CFCDCCC7C0BCBD76
:1075F000BFC1CBD3D5D8DCDAD7DADBD6D2CDC3B88E
:10760000ADA39A928C89837C799C9B9187817B75B1
:107610007577726557493A312E2C28282721181082
:107620000905081118191710070101070F1B262F4C
:1076300036383430303337424C4E4C4D49454E5C31
:10764000657080848082878A909CA4A5A4A09B9763
:10765000979CA5A9A7AAABA5A6B3BABDC8D1CCC80B
:10766000CBCBC8CDD3D3D1CCC5C1BEBEC5CACACE83
:10767000D2CCC8CFD3D2D9E1DCD4D3CDC1BFC2BE26
:10768000B7B5B0A59C9A9998989CA3988A8385844D
:107690007F7971604C403B37373933251A130E0E12
:1076A00011110E0B08050303070804010409121F3A
:1076B0002D35302623262A364B57555455504F5DCD
:1076C0006E7982898378787D84909CA19D958F9036
:1076D0009197A7B4B4B0B0AAA3ABBDC6CACFCDC072
:1076E000BABEC2C6CFD5D2CBC4BFBEC3CDD9DCD5FE
:1076F000D1CFC7C8D5DCD9DDDCCDC2C3C3C1C8CEAC
:10770000C8BDB5AFAAABB3B8B3AAA39B9B93877E02
:10771000786E6668675D554E433834312D292725CC
:107720001E11080501020D120E0A080402091318A1
:107730001D242B2C2E353B3A3C474F5258605F5D41
:107740006267686D777D7E808387878B949A9BA024
:10775000A5A29EA4A9A9ACB3B4AFAEB3B4B4BBC246
:10776000C1C1C3C3C0C4CACECFCFD0CFC7C6CDCF8F
:10777000CCD1D4CDC8CAC7C3C8CECDCBC9C7C3BE70
:10778000C0C3C0BEBFBCB1AAA8A29C9BAAC2D6E57A
:10779000F0F5F3E7D5BDA2846B594F4C4D505354CF
:1077A0005451493E35323133363A3F4141414141EE
:1077B0004144485057616A72787D848A8E919597CA
:1077C000958F8578695C524E52607795B4D1E9F80F
:1077D000FFFCF3E5D5C3B1A2968B80756C6662623F
:1077E00064686E7374726E69635D5A5A5F646C7517
:1077F0007C7E7E7F7E7D7C808994A0ACB8BDBCB74A
:10780000AD9F8E7E716965686F798494AA91A8BFD7
:10781000D3E4F2F8F4E3C9A9886B585256616F7A41
:107820008285837B726C6A6A6C6D6F71706D69663C
:10783000615C5957585C636C77828A9093938F8C04
:1078400088847F77695846352826304A6F99C2E385
:10785000F8FFF9E9D6C2AFA29890887F746A646194
:10786000646C78838C8F8E8981776F696667686BAB
:107870006F7272716F6E6B69696D768392A2ADB132
:10788000AC9E876D533E3331394758697B91879D54
:10789000B3C8DDEFFAF9E9CEAB896A554D53627290
:1078A000828C92918B837E7D7E80828485837E799B
:1078B000726A615A57575C6571808D969A9A958E57
:1078C00087817D787164523D2819131C37608EBD05
:1078D000E1F8FFF7E5CFBAA89C948F887F736961C0
:1078E0005D606A7887949C9D9A91867C736E6B6AC2
:1078F0006A6D6F6F6E6E6D6A666567717E8FA1AE21
:10790000B3AD9A7F5F40291C1C283A4E6173877D76
:107910008DA1B6CFE6F7FFF7E1BE9368442C23288C
:10792000374C61737D81807E7E838C97A3ABAA9F49
:107930008A705642383C4D6A8CADC7D6D9D0BFABA1
:107940009889807A756C5C472E1706010C2954863D
:10795000B6DCF4FDF6E4CDB6A3968E8A8377675243
:107960003E2C23283B587A9BB5C4C5B8A389725FC7
:10797000575A636D777C7E7D7A7A808EA2B8CDDB94
:10798000DDD2B89368401F0C070F20364B5E6D7D2B
:10799000347870236036B223816EF4237A21372441
:1079A0002E507A2483FBBD2460240225AECB4625CD
:1079B00058F28B254A99D12572C11726BF6B5E26D6
:1079C0002399A526924AED26FF803527633D7E2721
:1079D000B480C727EF4B11280EA05B28107EA62885
:1079E000F4E6F128BCDB3D296C5D8A290A6DD729B4
:1079F0009B0B252A2A3A732AC2F9C12A6F4B112BF5
:107A00004130612B49A9B12B99B7022C475C542C0A
:107A10006998A62C196DF92C71DB4C2D8FE4A02DE3
:107A20009189F52D99CB4A2ECAABA02E492BF72E62
:107A30003F4B4E2FD40CA62F3571FE2F8F79573028
:107A40001327B130F27A0B31637666319B1AC2315B
:107A5000D4681E3248627B323708D932DE5B373356
:107A6000825E96336611F633D27556340F8DB73475
:107A7000675819352BD97B35AA10DF3537004336C7
:107A800027A9A736D30C0D37952C7337C909DA37D8
:107A9000D0A541380B02AA38DF1F1339B3007D3956
:107AA000F0A5E7390411533A5C43BF3A6B3E2C3BD7
:107AB000A5039A3B8294083C7AF2773C0A1FE83C83
:107AC000B21B593DF4E9CA3D548B3D3E5A01B13ECB
:107AD000904D253F85719A3FC76E1040EB46874019
:107AE00086FBFE40328E77418900F1412C546B4277
:107AF000BB8AE642DDA5624339A7DF437A905D4445
:107B00004E63DC4467215C4578CCDC453B665E46D1
:107B100069F0E046010001000100010001000100E0
:107B2000010001000100010001000100010001004D
:107B3000010001000100010001000100010002003C
:107B40000200020002000200030003000300040020
:107B500004000400050005000600060007000800F8
:107B6000080009000A000B000C000D000E001000B8
:107B7000110013001400160018001B001D00200047
:107B80002300260029002D00310036003A00400075
:107B900046004C0053005A0062006B0075008000E4
:107BA0008B009800A600B500C500D700EA00FF00D2
:107BB00000010001000100010001000100010001BD
:107BC00000010001000100010001000100010001AD
:107BD000000100010001000100010001000100019D
:107BE000000100010001000100010001000100018D
:107BF000000100010001000100010001000100017D
:107C0000000100010001000100010001000100016C
:107C1000000100010001028028804F807880A1804F
:107C2000CC80F980268155818681B881EB812082C4
:107C300056828F82C882048341838083C1830484F7
:107C400049849084D98425857285C2851486688686
:107C5000BF8619877587D3873588998800896A898F
:107C6000D689468ABA8A308BAA8B278CA78C2B8D13
:107C7000B38D3E8ECD8E608FF78F92903191D491DF
:107C80007C922893D8938D9447950596C8969097A3
:107C90005D982F99069AE29AC49BAB9C989D8A9E08
:107CA000829F7FA082A18BA29AA3AFA4CAA5EBA6B4
:107CB00012A83FA972AAACABECAC32AE7FAFD2B087
:107CC0002CB28BB3F1B45EB6D1B74AB9CABA50BCC4
:107CD000DCBD6EBF07C1A5C24AC4F5C5A5C75BC957
:107CE00017CBD9CCA0CE6CD03DD214D4EFD5CFD702
:107CF000B4D99DDB8ADD7CDF71E169E366E565E788
:107D000067E96CEB74ED7EEF89F197F3A6F5B7F7B1
:107D1000C8F9DAFBEDFD00001302260438064A0814
:107D20005A0A690C770E83108D12941499169B18B9
:107D30009B1A971C901E8520762263244C2631289E
:107D4000112AEC2BC32D942F61312733E934A5364A
:107D50005B380C3AB63B5B3DFA3E92402542B1435C
:107D60003745B6462F48A2490F4B754CD54D2E4F7F
:107D70008150CE51145354548E55C156EE57165956
:107D8000365A515B665C755D7E5E815F7F607661B1
:107D9000686255633C641E65FA65D166A3677068C6
:107DA0003869FB69BA6A736B286CD96C856D2C6E67
:107DB000CF6E6E6F0970A0703371C2714E72D57242
:107DC0005973DA735774D0744775BA752A769776F3
:107DD00001776877CC772D788C78E8784179987935
:107DE000EC793E7A8E7ADC7A277B707BB77BFC7BE2
:107DF0003F7C807CBF7CFC7C387D727DAA7DE07DF1
:107E0000157E497E7B7EAB7EDA7E087F347F5F7F86
:107E1000887FB17FD87FD87F000001FF01FE01FD80
:107E200002FC02FB04FA06F909F80CF710F615F546
:107E30001CF423F32BF235F141F04DEF5CEE6CEDC9
:107E40007EEC91EBA7EABFE9D9E8F5E713E734E662
:107E500058E57EE4A7E3D2E201E232E167E09FDF8A
:107E6000DADE18DE5ADDA0DCE9DB36DB86DADBD9C8
:107E700034D991D8F2D757D7C1D62FD6A2D51AD593
:107E800096D417D49DD328D3B9D24ED2E9D18AD172
:107E900030D1DBD08DD044D001D0C4CF8DCF5CCFDA
:107EA00032CF0ECFF0CED9CEC9CEBFCEBDCEC1CE51
:107EB000CCCEDECEF8CE19CF41CF71CFA8CFE7CF51
:107EC0002ED07DD0D3D032D199D108D27FD2FFD25B
:107ED00088D319D4B3D455D501D6B5D673D73AD8EB
:107EE0000AD9E3D9C6DAB3DBA9DCA9DDB2DEC6DF85
:107EF000E4E00CE23EE37AE4C1E512E76EE8D4E99F
:107F000046EBC2EC49EEDBEF79F121F3D5F495F6BF
:107F100060F836FA18FC06FE000005021804360662
:107F20006008970ADB0C2B0F8711F1136716EA180C
:107F30007A1B181EC2207A233F261229F22BE02E2C
:107F4000DC31E634FD37233B573E9941EA4448484B
:107F5000B64B324FBD525656FF59B65D7D615365E3
:107F600038692C6D307143756779997DFF7FFF7F8C
:107F7000FF7FFF7FFF7FFF7FFF7FFF7FFF7FFF7F11
:107F8000FF7FFF7FFF7FFF7FFF7FFF7FFF7FFF7F01
:107F9000FF7FFF7FFF7FFF7FFF7FFF7FFF7FFF7FF1
:107FA000FF7FFF7FFF7FFF7FFF7FFF7FFF7FFF7FE1
:107FB000FF7FFF7FFF7FFF7FFF7FFF7FFF7FFF7FD1
:107FC000FF7FFF7FFF7FFF7FFF7FFF7FFF7FFF7FC1
:107FD000FF7FFF7FFF7FFF7FFF7FFF7FFF7FFF7FB1
:107FE000FF7FFF7FFF7FFF7FFF7FFF7FFF7FFF7FA1
:107FF000FF7FFF7FFF7FFF7FFF7FFF7FFF7FFF7F91
:10800000FF7FFF7FFF7FFF7FFF7FFF7FFF7FFF7F80
:10801000FF7FFF7FFF7FFF7FFF7F000000000000EA
:108020000000000000000000000000000000000050
:108030000000000000000000000000000000000040
:108040000000000000000000000000000000000030
:10805000000000000000000000000000100100050A
:10806000547154B58824249B0001009C00F0B8038F
:108070005401080044001000880088FC806044D847
:1080800040F0446444B444BC908044FC44F4100187
:108090000801A00044100802908450FC44EC50F108
:1080A000009C10F1449C448C40BC446C10910078BE
:1080B000A40C001C806E206E00FC44CC20FC64CC20
:1080C00044B41081007C880C286CA802900288902F
:1080D000009C200200F028000010000244F8241C3C
:1080E00044184870049C048C40F2442C54104030D6
:1080F000B0011001542850204438848C64C45000CE
:1081000040B2041C003808082828A80240720C104D
:108110000C921001E09044000000A060080E8082E4
:108120002810E0000C02800338008860884818009E
:10813000280000EC44281011200E08FC04FC00FE6E
:1081400000FD80FC40FC20FC10FC00C000E0007042
:1081500000380018001C008C00C4FCFF0000000068
:10816000000000000000000000000000000000000F
:1081700000000000000000000000000000000000FF
:1081800000000000000000000000000000000000EF
:1081900000000000000000000000000000000000DF
:1081A00000000000000000000000000000000000CF
:1081B00000000000000000000000000000000000BF
:1081C00000000000000000000000000000000000AF
:1081D000000000000000000000000000000000009F
:1081E000000000000000000000000000000000008F
:1081F000000000000000000000000000000000007F
:10820000000000000000000000000000000000006E
:108210000000000000000000FCFF00810A812781AF
:1082200059819C81F7816082E18273831984D384B0
:108230009D857E86708773888C89B48AF08B3D8D8E
:108240009E8E0E9090912493C7947D964298179A93
:10825000FC9BF19DF49F08A228A457A696A8DFAA2C
:1082600039AD9DAF0EB28CB415B7AAB94ABCF2BEF7
:10827000A8C165C42CC7FCC9D4CCB5CF9CD28CD5C1
:1082800080D87DDB7EDE83E191E49FE7B3EACAED2F
:10829000E4F0FFF31EF73EFA5EFD7E00A103C10687
:1082A000DF09FE0C1B1034134B165F196E1C791F6F
:1082B000812281257E28722B622E4A312934023791
:1082C000D239983C583F0A42B5445447EA49714C68
:1082D000EF4E6251C6531D566A58A65AD55CF75EDA
:1082E0000A610D630265E766BC68826A356CDB6D06
:1082F0006E6FF0706172C0730E75497673778B780C
:108300008E79817A5F7B2C7CE57C8B7D1E7E9C7ECA
:10831000097F607FA77FD57FF57FFE7FF57FD57FC3
:10832000A77F607F097F9C7E1E7E8B7DE57C2C7CF9
:108330005F7B817A8E798B78737749760E75C073FF
:108340006172F0706E6FDB6D356C826ABC68E766D7
:1083500002650D630A61F75ED55CA65A6A581D5620
:10836000C6536251EF4E714CEA495447B5440A4234
:10837000583F983CD239023729344A31622E722B49
:108380007E2881258122791F6E1C5F194B163413BC
:108390001B10FE0CDF09C106A1037E005EFD3EFA44
:1083A0001EF7FFF3E4F0CAEDB3EA9FE791E483E13F
:1083B0007EDE7DDB80D88CD59CD2B5CFD4CCFCC9F9
:1083C0002CC765C4A8C1F2BE4ABCAAB915B78CB403
:1083D0000EB29DAF39ADDFAA96A857A628A408A271
:1083E000F49FF19DFC9B179A42987D96C794249325
:1083F00090910E909E8E3D8DF08BB48A8C897388FF
:1084000070877E869D85D38419847383E182608220
:10841000F7819C81598127810A8100810280028035
:10842000028002800280028002800280028002803C
:10843000028002800280028002800280028002802C
:10844000028002800280028002800280028002801C
:10845000028002800280028002800280028002800C
:1084600003800380038003800380038003800380F4
:1084700003800480048004800480058005800580DA
:108480000680068007800880088009800A800B80AB
:108490000C800E800F8011801380158018801B8047
:1084A0001E80228026802B80308037803E80468050
:1084B0004F8059806480718080809180A480BA80D0
:1084C000D280ED800D81308158818581B981F38121
:1084D00034827E82D28231839C8314849D8436854B
:1084E000E485A78683877A889089C88A268CAE8D92
:1084F000648F4C916D93CB956A98529B869E0BA28C
:10850000E8A51FAAB5AEABB304B9BFBEDAC452CB5F
:1085100022D241D9A7E047E815F003F80000FD0793
:10852000EB0FB917591FBF26DE2DAE34263B414154
:10853000FC46554C4B51E155185AF55D7A61AE64D5
:108540009667356A936CB46E9C705272DA733875A4
:10855000707686777D7859791C7ACA7A637BEC7B52
:10856000647CCF7C2E7D827DCC7D0D7E477E7B7EA4
:10857000A87ED07EF37E137F2E7F467F5C7F6F7F49
:10858000807F8F7F9C7FA77FB17FBA7FC27FC97FAB
:10859000D07FD57FDA7FDE7FE27FE57FE87FEB7FEC
:1085A000ED7FEF7FF17FF27FF47FF57FF67FF77F3E
:1085B000F87FF87FF97FFA7FFA7FFB7FFB7FFB7FF5
:1085C000FC7FFC7FFC7FFC7FFD7FFD7FFD7FFD7FCF
:1085D000FD7FFD7FFD7FFD7FFD7FFE7FFE7FFE7FB8
:1085E000FE7FFE7FFE7FFE7FFE7FFE7FFE7FFE7FA3
:1085F000FE7FFE7FFE7FFE7FFE7FFE7FFE7FFE7F93
:10860000FE7FFE7FFE7FFE7FFE7FFE7FFE7FFE7F82
:10861000FE7FFE7FFE7FFE7FFE7FFE7FFE7FFF7F71
:10862000EB6E626BF26805676665FC63B962936125
:1086300085608A5F9E5EC05DEE5C255C665BAE5ABF
:10864000FD595359AF5810587557DF564D56BF5501
:108650003455AD542854A7532853AB523152BA5114
:108660004451D0505E50EE4F804F134FA84E3F4EB6
:10867000D74D704D0A4DA64C434CE14B804B204BDF
:10868000C14A634A074AAB495049F5489C484348A8
:10869000EB4794473E47E84693463F46EB459745B0
:1086A0004545F344A14450440044B0436143124360
:1086B000C34275422742DA418D414141F540A9400C
:1086C0005E401340C83F7E3F343FEA3EA13E583EE5
:1086D0000F3EC73D7F3D373DEF3CA83C603C1A3C18
:1086E000D33B8C3B463B003BBA3A743A2F3AEA39CB
:1086F000A4395F391B39D63892384D380938C53717
:1087000081373D37FA36B63673362F36EC35A93514
:1087100066352335E0349D345A341834D5339233DA
:1087200050330E33CB32893246320432C23180317B
:108730003D31FB30B93077303530F22FB02F6E2F0E
:108740002C2FEA2EA72E652E232EE02D9E2D5B2D9D
:10875000192DD62C942C512C0E2CCB2B882B452B41
:10876000022BBF2A7C2A382AF529B1296D292A290A
:10877000E628A1285D281928D4278F274A2705270E
:10878000C0267A263426EE25A82562251B25D52469
:108790008D244624FF23B7236F232623DD22942232
:1087A0004B220122B7216D212221D7208C2040208D
:1087B000F31FA71F591F0C1FBE1E6F1E201ED01DAA
:1087C000801D2F1DDE1C8C1C391CE61B921B3D1BC3
:1087D000E81A911A3A1AE2198A193019D6187A1831
:1087E0001D18C017611701179F163C16D815731571
:1087F0000C15A3143814CB135D13EC127912041268
:108800008B111011921010108B0F010F720EDE0DD4
:10881000450DA40CFC0B4A0B8D0AC309E808F607AA
:10882000B2FF9AB16C84EF8877BB2107214FDE79C4
:10883000A8794B50070D64C66D9203802393C8C47A
:10884000F605914473705E7FF16E7244CF0A8CCF4F
:10885000869F45845C82FE98BAC2FFF6FD2B8E5837
:10886000AA75617F21756F593131B0028DD4D3ACB7
:108870003690A6811F82CE9055AB46CE9BF5391D12
:108880005741D95E81730A7E287E6C742162174934
:10889000732B780B5AEB1DCD75B2B59CC88C2D830C
:1088A00002800C83C68B749930ABFDBFD7D6BEEE69
:1088B000BE06001EC4336F478558AF66B371797921
:1088C000017E627FC77D6B7993728E69AD5E465281
:1088D000AB4430362227C91768083AF975EA46DCF6
:1088E000D5CE41C2A5B614AC9DA24A9A2093208D44
:1088F00049889584FF817C8002808580F8814E8440
:1089000079876A8B13906795569BD3A1D1A843B002
:108910001BB84DC0CEC890D189DAAEE3F3EC4DF66A
:10892000B2FF17097212B71BDB24D42D9736173FFD
:108930004947214F9356915D0F64FE69516FFB7358
:10894000EC77167B6C7DDF7E627FE87E657DCF7A7B
:108950001C774572456C1B65C85C5153C048233D6C
:108960008F301E23EF142A06FDF69BE742D834C948
:10897000B9BA1FADB7A0D795D18CFA859E81038077
:108980006481EB85B18DB698DFA6F6B7A1CB65E122
:10899000A6F8A7108D28673F3554F0659E73587C64
:1089A000627F387C9D72AF62EF4C47320A14EDF360
:1089B000F1D34DB6449DF88A3C815A81E38B8BA05C
:1089C0000DBE2CE2C9091E310F54976E457DBF7D47
:1089D0002E6F9152D72AB4FC33CEF5A5448A03807A
:1089E000BA89D7A667D36608AA3C6666087D1F7B4E
:1089F000DF5FD82F95F4F2BA74900680F18ED3BA67
:108A00006EF99D3A426C617FF76C00395DF21AAFE6
:108A1000BC85868543B043F8ED437576F87ACB4D37
:108A2000CB4D000816082C0843085A08710889081D
:108A3000A108B908D108EA0803091C0935094F093A
:108A4000690983099E09B809D309EF090B0A270AA6
:108A5000430A5F0A7C0A9A0AB70AD50AF30A120B7C
:108A6000310B500B6F0B8F0BAF0BD00BF10B120CAC
:108A7000340C560C780C9B0CBE0CE20C060D2A0D27
:108A80004F0D740D990DBF0DE60D0C0E330E5B0EE0
:108A9000830EAC0ED40EFE0E280F520F7D0FA80FC2
:108AA000D30F00102C1059108710B510E3101311BC
:108AB00042117211A311D411061238126B129E12B8
:108AC000D21206133C137113A713DE1316144E149F
:108AD0008614BF14F91434156F15AB15E715241659
:108AE0006216A016DF161F175F17A117E2172518C9
:108AF0006818AC18F11837197D19C4190C1A551AD1
:108B00009E1AE81A331B7F1BCC1B191C671CB71C51
:108B1000071D581DA91DFC1D501EA41EFA1E501F26
:108B2000A71F00205920B3200E216A21C721262229
:108B30008522E5224623A9230C247024D6243D2532
:108B4000A5250D267826E3264F27BD272C289C280F
:108B50000D297F29F329682ADE2A562BCE2B482C93
:108B6000C42C412DBF2D3E2EBF2E422FC52F4B3082
:108B7000D1305931E3316E32FB3289331834AA34A3
:108B80003C35D1356736FE3698373338CF386E39B5
:108B90000E3AB03A533BF93BA03C493DF43DA03E70
:108BA0004F3F0040B24066411D42D5428F434C4486
:108BB0000A45CA458D4652471848E148AD497A4AA8
:108BC0004A4B1B4CF04CC64D9F4E7A4F5850385173
:108BD0001A52FF52E653D054BD55AC569D5791588A
:108BE0008859825A7E5B7D5C7F5D845E8B5F966078
:108BF000A361B362C663DC64F665126731685469C9
:108C0000796AA26BCE6CFD6D306F66709F71DC72FD
:108C10001C746075A776F2774079927AE87B417D83
:108C20009F7E008042FF48FF4DFF54FF5AFF64FFC4
:108C30006AFF71FF7BFF80FF87FF8EFF92FF96FF29
:108C400099FF9AFF99FF9AFF95FF91FF8CFF84FF90
:108C50007CFF73FF68FF5FFF52FF47FF3BFF32FF60
:108C600026FF1EFF15FF0FFF0AFF07FF07FF08FF84
:108C70000DFF12FF1EFF27FF39FF47FF5CFF71FF4B
:108C800088FFA3FFBCFFD8FFF4FF11002F004900AD
:108C9000650080009700B000C200D500E300EF003F
:108CA000F800FD00FF7FFC00F800EF00E400D400B6
:108CB000C300AF009700810064004A002E0011003D
:108CC000F5FFD7FFBDFFA2FF88FF72FF5BFF48FFE4
:108CD00038FF28FF1CFF14FF0DFF07FF08FF06FFEA
:108CE0000BFF0EFF15FF1FFF25FF32FF3BFF48FF65
:108CF00052FF5EFF68FF73FF7DFF83FF8CFF92FFD3
:108D000095FF98FF9BFF9AFF98FF97FF91FF8EFFBB
:108D100087FF81FF7AFF72FF6AFF62FF5CFF53FFEC
:108D20004EFF47FF43FF3DFF3BFF39FF38FF37FF53
:108D300039FF3AFF3FFF41FF46FF4CFF51FF56FF0F
:108D40005FFF62FF6AFF6FFF75FF79FF7DFF81FFA5
:108D500084FF85FF85FF86FF85FF82FF81FF7CFF03
:108D60007AFF73FF6FFF6AFF65FF5FFF59FF56FFD2
:108D70004FFF4DFF48FF45FF43FF43FF40FF42FFCA
:108D800043FF45FF46FF4BFF4EFF52FF58FF5BFF7F
:108D900062FF67FF6AFF71FF73FF79FF7CFF7DFF52
:108DA00081FF82FF80FF83FF7FFF7FFF7BFF78FFD4
:108DB00075FF70FF6BFF66FF61FF5DFF57FF52FF9E
:108DC0004EFF4BFF47FF44FF43FF42FF40FF43FF7F
:108DD00043FF45FF49FF4CFF4FFF56FF59FF60FF20
:108DE00064FF69FF70FF74FF79FF7DFF7FFF84FFE1
:108DF00084FF85FF87FF85FF83FF80FF7FFF78FF6C
:108E000075FF6FFF6AFF63FF5DFF58FF50FF4CFF68
:108E100046FF42FF3DFF3CFF38FF37FF38FF39FF79
:108E20003BFF3EFF42FF02805680AD800881668195
:108E3000C58126828782E7824583A083F6834784A3
:108E40009184D584128548857985A685D185FD854F
:108E50002C866486A886FC866687E8878888488989
:108E60002A8A318B5B8CA78D118F94902992C8939D
:108E70006695F8967298C999F19ADF9B8B9CEF9C46
:108E8000079DD39C599CA09BB59AAB9995988D97BB
:108E9000AE961496DD95259604979298DD9AEF9DEF
:108EA000C9A164A6B0AB91B1E6B782BE34C5C2CB4E
:108EB000F3D18BD751DC10E09AE2CFE398E3EEE1F7
:108EC000DCDE7DDAFBD494CE92C74CC022B979B2F5
:108ED000B8AC3FA86AA584A4CAA560A954AF9BB743
:108EE0000CC267CE4FDC54EBF2FA990AB0199F27F7
:108EF000D233C43D01452E49104A8C47AB419B38C3
:108F0000AD2C531E1E0EB4FCCCEA28D988C8A5B9D6
:108F10002AADA8A3919D369BBE9C26A241ABBBB7B0
:108F200018C7BDD8F7EB000009144327E8384548B7
:108F3000BF54DA5D4263CA646F62585CD6525B46C6
:108F40007837D82634154C03E2F1ADE153D365C729
:108F500055BE74B8F0B5D2B6FFBA3CC22ECC61D8BB
:108F600050E667F50E05AC14B1239931F43D654820
:108F7000AC50A056365A7C5B965AC1574853874D21
:108F8000DE46B43F6E386C31052B83252421121E3A
:108F9000681C311C661DF01FAF2375280D2E3E3452
:108FA000CC3A7E411A486F4E50549C59375E11623C
:108FB00023656E67FC68DB69236AEC695269736834
:108FC0006B6755664B656064A7632D63F962116337
:108FD000756321640F6537668E6708699A6A386C15
:108FE000D76D6C6FEF705972A573CF74D675B87664
:108FF000787718789A78047958799C79D479037AB3
:109000002F7A5A7A877AB87AEE7A2B7B6F7BB97B84
:109010000A7C607CBB7C197D797DDA7D3B7E9A7E03
:10902000F87E537FAA7FAA7F00007EFF3DFF98FF56
:1090300015000E0083FF34FF8CFF18001A008BFF11
:109040002AFF7EFF19002A0094FF1FFF6DFF1A0000
:109050003D009EFF13FF58FF1C005300ACFF02FFB2
:1090600041FF1C006F00BCFFEFFE22FF1D009200BD
:10907000D3FFD5FEF9FE1D00C300F2FFB3FEBBFE19
:109080001F000A0123007DFE5BFE1F0083017600A6
:109090001CFEA9FD1F007C02300136FDD0FB1F0025
:1090A000DD054F04DDF7A2E7FE7FA2E7DCF7510400
:1090B000DC051F00D0FB35FD31017C022000A7FD3F
:1090C0001DFE7700810120005BFE7EFE22000A016A
:1090D0001E00BCFEB3FEF2FFC3001D00F9FED5FE6C
:1090E000D3FF92001D0022FFEFFEBCFF6F001C00AB
:1090F00041FF02FFACFF53001B005AFF11FF9FFF0F
:109100003D001A006DFF1FFF94FF2A0019007EFF2B
:109110002AFF8BFF1A0018008CFF34FF83FF0D001D
:10912000170097FF3DFF7EFF00001400A3FF45FFDF
:1091300079FFF5FF1200ADFF4CFF75FFEBFF0F004D
:10914000B6FF54FF71FFE0FF0F00BDFF5BFF6DFF37
:10915000D8FF0C00C4FF63FF6AFFCFFF0A00CAFFFD
:109160006AFF68FFC6FF0800D1FF6FFF66FFC0FF00
:109170000300D8FF76FF63FFB9FF0100DDFF7BFF2F
:1091800064FFB0FFFEFFE2FF83FF61FFAAFFFBFF6A
:10919000E6FF89FF61FFA3FFF7FFEBFF90FF60FF92
:1091A0009DFFF2FFF0FF96FF60FF96FFEFFFF4FFD9
:1091B0009CFF60FF90FFEBFFF7FFA3FF60FF8AFFBC
:1091C000E7FFF9FFABFF61FF84FFE0FFFFFFB1FFA7
:1091D00062FF7CFFDDFF0200B7FF64FF76FFD8FF70
:1091E0000300C0FF66FF6FFFD1FF0700C8FF67FFE6
:1091F00069FFCCFF0800D1FF69FF63FFC4FF0B00CC
:10920000D9FF6DFF5BFFBDFF0F00E0FF71FF54FF53
:10921000B6FF0F00EBFF75FF4CFFADFF1200F5FF2F
:1092200079FF45FFA2FF15000000001C001C001C78
:10923000C01C801D401E001FC01F80204021002236
:10924000C022802340240025C025802640270028F6
:1092500000280028C0288029402A002BC02B802C01
:10926000402D002EC02E802F40300031C031803282
:109270000034003400342834283428349E35143720
:109280008A38003A003A003AE83AD13BD13BD13B28
:10929000DD3CE83DF43E00400040004028402840CE
:1092A00028409E4114438A44004600460046E84652
:1092B000D147D147D147C048B049B049B049D84A51
:1092C000004C004C004C284C284C284C194D0A4EA0
:1092D0000A4E0A4EE84EC64FA55083518351835122
:1092E000005200520052055305530553D153D15338
:1092F000D153A954825582558255C1560058005801
:109300000058055905590559ED59D65AD65AD65A15
:10931000DC5BDC5BDC5BEE5C005E005E005E805F65
:10932000006180620064006400640064B0FFCAC130
:10933000797A7C7B5FC5030809232220B11EC9B955
:10934000BA535036C3C42A2924252621B21FC7B8D0
:10935000A5524F564E2D2E2F2B2C2827C0C6C8B7EE
:10936000A451191A7E7D000102061716BFB3E3E46B
:10937000A654550E7F808182838407D1BE86E2E5A4
:10938000FDCC370C0F0A0BA3A2A7ABD0BD85E1E63D
:10939000FED8D7D69D9E9FA0A1A8A9AAAEEAE9E7CC
:1093A000DAD9CECDD538F4F2747372F3BCEBEEE8B3
:1093B000DBCFD2D3C291CBF56F70716C3F1B9CEDAC
:1093C000059594F68F90D4346E6D68ACBB1C11EC8F
:1093D000789693328E8D3E3C3B666739B61D0DEF15
:1093E0007797878A8B8CF8636264653D151304F068
:1093F00076988889FAFBF9F76035696AAF1810F139
:1094000075999A9B92335E5D31613A6BB5FC12DCC3
:10941000DD40595A5C5B585741424344AD14E0DF8C
:10942000DE30B44D4C4B4A49484746450000B20037
:1094300065011802CB027E033104E40497054A0655
:10944000FD06B00763081609C9097C0A2F0BE20B59
:10945000950C480DFB0DAE0E610F1410C7107A115C
:109460002D12E01293134614F914AC155F1612175F
:10947000C51778182B19DE19911A441BF71BAA1C63
:109480005D1D101EC31E761F2920DC208F21422265
:10949000F522A8235B240E25C12574262727DA2769
:1094A0008D284029F329A62A592B0C2CBF2C722D6C
:1094B000252ED72E8A2F3D30F030A3315632093376
:1094C000BC336F342235D53588363B37EE37A1387B
:1094D0005439073ABA3A6D3B203CD33C863D393E7D
:1094E000EC3E9F3F52400541B8416B421E43D14381
:1094F00084443745EA459D4650470348B648694984
:109500001C4ACF4A824B354CE84C9B4D4E4E014F86
:10951000B44F67501A51CD518052335333532153B6
:109520000F53FD52EB52DA52C852B652A452925225
:1095300080526F525D524B5239522752165204528A
:10954000F251E051CE51BC51AB51995187517551F7
:109550006351515140512E511C510A51F850E7505E
:10956000D550C350B1509F508D507C506A505850C8
:109570004650345022501150FF4FED4FDB4FC94F32
:10958000B84FA64F944F824F704F5E4F4D4F3B4F99
:10959000294F174F054FF34EE24ED04EBE4EAC4E04
:1095A0009A4E894E774E654E534E414E2F4E1E4E6B
:1095B0000C4EFA4DE84DD64DC44DB34DA14D8F4DD7
:1095C0007D4D6B4D5A4D484D364D244D124D004D3D
:1095D000EF4CDD4CCB4CB94CA74C954C844C724CA9
:1095E000604C4E4C3C4C2B4C194C074CF54BE34B10
:1095F000D14BC04BAE4B9C4B8A4B784B664B554B7B
:10960000434B314B1F4B0D4BFC4AEA4AD84AC64AE2
:10961000B44AA24A914A7F4A6D4A5B4A494A374A4C
:10962000264A144A024AF049DE49CD49BB49A949B4
:10963000974985497349624950493E492C491A491D
:109640000849F748E548D348C148AF489E488C4888
:109650007A48684856484448334821480F48FD47EF
:10966000EB47D947C847B647A447924780476F475B
:109670005D474B473947274715470447F246E046C1
:10968000CE46BC46AA46994687467546634651462D
:1096900040462E461C460A46F845E645D545C34594
:1096A000B1459F458D457B456A45584546453445FE
:1096B00022451145FF44ED44DB44C944B744A64468
:1096C0009444824470445E444C443B4429441744CF
:1096D0000544F343E243D043BE43AC439A4388433B
:1096E00077436543534341432F431D430C43FA42A1
:1096F000E842D642C442B342A1428F428F428F42D7
:109700008F428F428F428F428F428F428F428F42D1
:109710008F428F428F428F428F428F428F428F42C1
:109720008F428F428F428F428F428F428F428F42B1
:109730008F428F428F428F428F428F4200009BFFA9
:1097400011FEC4FFEAFF0CFE78FF31001CFE21FF72
:109750006A0046FEC3FE8E0089FE64FE9B00E0FEAA
:109760000BFE8D0048FFC2FD5E00BEFF8CFD1200A7
:10977000390070FDA9FFB10078FD22FF1F01A6FD91
:1097800086FE770100FED7FDB1018AFE1CFDC201F5
:1097900049FF5CFC9E013F00A1FB36017601F2FA15
:1097A0007200040358FA22FF1E05D6F9DFFC5508A3
:1097B00078F92EF8240F3AF9D6E6BF39FE7FBE3984
:1097C000D5E63CF9230F2FF876F95708DEFCD7F9D8
:1097D0001C0524FF57FA05037000F4FA75013601E1
:1097E000A2FB3E009E015DFC48FFC2011CFD8AFEFB
:1097F000B201D5FD02FE760186FEA7FD1D0124FF04
:1098000077FDB100A9FF71FD380013008BFDBEFF8D
:109810005E00C2FD49FF8B000DFEDFFE9C0063FE73
:1098200089FE8E00C3FE47FE690021FF1DFE2F004A
:109830007AFF0CFEE8FFC5FF12FE9AFF00002EFE25
:1098400049FF28005AFEFFFE390097FEB9FE390095
:10985000DAFE84FE220021FF5EFEFDFF65FF4BFE67
:10986000C9FFA4FF49FE8DFFD6FF5CFE4CFFFAFF47
:109870007DFE0DFF0E00ABFED3FE1000E3FEA2FE48
:1098800003001EFF7DFEE7FF5AFF68FEBCFF92FF4C
:1098900065FE87FFC2FF70FE4FFFE5FF8BFE15FFE1
:1098A000FBFFB3FEDDFE0300E2FEB0FEF8FF1AFF91
:1098B0008AFEE1FF52FF74FEBAFF8AFF6BFE8BFF48
:1098C000B9FF74FE53FFDFFF8BFE1BFFF7FFB0FEF7
:1098D000E3FE0100DFFEB2FEFBFF16FF8AFEE5FF9E
:1098E00050FF6FFEC2FF88FF64FE92FFBCFF68FE60
:1098F0005BFFE6FF7DFE1EFF0400A1FEE2FE1200FC
:10990000D2FEABFE0F000CFF7DFEFAFF4DFF5BFEAB
:10991000D6FF8DFF4AFEA3FFC9FF4CFE64FFFDFF8B
:109920005EFE21FF220085FED9FE3900BAFE95FEBB
:109930003B00FEFE5AFE28004AFF2DFE00000000FC
:10994000C9015A03AA04B0056806CA06D4068206ED
:10995000D205C8046003A00191FF32FD8FFAB2F76F
:10996000A4F470F127EED0EA7EE740E423E135DE8F
:109970008BDB2ED92BD798D577D4DBD3C9D34ED454
:109980006BD52AD78CD991DC3BE084E469E9E0EE21
:10999000E6F466FB5F02B90969115A198021C129F1
:1099A00009324B3A6842544AF45138590C605D66AA
:1099B0001B6C36719F754E79367C4C7E927FFE7F94
:1099C000927F4C7E367C4D79A17535711B6C5C663F
:1099D0000D603859F551524A6A42493A0B32C02952
:1099E0007F215B196911BA095D0268FBE4F4E1EEBD
:1099F00069E984E43AE093DC8BD92AD76BD54ED45D
:109A0000C9D3DAD379D496D52DD72DD98ADB36DED2
:109A100023E140E47EE7D1EA25EE71F1A4F4B2F748
:109A20008FFA32FD91FFA0016003C704D3058206BF
:109A3000D406CB066706B005AA045903CA01000084
:109A400008FEE8FBB1F966F715F5C9F28CF064EE93
:109A500060EC84EAD9E864E72EE638E586E419E4A8
:109A6000F7E318E47DE427E50DE62DE77FE8FEE95E
:109A7000A4EB64ED3CEF1FF108F3EAF4C0F681F8C3
:109A800023FAA5FBFAFC1DFE10FFC7FF430084006C
:109A900083004A00D2FF21FF3AFE22FDDEFB74FA6A
:109AA000E9F846F793F5D7F317F260F0B6EE24ED38
:109AB000ADEB5AEA31E934E86FE7DCE685E666E6C5
:109AC00085E6DCE66EE736E830E95AEAADEB23EDF1
:109AD000B7EE60F018F2D6F392F547F7E9F874FAAA
:109AE000DEFB22FD3AFE22FFD1FF49008400840004
:109AF0004300C7FF0FFF1FFEF9FCA4FB25FA80F807
:109B0000C0F6EAF407F320F13CEF65EDA2EB00EAC2
:109B10007EE82DE70CE628E57DE419E4F5E31AE498
:109B200086E438E52EE664E7D9E884EA60EC64EE82
:109B30008CF0C8F217F565F7B0F9EAFB07FE0000F4
:109B40000080008000800080008000800080008015
:109B50000080008000800080008000800080008005
:109B600000804D782D71916A6F64BD5E705981548B
:109B7000E84F9E4B9D47DE435E40163D043A223738
:109B80006D34E3317F2F3F2D222B232942277C2563
:109B9000CF233A22BB20501FF91DB51C811B5D1A33
:109BA0004819411848175B167915A314D6131413D6
:109BB0005B12AA1102116210C80F360FAA0E250EF1
:109BC000A50D2B0DB60C470CDC0B750B130BB50A52
:109BD0005B0A040AB10961091509CB088508410827
:109BE0000008C10784074A071207DC06A9067706A2
:109BF00046061806EB05C00597056E0548052205C3
:109C0000FE04DB04B904990479045B043D042104D7
:109C10000504EB03D103B803A003880372035C03BC
:109C2000460332031E030A03F702E502D302C2020F
:109C3000B202A102920282027402650257024A0233
:109C40003C023002230217020B020002F501EA0176
:109C5000DF01D501CB01C101B801AE01A5019D0114
:109C600094018C0184017C0174016D0165015E0128
:109C7000570150014A0143013D01370131012B01D8
:109C8000250120011A01150110010B010601010136
:109C9000FC00F700F300EE00EA00E600E200DE0060
:109CA000DA00D600D200CF00CB00C700C400C1004C
:109CB000BD00BA00B700B400B100AE00AB00A80010
:109CC000A500A200A0009D009B00980096009300B4
:109CD00091008F008C008A0088008600840082003A
:109CE00080007E007C007A007800760074007200AC
:109CF00071006F006D006C006A006800670065000D
:109D000064006200610060005E005D005C005A005B
:109D1000590058005600550054005300520051009D
:109D20004F004E004D004C004B004A0049004800D7
:109D30004700460045004400430042004200410005
:109D400040000000F7FDE6FB11FB00FC2FFE520077
:109D500017010100A6FD70FBBAFA00FC8AFED800CC
:109D60007A01FFFF3EFDD8FA4AFA00FC04FF8701A2
:109D7000FC010000B0FC07FAB1F9FFFBADFF830264
:109D8000B6020100E0FBD1F8C8F801FCB1000E04F6
:109D9000E203FFFF8AFAC5F63AF7FFFB8B02E806FB
:109DA00017060100D2F779F2CCF300FCFF06380E5B
:109DB0002A0C0000FEEEE4E291E500FCFB22774F66
:109DC000A572FD7FA572784FFA2200FC92E5E3E2CE
:109DD000FEEE00002B0C370EFF0600FCCCF37AF2EF
:109DE000D2F7FFFF1906E7068B0200FC38F7C7F62B
:109DF00089FA0000E1030E04B20000FCC8F8D1F8B3
:109E0000E1FB0000B6028302ADFF00FCB0F907FAE7
:109E1000B0FC0100FB01880103FF00FC4AFAD9FAFB
:109E20003CFD01007A01D6008BFE01FCB9FA71FB02
:109E3000A5FD00001901510030FEFFFB11FBE7FBFF
:109E4000F6FD0000CC00E7FFE6FD00FC57FB45FCFB
:109E50003BFEFFFF8C008FFFAAFD00FC90FB98FCEF
:109E600072FEFFFF560045FF74FD00FCC4FBDDFCE5
:109E7000A4FEFFFF260002FF47FDFFFBF1FB1DFDD7
:109E8000CFFE0000FAFFC6FE1DFD00FC19FC57FDC9
:109E9000F8FEFFFFD4FF8DFEF6FC00FC3FFC8EFDBC
:109EA0001DFF0100ACFF5AFED0FC00FC65FCC0FDAC
:109EB00043FFFFFF8AFF26FEABFC01FC89FCF3FD9C
:109EC00066FFFFFF66FFF4FD88FC01FCACFC25FE8D
:109ED0008AFF000041FFC2FD64FC00FCD1FC59FE7A
:109EE000ADFF00001DFF8EFD3FFC01FCF5FC8DFE6B
:109EF000D4FF0000F7FE57FD19FC01FC1CFDC6FE57
:109F0000FAFF0100CEFE1DFDF1FB00FC46FD02FF45
:109F100026000000A3FEDEFCC3FBFFFB76FD45FF31
:109F20005400010072FE96FC92FBFFFBAAFD8FFF1E
:109F30008C0000003AFE46FC56FB00FCE6FDE8FF04
:109F4000CB0000000A000A000A002F007400B800CD
:109F5000FC0041018501C8010C0250029302D702A6
:109F60001A035E03A103E40327046A04AC04EF04AC
:109F700032057405B705F9053B067E06C0060207E3
:109F800044078607C8070A084C088D08CF0811093E
:109F900052099409D509170A580A9A0ADB0A1C0BB8
:109FA0005E0B9F0BE00B210C620CA30CE50C260D45
:109FB000670DA80DE80D290E6A0EAB0EEC0E2D0FE5
:109FC0006E0FAE0FEF0F30107010B110F210321193
:109FD0007311B411F41135127512B612F61237134B
:109FE0007713B813F81338147914B914FA143A150E
:109FF0007A15BB15FB153B167B16BC16FC163C17D9
:10A000007D17BD17FD173D187D18BE18FE183E19A7
:10A010007E19BE19FE193F1A7F1ABF1AFF1A3F1B7D
:10A020007F1BBF1BFF1B3F1C7F1CBF1CFF1C3F1D5A
:10A030007F1DBF1D001E3F1E7F1EBF1EFF1E3F1F38
:10A040007F1FBF1FFF1F3F207F20BF20FF203F211A
:10A050007F21BE21FE213E227E22BE22FE223D2302
:10A060007D23BD23FD233D247C24BC24FC243C25EE
:10A070007B25BB25FB253A267A26BA26F9263927E1
:10A080007927B827F82737287728B628F6283529DA
:10A090007529B429F429332A732AB22AF12A312BDB
:10A0A000702BAF2BEF2B2E2C6D2CAC2CEC2C2B2DE6
:10A0B0006A2DA92DE82D272E662EA52EE42E232FFE
:10A0C000622FA12FE02F1F305D309C30DB301A3122
:10A0D00058319731D531143252329132CF320D335B
:10A0E0004C338A33C833063444348234C034FE34AB
:10A0F0003C357A35B835F53533367036AE36EB3615
:10A1000028376637A337E0371D385A389738D338A1
:10A1100010394C398939C539013A3E3A7A3AB63A5A
:10A12000F13A2D3B693BA43BDF3B1B3C563C913C49
:10A13000CC3C063D413D7B3DB53DEF3D293E633E78
:10A140009D3ED63E0F3F00000A00150020002B0068
:10A15000360041004C00570062006D00780083001B
:10A160008E009900A400AF00B900C400CF00DA004F
:10A17000E500F000FB00060111011C01270132017E
:10A180003D01480153015E01690173017E018901AE
:10A1900094019F01AA01B501C001CB01D601E101E3
:10A1A000EC01F70102020D02180223022D0238020F
:10A1B00043024E02590264026F027A028502900243
:10A1C0009B02A602B102BC02C702D202DD02E70274
:10A1D000F202FD02080313031E03290334033F03A5
:10A1E0004A03550360036B03760381038C039703D3
:10A1F000A103AC03B703C203CD03D803E303EE030B
:10A20000F90304040F041A04250430043B04460433
:10A2100051045B04660471047C04870492049D0469
:10A22000A804B304BE04C904D404DF04EA04F5049A
:10A2300000050B05150520052B05360541054C05C8
:10A24000570562056D05780583058E059905A405FA
:10A25000AF05BA05C505CF05DA05E505F005FB052F
:10A26000060611061C06270632063D06480653065A
:10A270005E06690674067F06890694069F06AA068E
:10A28000B506C006CB06D606E106EC06F7060207C1
:10A290000D07180723072E07390743074E075907ED
:10A2A00064076F077A07850790079B07A607B10722
:10A2B000BC07C707D207DD07E807F307FD07080853
:10A2C00013081E08290834083F084A085508600882
:10A2D0006B08760881088C089708A208AD08B708B3
:10A2E000C208CD08D808E308EE08F90804090F09E8
:10A2F0001A09250930093B09460951095C09660913
:10A3000071097C09870992099D09A809B309BE0949
:10A31000C909D409DF09EA09F509000A0B0A160A76
:10A32000200A2B0A360A410A4C0A570A620A6D0AA9
:10A33000780A830A8E0A990AA40AAF0ABA0AC50AD9
:10A34000D00ADA0AE50AF00AFB0A060B110B1C0B0D
:10A35000270B320B3D0B480B530B5E0B690B740B39
:10A360007F0B8A0B940B9F0BAA0BB50BC00BCB0B6F
:10A37000D60BE10BEC0BF70B020C0D0C180C230C9D
:10A380002E0C390C440C4E0C590C640C6F0C7A0CCE
:10A39000850C900C9B0CA60CB10CBC0CC70CD20C01
:10A3A000DD0CE80CF30CFE0C080D130D1E0D290D31
:10A3B000340D3F0D4A0D550D600D6B0D760D810D61
:10A3C0008C0D970DA20DAD0DB80DC20DCD0DD80D94
:10A3D000E30DEE0DF90D040E0F0E1A0E250E300EC4
:10A3E0003B0E460E510E5C0E670E720E7C0E870EF3
:10A3F000920E9D0EA80EB30EBE0EC90ED40EDF0E29
:10A40000EA0EF50E000F0B0F160F210F2C0F360F53
:10A41000410F4C0F570F620F6D0F780F830F8E0F88
:10A42000990FA40FAF0FBA0FC50FD00FDB0FE60FB8
:10A43000F00FFB0F061011101C10271032103D10EA
:10A44000481053105E10691074107F108A10951018
:10A45000A010AA10B510C010CB10D610E110EC104F
:10A46000F71002110D11181123112E113911441179
:10A470004F115A1164116F117A11851190119B11AE
:10A48000A611B111BC11C711D211DD11E811F311E0
:10A49000FE11091214121E12291234123F124A120E
:10A4A000551260126B12761281128C129712A21240
:10A4B000AD12B812C312CD12D812E312EE12F91275
:10A4C00004130F131A13251330133B1346135113A0
:10A4D0005C13671372137D13871392139D13A813D4
:10A4E000B313BE13C913D413DF13EA13F513001407
:10A4F0000B14161421142C14371441144C14571433
:10A5000062146D14781483148E149914A414AF1467
:10A51000BA14C514D014DB14E614F114FB14061598
:10A5200011151C15271532153D15481553155E15C7
:10A53000691574157F158A159515A015AB15B515F8
:10A54000C015CB15D615E115EC15F71502160D162D
:10A55000181623162E16391644164F165A16651657
:10A560006F167A16851690169B16A616B116BC168F
:10A57000C716D216DD16E816F316FE1609171417BD
:10A580001F17291734173F174A17551760176B17EE
:10A59000761781178C179717A217AD17B817C3171F
:10A5A000CE17D917E317EE17F91704180F181A1852
:10A5B000251830183B18461851185C18671872187F
:10A5C0007D18881893189D18A818B318BE18C918B4
:10A5D000D418DF18EA18F51800190B1916192119E3
:10A5E0002C19371942194D19571962196D19781913
:10A5F00083198E19991999198E19831978196D195A
:10A60000621957194C19411936192B1920191519A6
:10A610000A19FF18F418E918DE18D318C818BD185D
:10A62000B218A7189C18911886187B18701865180E
:10A630005A184F18441839182E18231818180D18BE
:10A640000218F717EC17E117D617CA17BF17B41778
:10A65000A9179E17931788177D17721767175C172E
:10A66000511746173B17301725171A170F170417DE
:10A67000F916EE16E316D816CD16C216B716AC1696
:10A68000A11696168B16801675166A165F16541646
:10A6900049163E16331628161D1612160716FC15F7
:10A6A000F115E615DB15D015C515BA15AF15A415AE
:10A6B00099158E15831578156D15621557154C155E
:10A6C000411536152B15201515150A15FF14F41410
:10A6D000E914DE14D214C714BC14B114A6149B14CC
:10A6E000901485147A147A147A147A147A147A14D9
:10A6F0007A147A147A147A147A147A147A147A14EA
:10A700007A147A147A147A147A147A147A147A14D9
:10A710007A147A147A147A147A147A147A147A14C9
:10A720007A147A147A1480FD29FD11FF95008EFFAA
:10A730005EFD15FD29FFB9008CFF35FDFFFC44FFD0
:10A74000E4008AFF07FDE0FC65FF1A0188FFCCFCEE
:10A75000BCFC8DFF5D0186FF82FC8FFCBFFFB10159
:10A7600085FF24FC52FC02001F0285FFA5FBFFFBB6
:10A770005C00B90285FFF1FA88FBDF009D0384FFCE
:10A78000DFF9CFFAAD01100583FF0CF885F9270337
:10A79000D40782FF2FF4A3F6BA06320F82FFAEE68B
:10A7A0001DEA321C3A60FE7F3A60321C1EEAADE6BA
:10A7B00082FF310FBC06A1F631F481FFD4072703D5
:10A7C00086F90BF883FF1005AD01CFFADFF984FF9E
:10A7D0009D03DF0089FBF0FA84FFBA025D00FEFBF7
:10A7E000A5FB85FF1F02030051FC24FC85FFB0017F
:10A7F000C1FF8EFC82FC87FF5B018EFFBCFCCCFCA2
:10A8000088FF1A0165FFE1FC06FD8AFFE40045FFB1
:10A81000FDFC36FD8CFFBA0028FF15FD5EFD8EFFA6
:10A82000950011FF29FD81FD8FFF7600FDFE39FDAA
:10A830009DFD93FF5C00EAFE47FDB7FD95FF4600D6
:10A84000D9FE52FDCFFD97FF3200CBFE5CFDE2FD4D
:10A850009BFF2000BDFE65FDF4FD9FFF1000B0FED4
:10A860006BFD06FEA3FF0100A5FE70FD16FEA5FF11
:10A87000F7FF98FE76FD23FEABFFEAFF8EFE79FD23
:10A8800030FEB0FFE2FF80FE7DFD3DFEB6FFD7FF4C
:10A8900076FE7FFD49FEBBFFD0FF6BFE80FD54FEC0
:10A8A000C2FFC8FF60FE80FD60FEC8FFC2FF54FE0D
:10A8B00080FD6CFECFFFBAFF4AFE7FFD76FED8FF1B
:10A8C000B4FF3EFE7DFD81FEE1FFAFFF31FE7AFD6C
:10A8D0008CFEEBFFACFF22FE76FD98FEF6FFA7FF95
:10A8E00014FE72FDA3FE0300A2FF06FE6BFDB0FE88
:10A8F00010009FFFF4FD65FDBDFE20009BFFE2FD03
:10A900005CFDCBFE320097FFCFFD52FDD9FE460025
:10A9100095FFB7FD47FDEAFE5C0093FF9DFD39FD05
:10A92000FDFE760090FF80FD110012001300140060
:10A930001600170018001A001B001D001F00210040
:10A9400023002500270029002C002E0031003400B0
:10A9500037003A003E00420046004A004E005300D5
:10A9600058005D00630069006F0075007C00840082
:10A970008C0094009D00A600B000BB00C600D20071
:10A98000DE00EB00F9000801180129013A014D0130
:10A99000610176018C01A401BD01D701F30111020F
:10A9A0003102520275029B02C202EC0219034803F3
:10A9B0007A03AF03E70323046204A404EB0436051F
:10A9C0008505D90532069106F5065E07CF074508CD
:10A9D000C3084909D6096C0A0A0BB20B640C210D95
:10A9E000E80DBC0E9C0F891085118F12A913D41489
:10A9F00010165F17C118391AC71B6C1D2A1F0121B9
:10AA0000F522052535278429F62B8C2E48312C3448
:10AA10003A37743ADD3D7641424544497D4DEF5128
:10AA20009E568B5BB960F661F661F661F661F66180
:10AA3000F661F661F661F661F661F661F661F6615E
:10AA4000F661F661F661F661F661F661F661F6614E
:10AA5000F661F661F661F661F661F661F661F6613E
:10AA6000F661F661F661F661F661F661F661F6612E
:10AA7000F661F661F661F661F661F661F661F6611E
:10AA8000F661F661F661F661F661F661F661F6610E
:10AA9000F661F661F661F661F661F661F661F661FE
:10AAA000F661F661F661F661F661F661F661F661EE
:10AAB000F661F661F661F661F661F661F661F661DE
:10AAC000F661F661F661F661F661F661F661F661CE
:10AAD000F661F661F661F661F661F661F661F661BE
:10AAE000F661F661F661F661F661F661F661F661AE
:10AAF000F661F661F661F661F661F661F661F6619E
:10AB0000F661F661F661F661F661F661F661F6618D
:10AB1000F661F661F661F661F661F661F661F6617D
:10AB2000F661F661F661F661F66100002FEA937353
:10AB3000110DBF72FEB7EB7122E81971B29A49701C
:10AB4000E5CC7A6FF87BAD6E2FA5E16DD145176D21
:10AB50002A5B4E6C8DE2866B4ED9C06ACB3CFC6999
:10AB6000630A39697B3F77687ED9B667D9D5F766BE
:10AB700000323A666CEB7D6599FFC264086C09642B
:10AB8000402E5163CA439A6237AAE461185F30616C
:10AB900008607D60A1AACB5F853C1B5F5A136C5E89
:10ABA000C72CBE5D7D86115D2C1E665C8AF1BB5B89
:10ABB00054FE125B46426B5A25BBC459B7661F59F7
:10ABC000C8427B58264DD857A58336571CE4955666
:10ABD000666CF655631A5855F5EBBA5404DF1E54EB
:10ABE0007AF183534721EA525C6C5152AFD0B9518C
:10ABF0003C4C2351FFDC8D50FA80F94F3336664FC1
:10AC0000B1FAD34E81CC424EB4A9B24D5D90234DE2
:10AC1000937E954C7072084C126A7C4B9C63F14A8F
:10AC2000335D674AFE54DE4929495649E437CF4827
:10AC3000611F4948D6FDC3477DD13F479198BC4627
:10AC400052513A4603FAB845EB9038455214B9448C
:10AC500085823A44D4D9BC4391184043123DC44242
:10AC6000B0454942C730CF41B5FC5541DCA7DD4076
:10AC7000A23066406F95EF3FACD4793FC8EC043FFB
:10AC800033DC903E61A11D3EC83AAB3DE1A6393DA3
:10AC900028E4C83C1CF1583C3ECCE93B14747B3B97
:10ACA00022E70D3BF423A13A1629353A17F5C939A5
:10ACB0001E00200022002400260028002B002D006A
:10ACC00030003300360039003C00400044004800AA
:10ACD0004C00510056005B00600066006C00720082
:10ACE00079008100880090009900A200AC00B600B5
:10ACF000C100CC00D800E500F300020111012101E0
:10AD00003201450158016C0182019901B101CB0169
:10AD1000E70104022202430265028A02B002D9025C
:10AD20000503330363039703CE0308044504860435
:10AD3000CB0414056105B3050A066606C7062F078E
:10AD40009C0710088B080D099609280AC30A330BC3
:10AD5000330B330B330B330B330B330B330B330B03
:10AD6000330B330B330B330B330B330B330B330BF3
:10AD7000330B330B330B330B330B330B330B330BE3
:10AD8000330B330B330B330B330B330B330B330BD3
:10AD9000330B330B330B330B330B330B330B330BC3
:10ADA000330B330B330B330B330B330B330B330BB3
:10ADB0000000000000000000000000000000000093
:10ADC0000000000000000000000000000000000083
:10ADD000000002000200030003000400050006005A
:10ADE000070008000A000C000E00110014001800F3
:10ADF00000000300040005000600070009000A0027
:10AE00000C000F00120015001A001F0025002D0075
:10AE10000000040005000600080009000B000D00FA
:10AE20001000130017001C002200280031003A0017
:10AE3000000005000600070008000A000C000F00D3
:10AE40001100150019001E0024002C0035003F00E1
:10AE50000000040005000600080009000B000D00BA
:10AE60001000130017001C002200280031003A00D7
:10AE700000000300040005000600070009000A00A6
:10AE80000C000F00120015001A001F0025002D00F5
:10AE90000000020002000300030004000500060099
:10AEA000070008000A000C000E0011001400180032
:10AEB0000000000000000000000000000000000092
:10AEC0000000000000000000000000000000000082
:10AED0000000FEFFFEFFFDFFFDFFFCFFFBFFFAFF92
:10AEE000F9FFF8FFF6FFF4FFF2FFEFFFECFFE8FFDA
:10AEF0000000FDFFFCFFFBFFFAFFF9FFF7FFF6FF85
:10AF0000F4FFF1FFEEFFEBFFE6FFE1FFDBFFD3FF16
:10AF10000000FCFFFBFFFAFFF8FFF7FFF5FFF3FF70
:10AF2000F0FFEDFFE9FFE4FFDEFFD8FFCFFFC6FF34
:10AF30000000FBFFFAFFF9FFF8FFF6FFF4FFF1FF57
:10AF4000EFFFEBFFE7FFE2FFDCFFD4FFCBFFC1FF2A
:10AF50000000FCFFFBFFFAFFF8FFF7FFF5FFF3FF30
:10AF6000F0FFEDFFE9FFE4FFDEFFD8FFCFFFC6FFF4
:10AF70000000FDFFFCFFFBFFFAFFF9FFF7FFF6FF04
:10AF8000F4FFF1FFEEFFEBFFE6FFE1FFDBFFD3FF96
:10AF90000000FEFFFEFFFDFFFDFFFCFFFBFFFAFFD1
:10AFA000F9FFF8FFF6FFF4FFF2FFEFFFECFFE8FF19
:10AFB000FFFFFFFFFFFFFFFFFFFFFFFFFFFFFFFFA1
:10AFC000FFFFFFFFFFFFFFFFFFFFFFFFFFFFFFFF91
:10AFD000FFFFFFFFFFFFFFFFFFFFFFFFFFFFFFFF81
:10AFE000FFFFFFFFFFFFFFFFFFFFFEFFFEFFFEFF74
:10AFF000FEFFFEFFFEFFFDFFFDFFFDFFFCFFFCFF70
:10B00000FCFFFBFFFBFFFAFFF9FFF9FFF8FFF7FF7B
:10B01000F6FFF5FFF3FFF2FFF0FFEEFFECFFEAFFB4
:10B02000E7FFE4FFE1FFDDFFD9FFD4FFCFFFC9FF5A
:10B03000C3FFBBFFB3FFA9FF9FFF93FF86FF77FF0F
:10B0400066FF53FF3EFF26FF0CFFEEFECCFEA7FE81
:10B050007DFE4DFE18FEDCFD9AFD4FFDFAFC9CFCCA
:10B0600032FCBBFB36FBA0FAF8F93CF969F87CF737
:10B0700073F64AF5FDF388F2E6F012EF05EDBBEA50
:10B080002BE84DE519E284DE85DA0FD616D18BCB9D
:10B0900060C585BEE8B676AE1CA5C79A608FD4821F
:10B0A0000E75FB658A55AD435C30951B5E0500004F
:10B0B0000000000043B301085DB6010800385741A5
:10B0C0005645000050B201080006424954530000A2
:10B0D000E8B1010800065241544500002CB20108B5
:10B0E000000F8F54494D0000B4B6010800015453BD
:10B0F0005243000048B20108000654444C59000075
:10B10000FCB7010800014D4554410000B4B00108EE
:10B11000000352414E47000024B7010800044F438A
:10B120005456000004B201080030514E545A000039
:10B1300038B701080001464C41540000B4B0010882
:10B14000000444524654000018B201080004534958
:10B15000474E000018B20108000242524947000061
:10B1600064B60108000F8F4154540000B4B60108C2
:10B17000000F8F4445430000B4B60108000F8F460E
:10B180004D200000B4B60108000F8F434F4C000063
:10B19000B4B6010800018F5643410000B4B0010865
:10B1A00000014E5652540000B4B00108000B524F3B
:10B1B0004F540000F4B6010800044D544F20000025
:10B1C000A0B60108000043414C2E00000000000022
:10B1D0000000202020200000000000000000763247
:10B1E0002E30000000000000C9B40108CEB40108F0
:10B1F000D3B40108D8B40108DDB40108E2B40108F1
:10B20000E6B4010892B3010895B301080BB6010832
:10B2100010B6010815B6010843B301080DB60108C0
:10B2200012B6010817B6010858B60108A6B40108FD
:10B23000ABB40108B0B40108B5B40108BAB4010850
:10B24000BFB40108C4B4010898B30108B1B3010840
:10B25000EBB40108F0B40108F5B40108FAB4010830
:10B26000FFB4010804B5010809B501080EB50108CD
:10B2700013B5010818B501081DB5010822B501086C
:10B2800027B501082CB5010831B5010836B501080C
:10B290003BB5010840B5010845B501084AB50108AC
:10B2A0004FB5010854B5010859B501085EB501084C
:10B2B00063B5010868B501086DB5010872B50108EC
:10B2C00077B501087CB5010881B5010886B501088C
:10B2D0008BB5010890B5010895B501089AB501082C
:10B2E0009FB50108A4B50108A9B50108AEB50108CC
:10B2F000B3B50108B8B50108BDB50108C2B501086C
:10B30000C7B50108CCB50108D1B50108D6B501080B
:10B31000DBB50108E0B50108E5B50108EAB50108AB
:10B32000EFB50108F4B50108F9B50108FEB501084B
:10B3300003B60108446200456200476200416200B2
:10B340004262004F46462000202035732000203105
:10B3500030732000203135732000203230732000FC
:10B36000FF20202000FFFF202000FFFFFFFF004EF6
:10B370004F4E45003132357500323530750035306D
:10B38000307500316D732000326D732000346D73A1
:10B3900020002D32002D31004558542E00465245D4
:10B3A000450058544E440034343020004C464F2061
:10B3B000004155544F0053454D4900494F4E4900F7
:10B3C000444F52490050485259004C594449004D8D
:10B3D00049584F0041454F4C004C4F435200424C9E
:10B3E000552B00424C552D0050454E2B0050454EDC
:10B3F0002D00464F4C4B004A4150410047414D45BE
:10B400000047595053004152414200464C414D00C3
:10B4100057484F4C00505954480045422F3400457E
:10B42000202F340045412F34004248414900475500
:10B430004E41004D41525700534852490050555219
:10B44000560042494C410059414D41004B4146494B
:10B45000004248494D004441524200524147450094
:10B460004B48414D004D494D410050415241005221
:10B47000414E470047414E47004B414D450050412A
:10B480004B41004E415442004B41554E0042414910
:10B49000520042544F44004348414E004B544F44E5
:10B4A000004A4F474500344B485A00384B485A0031
:10B4B00031364B200032344B200033324B200034E5
:10B4C000384B200039364B20003242495400334279
:10B4D00049540034424954003642495400384249E4
:10B4E000540031324200313642200043534157006C
:10B4F0005E888D5F00888A8C8D00464F4C44008E9C
:10B500008E8E8E005355428C0053554288005359FD
:10B510004E8C0053594E880088887833008C5F78B1
:10B5200033002F5C783300534978330052494E473B
:10B530000088884348008C5F4348002F5C434800E4
:10B540005349434800575443480088887836008C54
:10B550005F7836002F5C78360053497836005754B0
:10B56000783600888988890088888E8E00544F59E3
:10B570002A005A4C5046005A504B46005A425046F8
:10B58000005A48504600564F534D00564F574C00F6
:10B5900056464F46004841524D00464D2020004639
:10B5A00042464D005754464D00504C554B00424FBB
:10B5B000574400424C4F5700464C55540042454CAE
:10B5C0004C004452554D004B49434B0043594D42AA
:10B5D00000534E4152005754424C00574D415000C9
:10B5E000574C494E0053414D310053414D32004EAE
:10B5F0004F49530054574E5100434C4B4E00434C5F
:10B600004F5500505254430020202030002020206D
:10B610003100202020320020202033002020203440
:10B620000020202035002020203600202020370058
:10B630002020203800202020390020203130002018
:10B6400020313100202031320020203133002020F1
:10B65000313400202031350046554C4C004F4E20EF
:10B660000000000060B3010865B301086AB3010877
:10B6700000060600000100000200000000020005B4
:10B68000000000000000000032000000293C000023
:10B6900000080000000000000080008000000000A2
:10B6A00043B3010848B301084EB3010854B301087D
:10B6B0005AB3010808B601080DB6010812B6010810
:10B6C00017B601081CB6010821B6010826B6010804
:10B6D0002BB6010830B6010835B601083AB60108A4
:10B6E0003FB6010844B6010849B601084EB6010844
:10B6F00053B6010806B6010834B30108FDB40108C9
:10B7000037B30108A0B301087AB501083AB30108BC
:10B7100077B401083DB3010881B4010840B30108C2
:10B72000E4B4010898B301089DB30108A2B301086D
:10B73000A7B30108ACB3010843B30108B6B30108CD
:10B74000BBB30108C0B30108C5B30108CAB30108FF
:10B75000CFB30108D4B30108D9B30108DEB301089F
:10B76000E3B30108E8B30108EDB30108F2B301083F
:10B77000F7B30108FCB3010801B4010806B40108DD
:10B780000BB4010810B4010815B401081AB401087B
:10B790001FB4010824B4010829B401082EB401081B
:10B7A00033B4010838B401083DB4010842B40108BB
:10B7B00047B401084CB4010851B4010856B401085B
:10B7C0005BB4010860B4010865B401086AB40108FB
:10B7D0006FB4010874B4010879B401087EB401089B
:10B7E00083B4010888B401088DB4010892B401083B
:10B7F00097B401089CB40108A1B401086FB3010813
:10B8000074B3010879B301087EB3010883B301085A
:10B8100088B301088DB301080006010204050E0F6C
:10B8200010031112070809140A0B0C0D1513161733
:10B830001800000002000400060010002000300084
:10B840000001800300068001800300058001800361
:10B8500000068001800300078001800380088003C8
:10B860000006800980030306850900028003800822
:10B87000000280030007000280030006000280032C
:10B880008005800280030006040080030006040097
:10B89000040600060400040600060000010700007C
:10B8A0000205070001060000020506000206080066
:10B8B0000306080A0305070A0108000002060A0039
:10B8C00002060C0001070000010600000206080045
:10B8D0000206080003080A06000000009DA1ABBC98
:10B8E000BDBFC0C1C4C6C9EAE8E5E2E00102030485
:10B8F00005080C20242A2FFCFE8D8B87AE0000004B
:10B900003E433220003E433420002020202000000F
:10B91000000000008813000010270000983A000083
:10B92000204E0000200040008000000138846B1988
:10B93000C66318867398C6B11CCA318CC73188C2D9
:10B940003098463118C6350CCA310CC6211024690E
:10B9500012C23114C471084A2249AB6AA8AC4951D9
:10B9600032D55288936C94221554D22596D450A582
:10B97000462108856B18C46310CE6B188C71198C26
:10B9800063350CC63399CC6CB54EA29946212882FA
:10B99000952EE3309CC5309CA2B19C6731886659D6
:10B9A0002C5318846750CAE30AACAB30AC62308CBD
:10B9B00063109462B18C8228963398D6B54C622974
:10B9C000A54AB59CC63114D6389C4BB4866518AED2
:10B9D000671CA66319962319841308A652ACCA22C1
:10B9E000896EAB198C6234C46219866318C42358FB
:10B9F000D6A35042544AAD4A25116B64894A633933
:10BA00008A23312AEAA2A944C512CD42348C621895
:10BA10008C63114866319D44331D46319CC6B10C80
:10BA2000CD3288C47318867308D663580781E0F056
:10BA30003C0787903C7C0FC7C0C0F07C1E0780800D
:10BA4000001C7870F1C71FC00CFE1C1F1F0E0A7A65
:10BA5000C071F2838F030F0F0C0079F861E0430F80
:10BA600083E718F9C113DAE9638F0F838387C31F54
:10BA70003C70F0E1E1E387B8710E20E38D48781C5B
:10BA8000938730E1C1C1E478218383C3870639E518
:10BA9000C387070E1C1C70F4719C603632C31E3CB9
:10BAA000F38F0E3C70E3C78F0F0F0E3C78F0E387E7
:10BAB00006F0E307C199870F18787070FCF310B196
:10BAC0008C8C317C70E1863C646CB0E1E30F238F99
:10BAD0000F1E3E383C387B8F070E3CF4171E3C7817
:10BAE000F29E7249E32536385839E2DE3C7878E137
:10BAF000C761E1E1B0F0F0C3C70E38C0F0CE737398
:10BB00001834B0E1C78E1C3CF838F0E1C18B868F49
:10BB10001C7870F078ACB18F3931DB3861C30E0E10
:10BB2000387873171E391E3864E1F1C14E0F40A2F8
:10BB300002C58F81A1FC120864E03C22E045078E1B
:10BB40000C3290F01F2049E0F80C60F0171A41AA5F
:10BB5000A4D08D12821E1E03F83E030C7380704425
:10BB6000260324E13E044E041CC109CC9E9021070B
:10BB7000904364C00FC6909CC15B03E21D81E05EF0
:10BB80001D0384B82C0F80B183E030411E438983AC
:10BB900050FC242E1383F17C4C2CC90D83B0B5824C
:10BBA000E4E8069C07A0991D073E828F7030744020
:10BBB000CA10E4E80F92143F06F8848843810A34DF
:10BBC0003941C6E31C4703B0B8130AC264F818F938
:10BBD00060B3C0652060A68CC3812030261E1C384F
:10BBE000D301B02640F40BC3421F8532266040C902
:10BBF000CB01EC112840FA0434E0704C8C1D07692D
:10BC00000316C80423E8C69A0B1A03E0760605CF8C
:10BC10001EBC5831716600F83F04FC0C74278A8002
:10BC200071C23A2606C01F050F9840AE017FC007BB
:10BC3000FF000EFE0003DF8003EF801BF1C200E770
:10BC4000E018FCE021FC803CFC400E7E003F3E0002
:10BC50000FFE001FFF003EF007FC007E103FFF00BC
:10BC60003F380E7C01870CFCC7003E040F3E1F0FBF
:10BC70000F1F0F028387CF03870F3FC0079E603FD0
:10BC8000C003FE003FE077E1C0FEE0C3E001DFF863
:10BC90000307007E70007C3818FE0C1E781C7C3E6A
:10BCA0000E1F1E1E3E007F8307DB878307C707101A
:10BCB00071FF003FE201E0C1C3E1007FC005F02059
:10BCC000F8F070FE7879F8023F0C8F030F9FE0C107
:10BCD000C78703C3C3B0E1E1C1E3E071F000FC70CA
:10BCE0007C0C3E380E1C70C3C70381C1C7E7000F30
:10BCF000C7871909EFC433E0C1FCF870F078F8F099
:10BD000061C7001FF8017CF8F078703C7CCE0E21F2
:10BD100083CF08078F08C1878F80C7E30007F8E04B
:10BD2000EF0039F7800EF8E1E3F8219FC0FF03F838
:10BD300007C01FF8C404FCC4C1BC87F00FC07F0556
:10BD4000E025ECC03E8447F08E03F803FBC019F8F1
:10BD5000079C0C17F807E01FA1FC0FFC01F03F0047
:10BD6000FE03F01F00FD00FF880DF901FF007007C2
:10BD7000C03E42F30DC47F80FC07F05EC03F0078F8
:10BD80003F81FF01F801C3E80CE4648FE40FF00782
:10BD9000F0C21F007FC06F807E03F807F03FC078BD
:10BDA0000F8207FE227770027603FE00FE67007C9A
:10BDB000C7F18EC63BE03F84F319D80399FC09B85C
:10BDC0000FF8009D2461F90D00FD03F01F903F0165
:10BDD000F81FD00FF83701F807F00FC03F00FE033F
:10BDE000F80FC03F00FA03F00F80FF01B807F00121
:10BDF000FC01BC80131E007FE1407FA07FB0003FAC
:10BE0000C01FC0380FF01F80FF01FC03F17E01FE50
:10BE100001F0FF007FC01D07F00FC07E06E007E0C5
:10BE20000FF806C1FE01FC03E00F00FC000000005B
:10BE30000000000000000000000000000000010100
:10BE400002020303040405050606070700010203B6
:10BE50000405060708090A0B0C0D0E0F0001030468
:10BE60000607090A0C0D0F1012131516000204061E
:10BE7000080A0C0E10121416181A1C1E00020507D0
:10BE80000A0C0F111416191B1E2023250003060986
:10BE90000C0F1215181B1E2124272A2D0003070A38
:10BEA0000E1115181C1F23262A2D313400FCF8F41E
:10BEB000F0ECE8E4E0DCD8D4D0CCC8C400FCF9F560
:10BEC000F2EEEBE7E4E0DDD9D6D2CFCB00FDFAF716
:10BED000F4F1EEEBE8E5E2DFDCD9D6D300FDFBF8C8
:10BEE000F6F3F1EEECE9E7E4E2DFDDDA00FEFCFA7E
:10BEF000F8F6F4F2F0EEECEAE8E6E4E200FEFDFB30
:10BF0000FAF8F7F5F4F2F1EFEEECEBE900FFFEFDE5
:10BF1000FCFBFAF9F8F7F6F5F4F3F2F100FFFFFE97
:10BF2000FEFDFDFCFCFBFBFAFAF9F9F8909090900D
:10BF30009090909090909090909090909090909001
:10BF400090909090909090909090909090909090F1
:10BF500090909090909090909090909090909090E1
:10BF600090909090909090909090909090909090D1
:10BF700090909090909090909090909090909090C1
:10BF800090909090909090909090909090909090B1
:10BF900090909090909090909090909090909090A1
:10BFA0009090909090909090909090907070707011
:10BFB0007070707070707070707070707070707081
:10BFC0007070707070707070707070707070707071
:10BFD0007070707070707070707070707070707061
:10BFE0007070707070707070707070707070707051
:10BFF0007070707070707070707070707070707041
:10C000007070707070707070707070707070707030
:10C010007070707070707070707070707070707020
:10C02000707070707070707070707070181A171770
:10C0300017000000101010101010202020202020C9
:10C040003030303030303040404040404040505040
:10C050005050505050506060606060606060606040
:10C0600060607070707070707070707070707070F0
:10C0700070707070707070707070707070707070C0
:10C0800070606060606060606060606060505050D0
:10C090005050505050404040404040403030303090
:10C0A00030303020202020202010101010101000E0
:10C0B00000000000F0F0F0F0F0F0E0E0E0E0E0E0A0
:10C0C000D0D0D0D0D0D0D0C0C0C0C0C0C0C0B0B020
:10C0D000B0B0B0B0B0B0A0A0A0A0A0A0A0A0A0A000
:10C0E000A0A0909090909090909090909090909030
:10C0F0009090909090909090909090909090909040
:10C1000090A0A0A0A0A0A0A0A0A0A0A0A0B0B0B00F
:10C11000B0B0B0B0B0C0C0C0C0C0C0C0D0D0D0D02F
:10C12000D0D0D0E0E0E0E0E0E0F0F0F0F0F0F000BF
:10C1300000000000A2000000A7000000A70000000F
:10C140007F00000080000000E20000003C000000D2
:10C150003C0000000000000000000000E1000000C2
:10C160003C0000003B000000000000000000000058
:10C17000C8000000000000000000000036000000C1
:10C1800037000000C70000000000000000000000B1
:10C1900036000000360000001A1E2A0210200E048D
:10C1A000020E0110071202110810021109120111EA
:10C1B0000110020F010E010D040C02490146054257
:10C1C000013C01360130012A06240123012201210C
:10C1D00001200B1E041D041C025D015C055B015E59
:10C1E00001620166016A066E016A01660161015D14
:10C1F000085801570156015501540153015201518C
:10C200000450296202000104090D080B020D0B0FF6
:10C21000040D040B02000103050B010901080106CE
:10C2200001050704010501060108090902080206C3
:10C2300002050404020001020604010302020A01CD
:10C240001300027C2700344C3C022C382A020812CE
:10C2500002110810021102120110010E010C010A54
:10C26000010809060612021303140110010B060649
:10C270000108010B030E010D010C010A010901085F
:10C2800008060642013C01360130012A0624012A33
:10C2900001300136013C024201450148014B014E8B
:10C2A0000151015401530151064F04320131013053
:10C2B000012F012E032C012F01320636013C0142D1
:10C2C0000348014A014C014E015001520854065BDB
:10C2D000015E01620166016A066E016B016701631E
:10C2E000015F035B025C025D015E01600162066545
:10C2F000043C01410147014D015303590163016EA3
:10C30000067901700167085D085E49620A0D0A0B33
:10C31000020D0109010601040103010209000B09D4
:10C3200001080106060501060108030B01080105C5
:10C330000104010301020800060B010901080106BE
:10C34000010506040105010601080109020B0108A7
:10C350000105010401030102090008060C0501069C
:10C3600003080106010401030202030001060400A0
:10C37000070401030202060102020203030401038F
:10C38000030209000403030201010B00020203047B
:10C3900002030302030001030400490022222202D7
:10C3A00020220C06091201130115011601180A1AA0
:10C3B00001150110010B0706010C0113071A0115E5
:10C3C0000110010B060609320130012E012C012A51
:10C3D0000A2801250121011E071A011E0123072831
:10C3E000012E0135013B0642093C01410147014D47
:10C3F00001530A5901570155015307510153015681
:10C400000759016101690171067933620A09020B5A
:10C41000010D0A0F010901050103050202000103D4
:10C420000106070F01090104010206000A060208BD
:10C4300001090A0B010601040102040001010200C6
:10C4400001020104070B01060104010206000A03B0
:10C4500003020D0109000A0106002F000219020063
:10C460000C0C0C02060A02020308010B010E01115A
:10C4700001141D180352014E014A014601421D3E9E
:10C48000036E016A01660161015D1D582462050B9E
:10C49000020D1D0F040601080109010B1D0D2404E6
:10C4A00024002020202216141204020E01140A1A5D
:10C4B0000119011801170116011501140612010EC8
:10C4C000010A0106010A010E0912024901390A286E
:10C4D0000129012A012C012D012F013006320133DF
:10C4E00001340136013401320930025D015B0A5921
:10C4F00001560152014E014A01460142063E0151D8
:10C500000165017901660152093E03620161016022
:10C51000015F015E015D015C055B025C025D015E25
:10C52000025F0260016103620663066202000104A9
:10C530000D0F030D060B01050103010001020104AB
:10C54000090902000103100B0609010401020100A0
:10C5500001020104090803000B010402070302029F
:10C560000100010101020903027C250020202002B4
:10C570001A2016080206010A010F011303180114FC
:10C58000010F010B010A0109010805060109010C4F
:10C59000010F0812021A0123012C0135033E01404C
:10C5A000014301460145014401430542013E013971
:10C5B0000135083002510152015401560358015A05
:10C5C000015D01600166016C01720579016B015C1E
:10C5D000014D083E1E620200010201040108030F22
:10C5E0000109010408020100010201030105080913
:10C5F0000200010201040106030D01080104030207
:10C600000101030001010100010201030104080806
:10C6100002000202010303040103030202010500F8
:10C6200001010202080302D3080002F112001A0EEF
:10C630001C021A1C16060906010A010E0412010F3B
:10C64000010C0209010801070506010A010E091281
:10C65000091A012701340F42013C01360930095102
:10C6600001540157045B0162016A01710173017594
:10C670000177057901660152093E25620702020031
:10C6800001020105040D0108010403020101050076
:10C69000010201040909060001010200010201046E
:10C6A000040B01060104030201010500010201045B
:10C6B0000908090001020103040401030302020145
:10C6C0000500010101020903160002190D001826D8
:10C6D0002A02282016040A06061202130B1401115E
:10C6E000010D010A0D060109010C010F0812014993
:10C6F000014608420432012E012A012601220B1EA6
:10C70000012C013A0148045602550754014B0142DD
:10C71000013908300163016E0879043C0141014789
:10C72000014C01520B58015B015E0161036501641C
:10C7300001620160075E0156014E0146083E386203
:10C74000020008010509020B010D0B0F010D010983
:10C7500001080305010401030102040101020200B2
:10C7600001020103010508090A00060602080B0977
:10C770000108010501040403020204000101020092
:10C7800001020103010408080A0004030302010175
:10C790000E0005020101070001010202080302F177
:10C7A000360026243002282C0E060806010A010E47
:10C7B00003120110010E010C010A01080A06010A08
:10C7C000010E0A1201110110020F010E010D040CDD
:10C7D0000D4201450148014B014E01510154014FE9
:10C7E000014A01450140013B0436012E01260C1E81
:10C7F000041D041C0879016F0165045B025C025D85
:10C80000015E01620167016B017001740479016EC0
:10C810000163095801570156015501540153015252
:10C82000015104503262080001020105030D0109A3
:10C8300001060104010301020100010102020103DA
:10C84000010404050108010B0C0F040D040B080082
:10C8500001020104030B01080105010401030102A7
:10C86000010001010202010301040405010601089F
:10C870000A09020802060205040408000102010375
:10C880000404010303022000040002192C003A549E
:10C89000401C343E260A0B06010A010E01120A163C
:10C8A0000112010E010A1106010703080109010A1C
:10C8B000010B100C020B010A0309010A010B010C08
:10C8C000010D020E010D010C010A01090108080603
:10C8D0000B1A011E012301270A2C01360141014BCD
:10C8E0000456035503540141062E014002520149EA
:10C8F000013F0136012C042201210120021F011EEB
:10C90000011D051C012001250129012E03330137DA
:10C91000013B013F01430248014A014C014E0150D5
:10C92000015208540B510152015401550A57015A42
:10C93000015E0161026501640163016201610160E0
:10C94000035E01580651015F026E01690163015ED9
:10C950000158065204510550015201550157015A20
:10C960000E5D085E0C6201610160015F015E015DA8
:10C97000015C075B015C015D035E025F01603B627D
:10C980000B000102010401080A0F010D0109010851
:10C990000205010402030202030001030709170B49
:10C9A000020905080209020B01080105010401033F
:10C9B000010208000B000102010301050A09010838
:10C9C0000105010403030302010103000101060242
:10C9D0000103040602051004020305020103010419
:10C9E0000105020801060104010302020300010619
:10C9F00004000E000B01070202010A0001020304F9
:10CA000001030202160001010202010302040203F3
:10CA100003020300010304000800021B3A000601A0
:10CA200012001C1C1C021A1E1604020E011304180C
:10CA300001150112010F010C010907060108010A85
:10CA4000010D010F081202490144043E0141014554
:10CA50000149014C01500754014D0146013F013885
:10CA60000830025D015B04580159015A015B015C09
:10CA7000015D075E01580152014B0145083E1F62EE
:10CA800002000104040F010B01060104010301026D
:10CA90000700020201040105080902000104040D57
:10CAA000010901060104010301020300010603005C
:10CAB0000202010301040808020001020504010347
:10CAC0000302030001030300010103020803027CC7
:10CAD0001D00101818021A1C0E040706010A010F87
:10CAE000011307180112010C080607420141014019
:10CAF000013F073E013C01390436013A013F014440
:10CB00000149077901710169016107580163016EEB
:10CB100004790174016E016901631B620602010060
:10CB2000010201040108070F010B010804050104BB
:10CB300001030102010005000101010001020104DD
:10CB40000106070D010B01080405010401030102A0
:10CB500001000700020201030704010301020800AB
:10CB6000190002F18E8E8C246A7656120518011572
:10CB70000112010F010C010B010A01090108050650
:10CB80000108010B070E010D010C010B010A04083D
:10CB9000010A010C010E0110081202110210020F0D
:10CBA000020E010C010A010806060108010B050E20
:10CBB000010F01100111091202110210020F020EE1
:10CBC000010C010A010801060109010C010F0612FE
:10CBD0000110010E010C010A01080306040A010CF0
:10CBE000010F0112011507180112010C0606010AB6
:10CBF000010F04140110010B0606053E0141014519
:10CC00000149014C014A01480146014405420144E1
:10CC1000014607480142013C0135012F0428012E3D
:10CC20000134013B014108480247024602450344E2
:10CC3000024306420136012A041E0126012E013755
:10CC4000013F0948024702460245024401450146A8
:10CC5000014701490143013D01370630013A0144D2
:10CC6000014E01580162036D0156036D0164015BC1
:10CC700001510148073E013C0139063601330130BC
:10CC8000042C012F0132063605580159015A015B67
:10CC9000015C01610167016D017305790170016734
:10CCA000075D015A015701530150044C014E0151D7
:10CCB00001540157095A035B025C025D0164016B78
:10CCC0000172067901760172046E016A01660162E1
:10CCD000015E0A5A035B025C025D015E0160016154
:10CCE0000163015A01510148063E0144014B0151C3
:10CCF0000158015E04650370016C01670162015D0A
:10CD000007580163016E0679016F016404590163DC
:10CD1000016E067940620161015F015D045B025AA8
:10CD200001590258025701560C550157015A015C2E
:10CD3000025F026002613162050F010B010601040E
:10CD4000010303020101050001020104090B0209AC
:10CD500005080209010B100D01080104010206007B
:10CD600001020104080B110D010801040102010078
:10CD70000102010301050609010601040103020283
:10CD80000300010903000102010301050109070F66
:10CD9000010B010806050106010804090108010646
:10CDA0000605050D01090106010401030302010145
:10CDB0000500010201040708010602040103040240
:10CDC00001030104010501080A0D040B0209010514
:10CDD000010301020600010201030404010501062A
:10CDE000010801090B0D040B0209010501030102F1
:10CDF0000100010201030104060801060104010308
:10CE000002020300010603000102010301040108FC
:10CE1000070D010B010814050604010305020101B9
:10CE200005000202070402030202040001010102DC
:10CE3000010301040A0506040103020208000401BB
:10CE40000202010301040B050604010302020100B2
:10CE500001010202070303020101030001040300B0
:10CE600001010202010307040103010214000E0084
:10CE700002190D000703180002191F0002F1360005
:10CE80003230361E303C26020B06010A010E0A1211
:10CE900002110210020F060E010C010A010807061A
:10CEA00001070108050A0109010801070706010930
:10CEB000010C010F0812021107100B1A0129013889
:10CEC0000A480247024602450644013A012F01255D
:10CED000071A012D01400F54014B01420139063060
:10CEE000012E012C0129012707240B510154015760
:10CEF0000B5A035B025C065D015A0157015407514E
:10CF0000015A0164056E016A01660162075E0156FD
:10CF1000014E0146063E01470151015A0164076E68
:10CF20000C5B015A0159025801570156115501561F
:10CF300001580159015B015D015E0160286209022F
:10CF4000020001020105160D01080104010305029A
:10CF5000020001020104050B0106010401020401A3
:10CF6000010202000102010301050A09070B080082
:10CF700001010200010201050C0D040B0609010567
:10CF80000103010204000101020001020103050680
:10CF90000104010301020400010102000102010376
:10CFA000010407080206010507040B000102010342
:10CFB0000C050A0401030202070001020103050433
:10CFC0000103020207000101020207030302070135
:10CFD00052005E6C6A1A4C4E3E0A0A060108010AAB
:10CFE000010D010F0512011301140115061601129E
:10CFF000010E010D010C010A010901080306050AD1
:10D00000010B010C010D050E020F0610010E010BA4
:10D01000010905060109010C010F0312010F010CA2
:10D020000109010808060612021307140113011270
:10D0300002110110010F030E0A54014E0147014075
:10D040000139043201310130012F012E062C013447
:10D05000013D0145014D0155015D0165036D01561D
:10D06000036D0166015F0157015003480141013A18
:10D070000133012C0624012B0133013A0B420143F9
:10D0800001450147014508420432012E012A0126CB
:10D090000122061E01220127012C01310135013A2E
:10D0A000013F03440A5E01580151014A0143043C17
:10D0B00001410146014C01510657015B02600161CB
:10D0C00001620163016404650370016D016901651A
:10D0D0000161035D016001630167016A066E017011
:10D0E0000173017605790172016A0163035B015DD9
:10D0F000015F0161016D0879043C01410147014C68
:10D10000015207580259015A025B015C035D136228
:10D1100001610160025F015E015D015C025B015C17
:10D12000025D015E015F4C620A000202010401051A
:10D130000509020B010D060F010902040103030298
:10D1400003000109030001020103010401060D0BA4
:10D1500001080104010304020100010201040106A7
:10D16000030D01080104020208010509020B010D6B
:10D170000D0F030D06000106030002020103010466
:10D180000606020806090105020303020101030065
:10D19000010603000202010301040408020601055E
:10D1A0000604010302020300010101000102010360
:10D1B0000105030B0106010402020800060602082D
:10D1C0001009060001030300010103020503030225
:10D1D0000D01030001040300010102020103030425
:10D1E0000203020209010500020201030304010314
:10D1F0000202010108000403030201010D000304FF
:10D200001E0002E22B0002F120001C1C16021A1E56
:10D2100010040206010701080109020A010C010FAE
:10D220000112011507180114010F010B070602492D
:10D23000013D013101250218011F0127012E013690
:10D24000073E01430149014E075402630161015F3A
:10D25000015D045A025907580159015B015C075EE0
:10D260001C620200010201030105040B020D070FFD
:10D27000010901040103040101020200020002028B
:10D28000010302040105010601080109070D010857
:10D290000104010204000101020007000101020271
:10D2A0000103070401030202070002F11A00262EFF
:10D2B000240216221806091801150112010F010C8B
:10D2C0000709030A010B010C010D010E06100111E3
:10D2D0000112011301140516010E0606093E013C58
:10D2E000013A013801360333013901400146014D4D
:10D2F0000354014B01410138012E06240125012769
:10D300000128012A052C012D062E09580159015A20
:10D31000015B015C035D016001630167016A0D6EE1
:10D32000016A01650161015C0557015406513162D2
:10D330000A0F010D010B0109050802090F0B020D6F
:10D34000050F010D0609090D01090106010401037C
:10D350000402010302040506020507040105010693
:10D3600001080509010406020A0401030202030080
:10D37000010102020103040401030202100106007C
:10D380000B00060120004C565602444A2C0A0A069D
:10D390000108010A010D010F021201110110010F14
:10D3A000030E010C010A01080A06010C01130B1AF5
:10D3B00001150110010B07060109010C010F0112F3
:10D3C000011301140115011603180114010F010BBB
:10D3D0000106010701080109050A0A54014E014727
:10D3E0000140013901320136013A013F014303484E
:10D3F000013D01310126021A0124012E01380542A6
:10D40000013A01310B280133013E01490754014C17
:10D410000143013B0132013401360139013B033E36
:10D420000135012C0123011A01280137014505545A
:10D430000A5E01580151014A0143013C0142014980
:10D44000014F0156035D015A015701540251015B1E
:10D450000165016F0579016F01640B59015A015B88
:10D46000015C075E0156014D0145013C0141014748
:10D47000014C015203580157015501530151015804
:10D48000015F0166056E51620A0002020104010596
:10D490000509030B0106010401020A00010301064C
:10D4A0000B0F010901040103040101020200010242
:10D4B000010301050209020B010D030F010901041B
:10D4C00001020100010201030105050B060001062E
:10D4D000030002020103010405060308010501031C
:10D4E00001020A00010201040B0B01060104010202
:10D4F0000400010102000102010301040206010807
:10D500000109010B030D01080104010201000102E0
:10D5100001030104050606000103030001010302E3
:10D5200005030304010302020C000E0107000101C0
:10D5300002020403040401030202010002020103C7
:10D5400005041F000219260002D3080044482A02DD
:10D550003E482A060B06010701080109030A010BD0
:10D56000010C010D020E010D010C010A0109010857
:10D570000706010A010E0112011401160118071A0B
:10D580000114010D01060108010B030E010D010C30
:10D59000010A0109010808060A540148013C01304A
:10D5A000012402180121012B0134013E0248014AE5
:10D5B000014C014E015001520754014C0143013A04
:10D5C00001360131012D0728012C01310136013CC2
:10D5D00001420348014A014C014E015001520854D6
:10D5E0000B5E015D015C015B035A025B015C075D40
:10D5F000075E015D015C025B025A07590163016E1F
:10D60000017901700167085D085E44620A00010249
:10D61000010301040106080B0108010501040103CF
:10D620000102070001020103010501060109010BC6
:10D63000070F01060103010001020104030B0108A9
:10D6400001050104010301020800060001060300B0
:10D65000010102020103030402050106020801069A
:10D660000104010302020300010603000102010399
:10D67000020401060108070B010501030100010274
:10D68000010403080106010401030202030001066C
:10D690000400060001030900010102020103020463
:10D6A0000203030203000103090009010100020251
:10D6B000030402030302030001030400230002F138
:10D6C0001F00344C3C022C382A02081202110810A8
:10D6D000021102120110010E010C010A01080906D3
:10D6E0000612021303140110010B06060108010BB8
:10D6F000030E010D010C010A01090108080606428A
:10D70000013C01360130012A0624012A013001368C
:10D71000013C024201450148014B014E01510154B7
:10D7200001530151064F043201310130012F012E06
:10D73000032C012F01320636013C01420348014A05
:10D74000014C014E015001520854065B015E01621A
:10D750000166016A066E016B01670163015F035B8D
:10D76000025C025D015E016001620665043C0141EC
:10D770000147014D015303590163016E06790170A0
:10D780000167085D085E49620A0D0A0B020D010976
:10D79000010601040103010209000B090108010649
:10D7A000060501060108030B010801050104010338
:10D7B00001020800060B0109010801060105060423
:10D7C0000105010601080109020B01080105010418
:10D7D00001030102090008060C0501060308010601
:10D7E000010401030202030001060400070401030F
:10D7F00002020601020202030304010303020900FC
:10D800000403030201010B000202030402030302EA
:10D810000300010304004900323626023A3A2A0284
:10D820000A12010E010A06060108010B080E010C7E
:10D83000010A01080E06010F06180112010C01066B
:10D840000108010B030E010D010C010A0109010879
:10D8500008060A42013E013A0636013C01420848E8
:10D86000014B014E015107540141062E0136063E7F
:10D87000013C01390136013C01420348014A014C97
:10D88000014E0150015208540A5B0165016F06798F
:10D89000017001670B5D075E01580651015406587F
:10D8A0000163016E017901700167085D085E4962DC
:10D8B0000A0D010B0108060501060108080B010607
:10D8C0000104010204010102020001030609010B27
:10D8D000060F01060103010001020104030B010808
:10D8E000010501040103010208000A0B01090108F6
:10D8F00007050106080801050103010204000101F2
:10D900000200010106020104060D010601030100E7
:10D9100001020104030801060104010302020300DD
:10D92000010604000A0401030102060002020804C1
:10D93000010302020E0001020604010301020100BC
:10D94000020203040203030203000103040049006E
:10D950004A4A4E0246522C0809060109010D0110DF
:10D96000011402180117011501140112061001110A
:10D9700001130114011603180114010F010B09060C
:10D98000010A010F011308180114010F010B07060A
:10D99000010A010E01120116051A01150110010BF1
:10D9A0000106096E0165015B01520148023E013921
:10D9B0000134012F012A06240129012E01330138E7
:10D9C000033E0135012C0123091A0123012C0135E5
:10D9D000083E014A01560162076E0160015201448E
:10D9E0000136052801300138014001490670036EF7
:10D9F000016A01660161015D0258015C0160016517
:10DA00000169066E016A01660161015D03580157F3
:10DA10000155015309510152015401560858015E44
:10DA20000164016A0470036E016A01660162015EAD
:10DA30000559015B015E016001634E62060101024E
:10DA400002000102010301050109040F020D080B88
:10DA5000020D030F01090104010209000102010482
:10DA60000108080F01090104010304010102020079
:10DA70000102010301050109050F01090104010269
:10DA80000100060001010200010201030104010876
:10DA9000020D010B0109010801060604010501063A
:10DAA00001080109030D0108010401020900010236
:10DAB00001040106080D010801040102040001012E
:10DAC00002000102010301040106050B0106010425
:10DAD0000102010009000101020201030304010324
:10DAE000020206010202020303040103020209000A
:10DAF000020201030804010302020B0008010100F5
:10DB00002900021B210002F146545226182628063D
:10DB10000B0A010B010C010D010F01100111011283
:10DB2000071401130112011108100211051201134B
:10DB3000011401150116011701180119071A01191D
:10DB4000011701160114011301110110020E010C3D
:10DB5000010A01080606051801240130013C0148AC
:10DB60000254014E0147014001390133012C0125C6
:10DB7000061E011F01200121012206240126012980
:10DB8000012C012F05320131012F012E012C012B17
:10DB90000129012807260129012D0131013501380C
:10DBA000013C0140034402430642055A015E016202
:10DBB0000166016A026E016C01690166016301611F
:10DBC000015E015B0658015C016001650169066E3A
:10DBD0000165015B01520148053E014101440147D5
:10DBE000014B014E0151015408580259015A025B80
:10DBF000015C025D0164016B017206792B620161B7
:10DC00000160015F015E015D015C015B015A015928
:10DC1000015801570755055401560159015C015F30
:10DC200005620E0B040D080F020D120B040D0E0FF2
:10DC3000020D0108010401020600070402050506A1
:10DC4000040807090108010601050704010501068A
:10DC500001080C090E0B020901050103010206006F
:10DC60000500010102020103030402030302010192
:10DC70000A00060103020903040208010402020368
:10DC80000204010302020600470002190200464492
:10DC90004E3A3E38120E0B060109010C010F12120A
:10DCA00001110110020F010E010D020C010B0109FF
:10DCB00001080906010A010E0112061601150114D8
:10DCC000011301120510010E010B010901060109E2
:10DCD000010D011003140110010B06060B1A01209F
:10DCE0000126012C0532012E012A012601220B1EDC
:10DCF000041D031C021B091A011E01230127062C07
:10DD0000012B0129012801260524012E0139014496
:10DD1000014F0147013E0135032C012F0132063628
:10DD20000B51014C01470142053C01410147014CA7
:10DD3000015208580157015601550154015301522F
:10DD40000151055009510152015401550657015B1B
:10DD5000016001640169056E016D016C016B016A6E
:10DD600001660162015E03590163016E0679146266
:10DD700002610160025F015E025D015C065B055AA3
:10DD8000015B015C015D015E015F01600662016192
:10DD90000160015F015E015D055B015C015D025E8A
:10DDA000015F0160016113620B00010201030105C3
:10DDB0000609020B010D0B0F040D020B01060104F5
:10DDC00001020900010201040108080F020D050B00
:10DDD000010601040102010001020103010503091A
:10DDE0000108010606050B000102010301040706F4
:10DDF00002080909020802060205020401030202E0
:10DE000009000102010301050709010801060105D6
:10DE10000504010302020100020201030B050B00CD
:10DE200001010202050303020101200012010F009B
:10DE30000800021B2700021B150002E20E003E42F2
:10DE400038383A3C160C02060108010A010C070E8C
:10DE5000040D020C010B0109010809060109010C5E
:10DE6000010F0B12010E010A0706010B01100A1621
:10DE700001140111010E010B0408010A010D01102A
:10DE800001130316024901400137012E0424012326
:10DE9000012201210120011F011E011D031C021B83
:10DEA000091A011F0125012A0B30013201340736FE
:10DEB000013301300B2C012B012A012905280129EE
:10DEC000012A012B032C0263015F015B01570752FA
:10DED000045105500951014D014801430B3E0151C8
:10DEE00001650779016E01630A570155015301511C
:10DEF000014F044C014E01500152015403572D6251
:10DF000002610160025F015E035D015C015B015A19
:10DF10000159015801570156015501540255015646
:10DF2000015701580159015B015C015D025E015F0F
:10DF30000160016103620200010201040108070F90
:10DF4000040D020B01060104010209000102010394
:10DF500001050B090108010607050108010B0B0F5C
:10DF6000010D010B010905080109010B010D030F4A
:10DF7000020001020103010505090208020602056B
:10DF800002040103020209000102010301040C085A
:10DF900001060705010601080A0901080105010437
:10DFA00001030502010301040106030905000B0139
:10DFB0000E00010102020B03020209000E0108001B
:10DFC000030102F11900021B2600070306003A4074
:10DFD0003602363E2C060A0601070109010A030C27
:10DFE000020D080E010A0606010F041801150112A0
:10DFF000010F010C010B010A0109010805060108C6
:10E00000010B030E010D010C010A010901080806AC
:10E010000A54014A013F01340129012F0135013B16
:10E0200001410848013B062E0136043E01410145ED
:10E030000149014C014A014801460144054201449D
:10E0400001460348014A014C014E01500152085457
:10E050000A5E016101640167016A0168016501638B
:10E060000160085D01570651015404580159015AD5
:10E07000015B015C01610167016D0173057901704C
:10E080000167085D085E45620A00010201030104A0
:10E09000020602080109090B0609010B040F010B16
:10E0A000010601040103030201010500010201044C
:10E0B000030B010801050104010301020800060029
:10E0C0000106030001010202010302040105010629
:10E0D0000808010406020104040D010901060104F7
:10E0E0000103030201010500010201040308010606
:10E0F00001040103020203000106040006000103FB
:10E1000007000101020201030804010206000102E6
:10E1100005040103050201010500020203040203D4
:10E1200003020300010304002F00021914004644F7
:10E13000521E243A1E0C05120110010E010C010A98
:10E1400001080C060109010C010F0912011101104F
:10E15000020F010E010D030C010D010E010F08103D
:10E16000020F040E020F0210021106120211021019
:10E17000020F020E010C010A0108060605420145C4
:10E180000148014B014E015107540149013D013243
:10E190000126011A011B011C011D0B1E041D021C7E
:10E1A000011D011F012001220624012B013201392A
:10E1B000014010480247024602450344024306421A
:10E1C000065B025C025D075E015C01590157015468
:10E1D0000151015201540156085801570156015589
:10E1E000015401530152015102500156015C016278
:10E1F0000168066E016B016801640161045D035CE6
:10E20000035B075A035B025C025D0164016B0172F0
:10E210000679176201610160015F015E015D015CC9
:10E220000E5B015C015D015E015F016001612862BE
:10E23000050D010901060104010301020C000102A0
:10E24000010401080B0F040D1A0B0E0D0108010447
:10E2500001020600050B010801050104010301028A
:10E260000300010608000102010301050909020873
:10E27000020602050D040205010604080309030B4A
:10E28000080D040B02090105010301020600060442
:10E29000010303020300010320000601030201033E
:10E2A0000A0408050604010302020600120002F136
:10E2B00002D33F0002190200443C4E02443C3A0C97
:10E2C00002060108010A010C070E010C01090E06E5
:10E2D0000109010C010F0312021303140110010BB9
:10E2E00006060108010B040E010C010A01080106D3
:10E2F0000108010A010C040E010C010901060107C5
:10E300000108060A054907480142013C0536014259
:10E31000084F01480141013A013201310130012F1A
:10E32000012E032C012F01320636013C0142074821
:10E33000044904480142013C01360140014A0654A7
:10E34000026301620160015F075D0166016F05798B
:10E35000016F0865015B01510147013C0141014723
:10E36000014D015303590163016E06790170016784
:10E37000045D015E01600161016301620160015F92
:10E38000045D0166016F017901760172066E4B62D0
:10E390000200010201030105070B0109010805053F
:10E3A0000103080001020103010508090108010633
:10E3B000060501060108040B010601040102010023
:10E3C000010201030105040B010501030100010223
:10E3D0000104060B02000102010301040808010602
:10E3E00005050103080001020103010405060C05EF
:10E3F00001060408010501030102010001020103F5
:10E4000001040408010401020100010201030606DF
:10E4100002000101010201030704010301020E00D1
:10E42000010102020103030201010B0002020404C4
:10E4300001030202010001010102010304040103BE
:10E440000102010001020103060402F11800027238
:10E450001B0002F1120040463A0220382A06070645
:10E46000010A090E010C010906060108010B090E3B
:10E47000010A0606010F0518011701150114011202
:10E480000810020F060E010D010C010B010A030911
:10E49000010B010D010F01110414010D0606072ED9
:10E4A000013B09480142013C0636013C0142094852
:10E4B000013B062E0136053E01390134012F012AA8
:10E4C0000624012B01320139014006480144014074
:10E4D000013C0138033301320131012F012E042C9C
:10E4E000012D062E07510157095D0166016F06795E
:10E4F00001700167095D0157065101540558015C1F
:10E50000016001650169066E016B016801640161CA
:10E510000E5D015C015B015A0459015506515B62B5
:10E520000809090B010901080605010601080A0B83
:10E530000609010B070F020D120B020907080B0950
:10E54000070201040A08010607050106090801047B
:10E5500006020104050D010B01090108010607046B
:10E560000205010606080106020401030402020373
:10E570000104040501030602070001020904010366
:10E58000010206000202090401020600010206045B
:10E590000103020206010302010306040203020250
:10E5A0001200470006010E0028483E2A26241806BD
:10E5B00004060109010C010F111202110210010FD2
:10E5C000010E010D010C010A0109010807060108ED
:10E5D000010B010E0511071002490132011A012435
:10E5E000012E013805420140013E013C013901374D
:10E5F0000135053201350138013B013E014101443D
:10E600000148014A014C014E015001520754014C8E
:10E610000144013C01340131012E012B0128072462
:10E620000263015A0151015301560158055B01571C
:10E630000153014F014B01470143053E0142014691
:10E64000014B014F01540158065D075E015D015CFD
:10E65000015B015A015E01620166016A076E026296
:10E66000015F015B015A01590158015701560355D9
:10E67000015601570158015A015B015C015E015FBF
:10E6800001600562096316620400010201040106CB
:10E690000B0D0C0B01080105010401030102070029
:10E6A000020201040205010601080109070B04002A
:10E6B0000102010301050B0B0B090108010601040E
:10E6C000010302020300010603000101010201032C
:10E6D0000C040400020201030B040B0301040203F7
:10E6E0000302030001030B00070102F102D335000E
:10E6F000363C421A2A3E260802060108010A010C8D
:10E70000050E020F0810020F070E010C010A010886
:10E710000906010B011007160112010E010A010979
:10E720000108010705060109010C010F0812021A70
:10E7300001250131013C03480141013A0133012C1B
:10E740000624012B0132013901400748013D013106
:10E750000126091A01200126072C0133013A044140
:10E760000542013E0139013508300251015401577B
:10E77000015A035D016001630167016A066E016B66
:10E78000016801640161075D015A01570154095193
:10E79000015301550757015A015D01600166016C83
:10E7A00001720579016B015C014D083E296201612E
:10E7B0000160015F015E015D045B015C015D015E62
:10E7C000015F016011620200010201030105180BE3
:10E7D0000108010401030702020001030106070FFB
:10E7E00001090104080201000102010301050809F1
:10E7F00002000102010301040408020601050704E6
:10E8000002050106070801050103010206000101D6
:10E8100002000102010407090105010303020101CD
:10E8200003000101010001020103010408080200C4
:10E8300001010102010303040203020206010302B3
:10E8400001030704010302020B000D010500010191
:10E850000202080302D3320002F112002A2A1E0229
:10E86000181C0606091A01150110010B010A0109FD
:10E8700001080506010A010F031401120110010E1F
:10E88000010C030A010C010E0111011303160928E2
:10E89000012E0135013B013C013E01400542013B97
:10E8A0000134032C012801240120011C0318011C40
:10E8B000012001240128032C09590161016901711A
:10E8C0000173017501770579016F01640759045AD5
:10E8D0000259015803572762090F01090104030275
:10E8E00001010500010201040709050B020D030FD8
:10E8F000090B0106010403020101050001020103E5
:10E900000705040401050106010803090F011500AC
:10E910000301100002191500000000002A15000074
:10E9200004020000C80200000A030000D403000033
:10E9300096040000360500000A060000F6060000F6
:10E940008A0800003A090000CC090000E80C000029
:10E950003A0E00007210000016110000EE110000C7
:10E96000B41300002A15000080160000B81700003C
:10E9700070190000F61A0000A61C0000361E0000E8
:10E98000961F000020210000BE220000102400007D
:10E9900058250000C4260000020002000204020202
:10E9A0000202020206000402000402000004020641
:10E9B000040206060004040200012F3000010001D9
:10E9C0000A0B16170001040508090001191A0E0F99
:10E9D0003C3D5D5E1E1F4B4C00011F204748232419
:10E9E000292A4C4D474808093132484900011B1C6F
:10E9F0002F3012131415555600011A1B3738000119
:10EA00000203000134351011000028000200040048
:10EA1000040006000A000C000E0010001200140092
:10EA200016001C001C0020002200220026002800E6
:10EA3000280028002C002E00340038003A00400046
:10EA4000460046004A004E00F8B500BFF8BC08BCBE
:10EA50009E467047F8B500BFF8BC08BC9E4670479C
:10EA60004D49000800000000734A00080000000043
:10EA700099450008000000009947000800000000C8
:10EA80000D4100080000000089410008000000005E
:10EA9000FD4100080000000049430008000000009C
:10EAA000B944000800000000FF000000297A0008B7
:10EAB0000000000051B000080000000051B0000844
:10EAC0000000000051B000080000000051B0000834
:10EAD0000000000051B0000800000000C9B00008AC
:10EAE00000000000C9B0000800000000C9B0000824
:10EAF00000000000C9B0000800000000C9B0000814
:10EB000000000000517B000800000000418A00085E
:10EB1000000000006D56000800000000597D00084C
:10EB200000000000597D000800000000597D000829
:10EB300000000000597D000800000000697F000807
:10EB400000000000C56A000800000000BD8C00083D
:10EB500000000000B98E0008000000006580000879
:10EB6000000000003D8100080000000065820008F0
:10EB700000000000D177000800000000DD610008FF
:10EB8000000000005D6C000800000000F56D00084A
:10EB90000000000091880008000000004D8300087C
:10EBA000000000001966000800000000F986000857
:10EBB00000000000717500080000000009570008FF
:10EBC000000000005958000800000000B15A000879
:10EBD0000000000065640008000000006564000893
:10EBE000000000004D70000800000000B171000836
:10EBF000000000001586000800000000D97300081E
:10EC000000000000C567000800000000279200080F
:10EC100000000000959500080000000077920008B1
:10EC200000000000AF94000800000000AD91000853
:10EC3000000000001F930008000000001F93000860
:10EC400000000000F593000800000000F5930008A4
:10EC50000000000039970008000000003997000804
:10EC600000000000399700080000000039970008F4
:10EC70000000000019980008000000001998000822
:10EC80000000000019980008000000001998000812
:10EC90000000000019980008000000001998000802
:10ECA00000000000199800080000000019980008F2
:10ECB00000000000199800080000000019980008E2
:10ECC00000000000199800080000000019980008D2
:10ECD000000000005D98000800000000199800087E
:10ECE00000000000199800080000000019980008B2
:10ECF00000000000199800080000000019980008A2
:10ED00000000000019980008000000001998000891
:10ED10000000000019980008000000001998000881
:10ED20000000000019980008000000001998000871
:10ED30000000000019980008000000001998000861
:10ED40000000000019980008000000001998000851
:10ED50000000000019980008000000001998000841
:10ED60000000000019980008000000001998000831
:10ED70000000000019980008000000001998000821
:10ED80000000000019980008000000001998000811
:10ED90000000000019980008000000001998000801
:10EDA00000000000199800080000000019980008F1
:10EDB00000000000199800080000000019980008E1
:10EDC00000000000199800080000000019980008D1
:10EDD00000000000B0AD01087CE000081A820108C4
:10EDE00078DC00088AF200087CE20008248C010824
:10EDF00080E600082890010886EC00083C9701088E
:10EE000026A70108429D010884EA000876D8000878
:10EE10007ADE00083E9901088EF600082100000005
:0400000508004000AF
:00000001FF
